job_title,company,location,category,salary,experience_years,posted_date
DevOps Engineer,Amazon,Hyderabad,Web Development,860730,3,29-01-2024
AI Engineer,Capgemini,Kolkata,AI,515190,2,24-11-2025
Frontend Developer,Infosys,Kolkata,Cloud,500391,2,26-02-2024
Frontend Developer,HCLTech,Chennai,Software Development,1362898,5,27-08-2024
Data Scientist,Capgemini,Noida,AI,1142682,4,15-10-2024
Python Developer,Capgemini,Remote,Cloud,746026,3,03-05-2024
Software Developer,IBM,Jaipur,Web Development,1502230,5,13-03-2025
DevOps Engineer,Cognizant,Noida,AI,579091,2,23-06-2024
AI Engineer,Capgemini,Remote,Cloud,1233410,5,21-03-2025
Cloud Engineer,Wipro,Hyderabad,Cloud,252888,1,05-02-2025
DevOps Engineer,Amazon,Noida,DevOps,1521745,5,08-03-2024
AI Engineer,Deloitte,Jaipur,Analytics,554024,2,30-11-2024
Data Analyst,Wipro,Pune,Analytics,676316,3,10-03-2025
Cloud Engineer,Amazon,Ahmedabad,AI,514015,2,07-07-2025
Python Developer,HCLTech,Delhi,Cloud,1190626,4,06-07-2025
Business Analyst,Google,Kolkata,Cloud,641415,3,11-12-2025
AI Engineer,Zoho,Bangalore,Data Science,999775,4,26-11-2024
Full Stack Developer,Amazon,Mumbai,Software Development,1294879,5,06-08-2025
Cloud Engineer,Zoho,Gurgaon,AI,1360344,5,27-10-2024
Backend Developer,Zoho,Chennai,Data Science,398943,1,01-04-2025
DevOps Engineer,Deloitte,Ahmedabad,DevOps,424238,2,19-04-2024
Machine Learning Engineer,Microsoft,Mumbai,Analytics,594848,2,10-09-2024
Business Analyst,Amazon,Mumbai,Cloud,1542009,5,07-02-2024
AI Engineer,Capgemini,Mumbai,Cloud,432067,2,17-06-2025
Backend Developer,Google,Gurgaon,Cloud,822415,3,28-07-2025
DevOps Engineer,Accenture,Ahmedabad,Analytics,1229946,5,07-03-2025
Data Analyst,Google,Noida,Analytics,920503,4,09-11-2025
Data Scientist,Zoho,Noida,Software Development,516724,2,07-02-2024
Full Stack Developer,HCLTech,Hyderabad,Data Science,485228,2,12-10-2024
AI Engineer,Zoho,Gurgaon,Web Development,847499,3,18-08-2024
AI Engineer,Capgemini,Delhi,Analytics,285954,1,24-04-2025
Backend Developer,Infosys,Ahmedabad,Web Development,1338654,5,06-04-2024
DevOps Engineer,IBM,Noida,Web Development,1500987,5,09-03-2024
Python Developer,HCLTech,Delhi,Cloud,1152935,4,10-10-2025
Full Stack Developer,Accenture,Ahmedabad,Data Science,1188889,4,26-09-2025
Frontend Developer,HCLTech,Hyderabad,Software Development,920908,4,08-03-2024
Full Stack Developer,Amazon,Pune,Software Development,557647,2,12-05-2025
Data Scientist,TCS,Ahmedabad,Software Development,342391,1,22-10-2025
Cloud Engineer,Zoho,Ahmedabad,Software Development,971932,4,29-10-2024
Data Scientist,Zoho,Gurgaon,DevOps,649735,3,11-05-2025
Cloud Engineer,Zoho,Gurgaon,Cloud,1576017,5,28-09-2024
Data Scientist,Tech Mahindra,Jaipur,Web Development,1419290,5,08-02-2025
Data Analyst,Zoho,Ahmedabad,Analytics,210039,1,26-01-2025
Backend Developer,Infosys,Gurgaon,AI,1532570,5,23-08-2024
Backend Developer,Tech Mahindra,Mumbai,DevOps,367606,1,24-12-2025
Data Analyst,Oracle,Bangalore,DevOps,681945,3,24-04-2024
Backend Developer,Microsoft,Bangalore,Software Development,1025648,4,24-05-2024
Data Analyst,Accenture,Pune,AI,329034,1,22-03-2025
Backend Developer,Oracle,Mumbai,Data Science,740242,3,01-10-2025
Software Developer,Accenture,Gurgaon,Data Science,319905,1,20-09-2025
AI Engineer,Infosys,Bangalore,Analytics,1517963,5,03-02-2024
Full Stack Developer,HCLTech,Pune,Software Development,1057043,4,17-11-2024
Full Stack Developer,Oracle,Chennai,Software Development,1192059,4,08-10-2025
Machine Learning Engineer,Google,Hyderabad,Cloud,251240,1,14-08-2024
Backend Developer,Amazon,Ahmedabad,Data Science,398844,1,17-11-2024
Business Analyst,Deloitte,Gurgaon,Software Development,225992,1,29-10-2025
Business Analyst,TCS,Kolkata,Cloud,1292213,5,08-01-2025
Backend Developer,IBM,Noida,Software Development,1001357,4,14-09-2025
Data Scientist,Amazon,Jaipur,DevOps,1397137,5,13-03-2024
Software Developer,HCLTech,Kolkata,Analytics,867900,3,07-11-2025
Frontend Developer,Cognizant,Chennai,Web Development,1545611,5,16-03-2025
Frontend Developer,Microsoft,Chennai,AI,944858,4,01-05-2025
Data Analyst,Tech Mahindra,Ahmedabad,Data Science,556515,2,19-03-2024
Business Analyst,Wipro,Kolkata,DevOps,869836,3,03-10-2024
Cloud Engineer,TCS,Remote,Data Science,884273,3,01-09-2025
Software Developer,HCLTech,Ahmedabad,Software Development,841997,3,22-02-2024
Python Developer,Zoho,Mumbai,AI,200100,1,27-03-2025
Data Analyst,Oracle,Ahmedabad,Software Development,959190,4,04-07-2025
Backend Developer,Microsoft,Delhi,Cloud,981944,4,05-09-2024
Full Stack Developer,Wipro,Mumbai,AI,1405222,5,23-08-2025
Data Analyst,Accenture,Pune,Cloud,213562,1,05-08-2024
Data Analyst,Infosys,Remote,Web Development,536324,2,02-06-2024
Full Stack Developer,IBM,Jaipur,DevOps,1501931,5,13-03-2025
Machine Learning Engineer,IBM,Pune,AI,1456819,5,22-09-2024
Python Developer,Google,Mumbai,Data Science,459524,2,20-05-2025
Frontend Developer,Amazon,Noida,Cloud,1053244,4,02-01-2024
Software Developer,Cognizant,Jaipur,AI,1463363,5,24-03-2025
Cloud Engineer,Wipro,Jaipur,Cloud,1376211,5,24-03-2025
Backend Developer,Oracle,Pune,Software Development,255267,1,06-05-2025
Full Stack Developer,Oracle,Chennai,Software Development,451984,2,03-07-2025
Software Developer,Wipro,Noida,Web Development,998661,4,17-08-2024
Machine Learning Engineer,Google,Gurgaon,DevOps,679364,3,27-07-2024
Backend Developer,Capgemini,Kolkata,Analytics,331504,1,03-05-2024
Business Analyst,IBM,Ahmedabad,Cloud,502126,2,16-11-2025
Frontend Developer,HCLTech,Delhi,Software Development,815883,3,08-08-2025
Full Stack Developer,TCS,Mumbai,Analytics,386301,1,19-04-2024
Frontend Developer,Wipro,Mumbai,Web Development,704384,3,31-03-2025
Software Developer,Deloitte,Bangalore,Software Development,296516,1,22-09-2024
Full Stack Developer,Deloitte,Noida,AI,286432,1,29-09-2024
Data Scientist,TCS,Jaipur,Data Science,1425550,5,03-07-2025
Data Analyst,Accenture,Kolkata,DevOps,1322730,5,10-12-2025
Data Scientist,Microsoft,Hyderabad,Cloud,953589,4,15-09-2024
AI Engineer,HCLTech,Chennai,Web Development,280284,1,07-09-2024
DevOps Engineer,Cognizant,Kolkata,Analytics,659778,3,10-01-2025
DevOps Engineer,Microsoft,Gurgaon,Web Development,1109809,4,22-01-2025
AI Engineer,Cognizant,Pune,Analytics,1127035,4,01-11-2025
Machine Learning Engineer,Zoho,Gurgaon,Web Development,424108,2,26-11-2024
AI Engineer,TCS,Hyderabad,Analytics,1028584,4,27-04-2025
Data Scientist,Microsoft,Kolkata,Data Science,1368762,5,14-07-2025
Business Analyst,Infosys,Mumbai,AI,552354,2,06-03-2025
Software Developer,IBM,Pune,Software Development,1022831,4,29-06-2024
AI Engineer,Deloitte,Chennai,Web Development,700702,3,06-12-2024
Frontend Developer,Deloitte,Pune,Web Development,207873,1,30-07-2025
Full Stack Developer,HCLTech,Bangalore,Web Development,532788,2,29-12-2025
AI Engineer,Wipro,Noida,Web Development,578706,2,03-04-2025
Software Developer,Deloitte,Delhi,AI,347224,1,25-11-2024
Data Analyst,Google,Hyderabad,Cloud,568707,2,19-02-2024
Frontend Developer,Deloitte,Chennai,Analytics,1009959,4,08-11-2024
Full Stack Developer,Amazon,Chennai,Analytics,1313493,5,06-07-2024
Cloud Engineer,Cognizant,Noida,Analytics,921998,4,12-04-2025
Cloud Engineer,Capgemini,Gurgaon,Web Development,458390,2,13-11-2025
Full Stack Developer,Google,Kolkata,DevOps,1187171,4,06-09-2025
Business Analyst,TCS,Bangalore,Software Development,555383,2,01-10-2025
Machine Learning Engineer,Zoho,Hyderabad,Cloud,1168373,4,14-09-2024
Cloud Engineer,Wipro,Noida,Software Development,937529,4,31-10-2024
Backend Developer,Microsoft,Hyderabad,Analytics,1135177,4,07-02-2024
Python Developer,Microsoft,Noida,AI,1516400,5,19-10-2025
Data Scientist,Cognizant,Hyderabad,Software Development,396328,1,17-04-2025
Python Developer,Zoho,Remote,AI,1243329,5,08-06-2024
DevOps Engineer,Wipro,Bangalore,DevOps,1258706,5,10-11-2025
Data Scientist,Amazon,Hyderabad,Web Development,367160,1,09-04-2024
Frontend Developer,Oracle,Jaipur,Analytics,891324,3,22-11-2024
Full Stack Developer,Amazon,Chennai,Software Development,1313749,5,22-01-2025
Software Developer,Google,Bangalore,Cloud,216753,1,15-06-2025
Backend Developer,Google,Mumbai,AI,557018,2,19-05-2024
AI Engineer,Google,Gurgaon,DevOps,1052209,4,20-02-2024
Python Developer,HCLTech,Gurgaon,Web Development,894838,3,16-09-2025
Backend Developer,Zoho,Remote,Data Science,613377,3,25-09-2025
Frontend Developer,Infosys,Chennai,Cloud,1362469,5,31-07-2024
Cloud Engineer,Deloitte,Chennai,Analytics,525159,2,22-10-2024
Business Analyst,Deloitte,Kolkata,Analytics,1271198,5,08-06-2025
Machine Learning Engineer,Google,Chennai,Web Development,1013207,4,09-01-2025
Business Analyst,Wipro,Delhi,DevOps,857766,3,14-05-2025
DevOps Engineer,TCS,Pune,Cloud,253785,1,25-06-2024
Backend Developer,Accenture,Bangalore,DevOps,487545,2,13-01-2024
Full Stack Developer,HCLTech,Mumbai,Cloud,923246,4,31-07-2025
Machine Learning Engineer,TCS,Gurgaon,Data Science,459223,2,20-04-2024
Data Scientist,TCS,Mumbai,DevOps,980641,4,10-05-2024
Business Analyst,Wipro,Kolkata,Data Science,305371,1,22-05-2024
Full Stack Developer,Oracle,Jaipur,DevOps,793562,3,21-11-2024
DevOps Engineer,Zoho,Remote,DevOps,827146,3,24-01-2024
AI Engineer,TCS,Chennai,Data Science,1579894,5,05-02-2024
AI Engineer,Amazon,Remote,AI,1371236,5,12-02-2024
AI Engineer,Tech Mahindra,Delhi,DevOps,1320357,5,26-06-2024
Frontend Developer,Deloitte,Remote,Web Development,1498215,5,06-04-2025
Cloud Engineer,Infosys,Gurgaon,Data Science,1151908,4,08-12-2024
Cloud Engineer,Deloitte,Hyderabad,Software Development,528081,2,22-03-2025
DevOps Engineer,Cognizant,Hyderabad,DevOps,1467654,5,17-03-2024
Backend Developer,Oracle,Mumbai,Software Development,673191,3,03-11-2024
Machine Learning Engineer,Tech Mahindra,Remote,Analytics,689224,3,28-10-2025
Frontend Developer,Deloitte,Delhi,Software Development,312231,1,07-06-2025
Data Analyst,Google,Remote,DevOps,820726,3,12-01-2025
Data Scientist,Cognizant,Mumbai,Data Science,838658,3,25-11-2024
Business Analyst,Wipro,Bangalore,Web Development,867630,3,05-12-2025
DevOps Engineer,Amazon,Bangalore,Software Development,551589,2,17-07-2024
Backend Developer,Microsoft,Bangalore,DevOps,1127072,4,22-06-2025
AI Engineer,TCS,Bangalore,Cloud,517487,2,25-02-2024
Python Developer,Microsoft,Noida,Web Development,556016,2,01-10-2024
Cloud Engineer,Cognizant,Bangalore,Cloud,605980,3,12-10-2024
Data Analyst,Oracle,Kolkata,Cloud,936390,4,04-11-2024
Cloud Engineer,Zoho,Jaipur,Cloud,679714,3,23-03-2024
Cloud Engineer,Oracle,Bangalore,Cloud,1235528,5,03-01-2024
AI Engineer,Infosys,Noida,Software Development,1574802,5,24-02-2024
Full Stack Developer,Tech Mahindra,Kolkata,AI,341569,1,05-10-2025
Full Stack Developer,IBM,Ahmedabad,Software Development,915458,4,20-11-2025
DevOps Engineer,Amazon,Chennai,Cloud,1218388,5,10-05-2024
Data Scientist,Deloitte,Hyderabad,Analytics,740018,3,31-12-2024
Data Scientist,Cognizant,Ahmedabad,Data Science,1287624,5,07-11-2024
DevOps Engineer,Microsoft,Chennai,AI,448700,2,24-06-2024
AI Engineer,HCLTech,Hyderabad,Web Development,203745,1,13-05-2025
Machine Learning Engineer,Cognizant,Jaipur,Web Development,1458430,5,12-02-2025
Machine Learning Engineer,HCLTech,Jaipur,Analytics,722317,3,12-03-2024
Cloud Engineer,Capgemini,Hyderabad,Software Development,1095726,4,11-01-2025
Backend Developer,TCS,Ahmedabad,Analytics,702636,3,09-10-2024
Cloud Engineer,Cognizant,Pune,Data Science,249744,1,01-03-2024
Python Developer,Google,Hyderabad,Software Development,1243298,5,17-12-2024
Software Developer,Wipro,Jaipur,Software Development,1042070,4,02-01-2025
Frontend Developer,Amazon,Jaipur,Data Science,926720,4,14-03-2024
Frontend Developer,Cognizant,Mumbai,Cloud,383543,1,21-02-2024
Frontend Developer,HCLTech,Pune,Data Science,978033,4,06-09-2024
Full Stack Developer,Cognizant,Noida,Software Development,776802,3,22-05-2024
Python Developer,Amazon,Mumbai,Software Development,1406545,5,13-09-2024
Full Stack Developer,Accenture,Hyderabad,Software Development,1106137,4,05-09-2025
DevOps Engineer,Tech Mahindra,Hyderabad,Data Science,255206,1,10-06-2025
Business Analyst,IBM,Chennai,Cloud,1039234,4,21-03-2025
Software Developer,IBM,Noida,DevOps,291526,1,17-08-2024
Business Analyst,IBM,Kolkata,AI,1299357,5,09-08-2024
Business Analyst,Cognizant,Gurgaon,Analytics,265165,1,24-02-2025
Data Analyst,Wipro,Remote,Software Development,1314286,5,10-08-2025
Cloud Engineer,IBM,Hyderabad,Data Science,1058042,4,28-08-2024
AI Engineer,Microsoft,Gurgaon,Data Science,210618,1,09-02-2025
Cloud Engineer,IBM,Bangalore,Analytics,507878,2,14-05-2025
Python Developer,TCS,Noida,Data Science,545757,2,23-01-2024
Machine Learning Engineer,Oracle,Gurgaon,Software Development,426792,2,25-02-2024
Frontend Developer,Cognizant,Remote,Web Development,920147,4,14-04-2024
Machine Learning Engineer,Tech Mahindra,Hyderabad,Web Development,200017,1,17-02-2025
Full Stack Developer,Deloitte,Remote,Software Development,1073943,4,22-04-2024
DevOps Engineer,Microsoft,Jaipur,Web Development,1066168,4,16-06-2025
Data Analyst,Microsoft,Bangalore,Analytics,1407360,5,14-02-2024
Business Analyst,Amazon,Hyderabad,DevOps,403525,2,19-09-2025
Python Developer,Oracle,Jaipur,Data Science,245908,1,01-12-2024
Software Developer,Microsoft,Chennai,Cloud,678318,3,12-06-2025
Python Developer,TCS,Chennai,Cloud,1271640,5,06-06-2024
Full Stack Developer,Infosys,Pune,Cloud,654039,3,26-10-2025
DevOps Engineer,Deloitte,Noida,Software Development,735298,3,09-04-2025
Data Scientist,Cognizant,Bangalore,Software Development,372960,1,31-07-2024
Data Scientist,IBM,Hyderabad,AI,1209606,5,24-10-2025
Frontend Developer,IBM,Delhi,Analytics,867375,3,25-11-2025
DevOps Engineer,TCS,Gurgaon,Data Science,362763,1,29-10-2024
Data Analyst,Cognizant,Hyderabad,Web Development,385610,1,25-11-2024
Python Developer,Infosys,Jaipur,Web Development,525787,2,24-05-2024
Full Stack Developer,Capgemini,Gurgaon,DevOps,378135,1,31-10-2025
Machine Learning Engineer,Deloitte,Mumbai,Cloud,919738,4,09-05-2025
Machine Learning Engineer,Accenture,Gurgaon,Software Development,430755,2,01-07-2025
Backend Developer,TCS,Kolkata,Data Science,566782,2,12-07-2024
Data Analyst,Tech Mahindra,Delhi,AI,704818,3,05-04-2024
AI Engineer,Capgemini,Jaipur,AI,416585,2,05-12-2025
Python Developer,Microsoft,Kolkata,Software Development,983832,4,21-04-2024
DevOps Engineer,Accenture,Mumbai,Analytics,595523,2,23-02-2025
Cloud Engineer,Accenture,Gurgaon,DevOps,646566,3,23-02-2025
Business Analyst,Tech Mahindra,Noida,Analytics,1593262,5,23-02-2024
Data Scientist,Cognizant,Mumbai,Software Development,1538517,5,03-10-2024
Cloud Engineer,HCLTech,Ahmedabad,Cloud,222799,1,02-10-2025
Cloud Engineer,Accenture,Jaipur,Analytics,1068590,4,28-01-2024
Data Scientist,HCLTech,Chennai,DevOps,728344,3,11-03-2025
Frontend Developer,Tech Mahindra,Jaipur,DevOps,448770,2,24-08-2025
Full Stack Developer,IBM,Noida,Data Science,1166287,4,18-12-2025
Python Developer,HCLTech,Gurgaon,Software Development,1212458,5,29-11-2024
Frontend Developer,Capgemini,Kolkata,DevOps,697102,3,08-02-2025
Backend Developer,Tech Mahindra,Mumbai,Web Development,933833,4,15-11-2024
Full Stack Developer,Wipro,Mumbai,Cloud,796365,3,05-05-2024
Data Analyst,Infosys,Hyderabad,Analytics,1468039,5,18-09-2025
Frontend Developer,Cognizant,Gurgaon,Software Development,984097,4,27-02-2025
AI Engineer,Tech Mahindra,Chennai,DevOps,566455,2,29-03-2024
Software Developer,Accenture,Ahmedabad,Software Development,1399649,5,11-11-2025
Full Stack Developer,Deloitte,Ahmedabad,Software Development,466781,2,11-11-2024
Cloud Engineer,HCLTech,Mumbai,AI,919615,4,31-12-2025
Cloud Engineer,HCLTech,Gurgaon,AI,397425,1,25-12-2024
Business Analyst,Zoho,Chennai,Data Science,642133,3,23-06-2025
Data Scientist,Microsoft,Jaipur,Software Development,1137619,4,12-06-2024
Software Developer,Google,Jaipur,Analytics,1421421,5,18-11-2025
Frontend Developer,Capgemini,Pune,Cloud,556422,2,22-11-2025
Data Analyst,Google,Chennai,Cloud,1053360,4,30-05-2024
Business Analyst,Cognizant,Gurgaon,Software Development,731940,3,11-06-2024
Machine Learning Engineer,Cognizant,Gurgaon,Software Development,571149,2,01-07-2024
Frontend Developer,Google,Pune,Analytics,1179949,4,08-02-2025
Python Developer,Deloitte,Pune,Cloud,940671,4,30-07-2025
AI Engineer,Deloitte,Pune,Analytics,1246036,5,08-02-2024
Business Analyst,Infosys,Chennai,Web Development,334163,1,20-02-2024
Backend Developer,Cognizant,Delhi,Data Science,219431,1,02-01-2025
Full Stack Developer,Capgemini,Jaipur,Cloud,812986,3,30-01-2024
Data Scientist,Microsoft,Pune,Data Science,320067,1,30-10-2025
Cloud Engineer,Cognizant,Ahmedabad,Cloud,405594,2,14-11-2024
Frontend Developer,TCS,Ahmedabad,DevOps,600758,3,30-12-2024
AI Engineer,Google,Ahmedabad,AI,794689,3,03-12-2025
Full Stack Developer,Amazon,Kolkata,AI,558359,2,29-08-2025
Frontend Developer,Infosys,Kolkata,AI,1326877,5,05-02-2025
Full Stack Developer,Microsoft,Pune,AI,451632,2,02-03-2024
DevOps Engineer,Zoho,Pune,Data Science,1451303,5,26-07-2025
Backend Developer,TCS,Remote,Analytics,371658,1,26-06-2024
DevOps Engineer,Accenture,Hyderabad,AI,478084,2,20-01-2025
AI Engineer,Zoho,Delhi,Analytics,1288427,5,05-02-2025
Full Stack Developer,Infosys,Mumbai,DevOps,1120009,4,15-12-2025
Data Scientist,Zoho,Kolkata,AI,1059181,4,02-08-2024
Python Developer,Deloitte,Hyderabad,Software Development,309622,1,26-05-2025
Cloud Engineer,Oracle,Ahmedabad,Analytics,1496039,5,02-08-2024
DevOps Engineer,HCLTech,Remote,Analytics,785937,3,12-03-2025
DevOps Engineer,Capgemini,Kolkata,Software Development,584989,2,02-01-2025
Python Developer,Microsoft,Ahmedabad,AI,329760,1,19-03-2024
Python Developer,Zoho,Gurgaon,Software Development,1225957,5,11-07-2025
Software Developer,Zoho,Jaipur,Software Development,214383,1,30-06-2025
Full Stack Developer,Zoho,Chennai,Analytics,545656,2,27-04-2024
DevOps Engineer,Capgemini,Chennai,DevOps,878581,3,25-04-2024
Frontend Developer,Infosys,Mumbai,Cloud,852099,3,13-08-2024
Business Analyst,Accenture,Ahmedabad,Cloud,1110324,4,15-12-2024
Data Analyst,Infosys,Bangalore,Software Development,246681,1,02-01-2024
Backend Developer,Deloitte,Ahmedabad,Data Science,1115942,4,19-08-2024
Data Scientist,Google,Bangalore,DevOps,922042,4,11-01-2024
Backend Developer,Infosys,Hyderabad,Cloud,1027919,4,16-03-2024
AI Engineer,Infosys,Jaipur,DevOps,733378,3,04-11-2025
DevOps Engineer,Deloitte,Bangalore,Data Science,392221,1,25-01-2024
Software Developer,Capgemini,Kolkata,DevOps,471009,2,05-11-2025
Data Analyst,Infosys,Delhi,DevOps,1598506,5,12-11-2025
Machine Learning Engineer,Google,Noida,AI,432009,2,17-11-2024
Full Stack Developer,Cognizant,Remote,DevOps,1311244,5,01-07-2024
Python Developer,Microsoft,Chennai,Software Development,1240294,5,04-10-2024
Python Developer,Zoho,Delhi,Web Development,978696,4,25-01-2025
Full Stack Developer,Wipro,Remote,Analytics,361961,1,12-11-2024
Business Analyst,Tech Mahindra,Remote,Analytics,456642,2,16-05-2024
Software Developer,TCS,Jaipur,Software Development,495232,2,13-05-2024
Machine Learning Engineer,Infosys,Jaipur,Data Science,1047727,4,25-04-2025
DevOps Engineer,Deloitte,Mumbai,Cloud,456270,2,04-09-2025
Frontend Developer,Cognizant,Gurgaon,Cloud,342675,1,22-11-2024
Backend Developer,Microsoft,Mumbai,Web Development,696945,3,20-01-2024
Frontend Developer,Capgemini,Ahmedabad,AI,709565,3,13-02-2025
Backend Developer,Cognizant,Remote,Web Development,794549,3,16-06-2024
Business Analyst,HCLTech,Delhi,Software Development,247939,1,21-11-2025
Full Stack Developer,IBM,Mumbai,AI,599263,2,11-09-2024
Backend Developer,Infosys,Chennai,Cloud,1495288,5,07-02-2024
Python Developer,Wipro,Kolkata,AI,570618,2,13-11-2024
Business Analyst,Infosys,Gurgaon,Software Development,1085820,4,02-06-2025
Data Scientist,Wipro,Jaipur,Analytics,1115793,4,27-11-2025
Business Analyst,Infosys,Kolkata,Software Development,252677,1,14-11-2024
Business Analyst,Zoho,Hyderabad,Software Development,478857,2,30-01-2025
Machine Learning Engineer,HCLTech,Hyderabad,Analytics,856086,3,10-04-2025
Python Developer,TCS,Mumbai,AI,228051,1,27-08-2025
Full Stack Developer,Google,Delhi,Data Science,470535,2,17-11-2024
Data Analyst,Infosys,Jaipur,AI,418511,2,15-05-2025
Full Stack Developer,Google,Bangalore,Data Science,1543107,5,19-04-2024
Full Stack Developer,TCS,Chennai,Data Science,468937,2,07-11-2024
Backend Developer,Accenture,Bangalore,Data Science,1477849,5,13-05-2025
Cloud Engineer,Microsoft,Pune,DevOps,295146,1,16-04-2024
Python Developer,Oracle,Gurgaon,Web Development,464236,2,25-01-2024
DevOps Engineer,Tech Mahindra,Remote,Cloud,846655,3,22-03-2025
Cloud Engineer,Cognizant,Kolkata,Data Science,1441652,5,13-01-2024
Data Scientist,TCS,Ahmedabad,Data Science,980076,4,16-04-2024
Full Stack Developer,Wipro,Hyderabad,Web Development,1003598,4,05-01-2024
Data Analyst,Oracle,Ahmedabad,Software Development,1239743,5,07-03-2024
Cloud Engineer,Deloitte,Chennai,Software Development,1501341,5,02-03-2024
Software Developer,Oracle,Chennai,Software Development,219601,1,21-09-2024
Cloud Engineer,Oracle,Gurgaon,Software Development,1410068,5,10-01-2025
Data Scientist,Infosys,Remote,Data Science,1323682,5,21-05-2025
Cloud Engineer,IBM,Chennai,Web Development,1055834,4,06-01-2024
Software Developer,Tech Mahindra,Pune,Web Development,1150067,4,18-06-2024
Software Developer,Deloitte,Gurgaon,Cloud,394979,1,02-10-2024
Frontend Developer,Capgemini,Mumbai,Analytics,381595,1,31-10-2025
Cloud Engineer,Deloitte,Pune,Data Science,1106251,4,20-10-2024
Backend Developer,Deloitte,Bangalore,Data Science,847522,3,16-12-2025
Python Developer,Wipro,Remote,AI,588636,2,26-04-2025
Data Analyst,Wipro,Delhi,Web Development,444969,2,13-03-2025
Machine Learning Engineer,Google,Gurgaon,DevOps,680774,3,09-12-2024
AI Engineer,Oracle,Hyderabad,Data Science,1579689,5,09-12-2025
Business Analyst,Wipro,Pune,DevOps,872538,3,16-11-2024
Frontend Developer,Oracle,Pune,Cloud,891854,3,19-12-2025
Data Analyst,Microsoft,Noida,Web Development,1192692,4,10-06-2025
Full Stack Developer,Accenture,Hyderabad,Web Development,257077,1,24-10-2024
Cloud Engineer,IBM,Ahmedabad,DevOps,274821,1,18-09-2024
Backend Developer,IBM,Delhi,Web Development,320506,1,11-02-2024
Python Developer,Microsoft,Kolkata,Web Development,906053,4,10-01-2024
Backend Developer,Zoho,Hyderabad,DevOps,483797,2,21-03-2024
Full Stack Developer,Zoho,Kolkata,Software Development,975634,4,02-03-2024
Backend Developer,Amazon,Pune,AI,351552,1,29-02-2024
Business Analyst,Capgemini,Remote,Software Development,1186717,4,24-01-2025
Business Analyst,IBM,Bangalore,Data Science,1494221,5,23-08-2024
Full Stack Developer,HCLTech,Delhi,Data Science,1538163,5,15-03-2024
AI Engineer,Capgemini,Kolkata,DevOps,1439793,5,08-08-2025
Data Scientist,Cognizant,Jaipur,Web Development,437633,2,13-06-2025
Frontend Developer,Cognizant,Gurgaon,Cloud,1152284,4,21-12-2025
Software Developer,IBM,Hyderabad,AI,1483045,5,27-12-2024
Data Analyst,HCLTech,Delhi,Web Development,350855,1,21-10-2024
Python Developer,HCLTech,Ahmedabad,Software Development,300040,1,04-09-2025
Python Developer,Capgemini,Kolkata,Software Development,721890,3,09-02-2025
Machine Learning Engineer,Microsoft,Hyderabad,Cloud,479042,2,30-06-2024
Machine Learning Engineer,Amazon,Noida,Analytics,1137350,4,22-04-2025
Python Developer,Tech Mahindra,Jaipur,Analytics,551403,2,29-08-2024
Data Scientist,IBM,Pune,Software Development,1146728,4,27-10-2024
DevOps Engineer,Oracle,Bangalore,Cloud,373522,1,30-04-2025
Cloud Engineer,Amazon,Noida,Data Science,815976,3,26-02-2024
Software Developer,Microsoft,Jaipur,Cloud,1431980,5,20-03-2024
Machine Learning Engineer,Zoho,Delhi,DevOps,261092,1,15-10-2025
Data Scientist,Microsoft,Ahmedabad,Data Science,437549,2,16-08-2025
Software Developer,Capgemini,Noida,Cloud,1502134,5,21-12-2024
Cloud Engineer,IBM,Pune,AI,1210343,5,24-01-2024
Data Scientist,Tech Mahindra,Kolkata,Software Development,427266,2,13-11-2024
Business Analyst,Amazon,Hyderabad,DevOps,250089,1,13-01-2024
Machine Learning Engineer,HCLTech,Bangalore,Web Development,874589,3,22-02-2025
Backend Developer,Capgemini,Remote,Cloud,421361,2,05-02-2025
DevOps Engineer,Google,Pune,AI,576230,2,09-09-2025
AI Engineer,TCS,Bangalore,DevOps,251636,1,11-10-2025
Frontend Developer,Accenture,Mumbai,Analytics,855919,3,17-01-2024
Software Developer,Google,Noida,Analytics,1311661,5,26-02-2025
Backend Developer,Capgemini,Pune,Web Development,643993,3,26-12-2024
DevOps Engineer,Cognizant,Bangalore,Software Development,1171537,4,12-08-2024
DevOps Engineer,Accenture,Hyderabad,Data Science,1375285,5,21-11-2024
Full Stack Developer,Accenture,Ahmedabad,Cloud,482456,2,15-06-2024
AI Engineer,Deloitte,Hyderabad,AI,1160681,4,02-06-2024
Business Analyst,Tech Mahindra,Hyderabad,Data Science,1194930,4,17-11-2024
Full Stack Developer,TCS,Noida,Analytics,1115606,4,14-01-2024
Data Scientist,Wipro,Delhi,Cloud,792509,3,09-05-2024
Data Analyst,Infosys,Remote,Analytics,1495234,5,10-10-2024
Cloud Engineer,Accenture,Bangalore,AI,1001452,4,22-08-2024
Software Developer,Oracle,Noida,Analytics,1396081,5,28-10-2025
Data Scientist,Capgemini,Ahmedabad,Cloud,970332,4,03-01-2025
Cloud Engineer,Cognizant,Pune,Analytics,966076,4,27-06-2025
Software Developer,IBM,Noida,Web Development,355549,1,20-09-2025
Backend Developer,Cognizant,Hyderabad,Data Science,239294,1,02-09-2024
Business Analyst,Oracle,Pune,AI,342290,1,12-10-2024
Backend Developer,Zoho,Mumbai,Cloud,909793,4,20-06-2024
Full Stack Developer,Zoho,Pune,AI,758716,3,25-09-2024
Data Analyst,Capgemini,Chennai,Data Science,569941,2,19-05-2025
DevOps Engineer,Tech Mahindra,Noida,Cloud,933432,4,11-04-2025
Data Analyst,Microsoft,Chennai,Data Science,1491080,5,15-08-2025
AI Engineer,IBM,Mumbai,AI,1460350,5,24-09-2024
Cloud Engineer,Tech Mahindra,Delhi,AI,246348,1,06-03-2024
Full Stack Developer,IBM,Pune,Web Development,1115241,4,24-01-2024
Frontend Developer,Google,Noida,Cloud,406570,2,14-10-2024
Data Scientist,Deloitte,Pune,Data Science,373954,1,26-09-2025
Business Analyst,HCLTech,Bangalore,AI,633180,3,27-08-2025
Frontend Developer,Zoho,Ahmedabad,DevOps,1500097,5,25-10-2024
Cloud Engineer,HCLTech,Mumbai,DevOps,792538,3,03-03-2025
Data Analyst,Deloitte,Delhi,Web Development,561195,2,08-02-2025
Frontend Developer,Cognizant,Jaipur,Web Development,524266,2,17-05-2025
Data Analyst,Infosys,Jaipur,Cloud,1060178,4,10-09-2025
Full Stack Developer,Microsoft,Remote,Analytics,1042726,4,07-09-2025
Business Analyst,Google,Hyderabad,DevOps,688760,3,21-06-2025
Data Analyst,Cognizant,Jaipur,Web Development,626321,3,01-09-2024
Backend Developer,TCS,Chennai,Software Development,1443522,5,26-06-2025
Cloud Engineer,Tech Mahindra,Kolkata,DevOps,462010,2,10-08-2025
Frontend Developer,Google,Bangalore,Cloud,688556,3,06-09-2024
Machine Learning Engineer,TCS,Jaipur,AI,1165128,4,04-04-2024
Cloud Engineer,Accenture,Gurgaon,Software Development,251145,1,01-01-2024
Data Scientist,Zoho,Bangalore,Web Development,375596,1,13-01-2025
Business Analyst,Accenture,Hyderabad,DevOps,1472674,5,26-02-2025
Software Developer,Infosys,Ahmedabad,Web Development,1040082,4,17-11-2024
DevOps Engineer,Wipro,Bangalore,DevOps,1127440,4,28-10-2025
Python Developer,TCS,Hyderabad,Analytics,339736,1,05-03-2025
Data Analyst,Google,Hyderabad,DevOps,1149575,4,26-10-2025
AI Engineer,IBM,Jaipur,Analytics,633881,3,07-11-2024
Cloud Engineer,Deloitte,Delhi,Analytics,869458,3,03-09-2025
Machine Learning Engineer,HCLTech,Hyderabad,Data Science,1353107,5,29-11-2024
Python Developer,Deloitte,Hyderabad,DevOps,338900,1,07-03-2025
Cloud Engineer,Amazon,Ahmedabad,Data Science,459459,2,11-11-2025
Business Analyst,Microsoft,Hyderabad,AI,1510797,5,24-05-2025
AI Engineer,Tech Mahindra,Chennai,Web Development,1556106,5,11-07-2025
Cloud Engineer,Tech Mahindra,Remote,AI,277239,1,09-01-2024
DevOps Engineer,Accenture,Hyderabad,Web Development,1453179,5,17-01-2024
Machine Learning Engineer,Amazon,Remote,DevOps,686946,3,26-06-2024
Cloud Engineer,IBM,Gurgaon,Analytics,921061,4,20-01-2025
Backend Developer,Google,Jaipur,AI,203112,1,13-12-2025
Cloud Engineer,Deloitte,Jaipur,Analytics,277485,1,01-11-2024
Machine Learning Engineer,Zoho,Pune,AI,277008,1,22-07-2025
AI Engineer,TCS,Ahmedabad,AI,673361,3,06-07-2024
Data Scientist,Deloitte,Ahmedabad,Cloud,1086752,4,01-11-2024
Frontend Developer,Google,Kolkata,Web Development,470296,2,15-01-2024
DevOps Engineer,Oracle,Gurgaon,Software Development,520756,2,26-11-2024
AI Engineer,Amazon,Gurgaon,Cloud,452981,2,11-12-2025
Machine Learning Engineer,IBM,Noida,Web Development,846387,3,20-04-2025
Data Analyst,Amazon,Hyderabad,AI,746882,3,13-01-2025
Data Analyst,Amazon,Noida,Analytics,1405653,5,02-10-2025
Machine Learning Engineer,Cognizant,Ahmedabad,Data Science,536494,2,08-05-2024
Machine Learning Engineer,Infosys,Gurgaon,Data Science,1582637,5,23-03-2024
Backend Developer,Wipro,Mumbai,Analytics,651796,3,13-08-2024
Business Analyst,Accenture,Mumbai,Software Development,1064153,4,03-04-2024
Full Stack Developer,Zoho,Jaipur,Data Science,933837,4,10-08-2025
AI Engineer,Capgemini,Pune,AI,1392048,5,03-04-2024
AI Engineer,Wipro,Gurgaon,DevOps,208476,1,06-05-2024
AI Engineer,IBM,Delhi,AI,814886,3,29-04-2025
Software Developer,Wipro,Remote,Analytics,226965,1,04-05-2024
Python Developer,HCLTech,Jaipur,Cloud,1454848,5,09-04-2024
Software Developer,Infosys,Chennai,DevOps,1432027,5,29-11-2024
Data Scientist,Deloitte,Jaipur,Web Development,1546345,5,11-06-2025
Data Scientist,TCS,Gurgaon,AI,552916,2,05-01-2024
Python Developer,Microsoft,Kolkata,Software Development,1323140,5,22-03-2024
Full Stack Developer,Infosys,Jaipur,Data Science,467714,2,04-04-2025
Python Developer,TCS,Noida,Cloud,724306,3,28-03-2025
Full Stack Developer,TCS,Bangalore,Analytics,573492,2,18-08-2024
Cloud Engineer,Microsoft,Gurgaon,Software Development,1460418,5,26-12-2024
AI Engineer,Microsoft,Ahmedabad,DevOps,882946,3,31-08-2025
Cloud Engineer,Deloitte,Kolkata,Cloud,1258008,5,01-05-2025
Machine Learning Engineer,Infosys,Remote,Cloud,716358,3,19-06-2024
Data Analyst,HCLTech,Hyderabad,Web Development,676869,3,30-03-2024
Business Analyst,Zoho,Kolkata,DevOps,1001738,4,03-09-2024
AI Engineer,Tech Mahindra,Gurgaon,Cloud,809009,3,17-05-2024
Python Developer,Tech Mahindra,Mumbai,Web Development,1404868,5,25-11-2024
Business Analyst,Deloitte,Kolkata,AI,1232558,5,13-02-2024
Full Stack Developer,Amazon,Gurgaon,Software Development,1062538,4,26-07-2025
Data Analyst,Amazon,Mumbai,Web Development,900362,4,14-03-2024
Frontend Developer,Microsoft,Pune,Data Science,583992,2,30-07-2024
Data Scientist,Wipro,Remote,Cloud,880165,3,14-01-2024
Data Scientist,Accenture,Ahmedabad,AI,503922,2,12-03-2025
Machine Learning Engineer,Deloitte,Delhi,Data Science,1141630,4,19-12-2024
Frontend Developer,Capgemini,Bangalore,Software Development,401583,2,19-02-2025
AI Engineer,Deloitte,Bangalore,Cloud,1555007,5,10-12-2025
Data Scientist,Zoho,Jaipur,Web Development,973782,4,01-12-2024
Business Analyst,Oracle,Chennai,Analytics,677163,3,15-07-2024
Full Stack Developer,IBM,Jaipur,Data Science,1488802,5,03-09-2024
Frontend Developer,HCLTech,Pune,DevOps,708233,3,12-03-2025
Backend Developer,TCS,Jaipur,Cloud,340567,1,01-11-2025
Frontend Developer,Tech Mahindra,Noida,Web Development,964551,4,11-11-2025
DevOps Engineer,TCS,Mumbai,AI,1223693,5,10-05-2025
Full Stack Developer,Microsoft,Delhi,Web Development,1552721,5,14-06-2024
Software Developer,Google,Delhi,AI,685837,3,03-09-2024
Cloud Engineer,Google,Remote,Web Development,1426840,5,22-11-2025
Backend Developer,Amazon,Chennai,DevOps,224172,1,19-12-2025
DevOps Engineer,TCS,Jaipur,Software Development,1285837,5,21-05-2024
Data Analyst,Oracle,Mumbai,DevOps,254898,1,06-03-2024
Machine Learning Engineer,TCS,Remote,Analytics,1559109,5,18-10-2025
Full Stack Developer,TCS,Noida,Web Development,1293669,5,14-02-2024
DevOps Engineer,Deloitte,Delhi,Data Science,1372349,5,13-11-2025
Data Analyst,Capgemini,Kolkata,Web Development,1530976,5,30-09-2024
Backend Developer,Tech Mahindra,Pune,Web Development,1529736,5,27-08-2024
Data Analyst,Accenture,Mumbai,DevOps,571348,2,27-07-2024
Cloud Engineer,Google,Noida,Data Science,1505984,5,31-07-2025
Software Developer,TCS,Pune,Analytics,1074620,4,14-07-2025
Cloud Engineer,Amazon,Jaipur,Cloud,1294704,5,27-01-2025
Python Developer,HCLTech,Hyderabad,DevOps,566034,2,08-01-2025
Software Developer,Oracle,Remote,Data Science,1444768,5,26-01-2024
Frontend Developer,Cognizant,Noida,Software Development,1423039,5,01-01-2026
AI Engineer,Accenture,Hyderabad,Web Development,1180959,4,26-05-2024
Business Analyst,Accenture,Pune,Web Development,267670,1,09-06-2024
Python Developer,Tech Mahindra,Gurgaon,Data Science,1003160,4,22-05-2025
Software Developer,Zoho,Delhi,Software Development,953180,4,26-01-2025
Python Developer,TCS,Kolkata,Analytics,476404,2,03-09-2024
Frontend Developer,Deloitte,Mumbai,Web Development,891069,3,17-01-2024
Data Analyst,Capgemini,Ahmedabad,Web Development,287035,1,02-09-2025
Frontend Developer,Zoho,Gurgaon,Data Science,459598,2,29-08-2025
Full Stack Developer,Wipro,Mumbai,AI,1046604,4,05-07-2025
Data Scientist,Zoho,Noida,Analytics,799411,3,29-05-2025
Data Analyst,Capgemini,Chennai,Analytics,1353785,5,13-05-2025
Full Stack Developer,Google,Hyderabad,Web Development,397976,1,04-07-2024
Data Scientist,Tech Mahindra,Gurgaon,Data Science,1513978,5,30-03-2024
Data Analyst,Microsoft,Ahmedabad,Web Development,282781,1,27-10-2025
Business Analyst,HCLTech,Kolkata,Web Development,449406,2,23-08-2024
Software Developer,Capgemini,Bangalore,Web Development,939840,4,13-05-2024
AI Engineer,Deloitte,Pune,DevOps,408822,2,15-06-2024
Software Developer,Tech Mahindra,Chennai,Cloud,749847,3,07-06-2024
DevOps Engineer,Zoho,Delhi,AI,468845,2,10-08-2025
Full Stack Developer,Infosys,Chennai,AI,880732,3,14-11-2024
Data Analyst,Accenture,Delhi,Analytics,558303,2,25-07-2024
Backend Developer,Tech Mahindra,Kolkata,Cloud,224778,1,14-05-2025
Machine Learning Engineer,Microsoft,Ahmedabad,AI,667722,3,05-08-2025
Data Scientist,Google,Ahmedabad,DevOps,1064853,4,22-03-2024
Cloud Engineer,Google,Chennai,Analytics,945983,4,22-06-2025
Frontend Developer,Infosys,Bangalore,Web Development,1494176,5,22-05-2024
Data Analyst,HCLTech,Bangalore,Data Science,1449236,5,28-04-2024
Software Developer,Infosys,Hyderabad,Web Development,358145,1,29-03-2024
AI Engineer,Wipro,Noida,DevOps,1355579,5,20-03-2024
Machine Learning Engineer,Google,Mumbai,Data Science,566008,2,28-12-2025
DevOps Engineer,Deloitte,Chennai,Analytics,225937,1,07-02-2025
DevOps Engineer,Tech Mahindra,Ahmedabad,Web Development,600231,3,30-06-2025
Full Stack Developer,TCS,Gurgaon,AI,817071,3,05-12-2024
Backend Developer,Accenture,Kolkata,DevOps,1208264,5,02-06-2025
AI Engineer,Wipro,Delhi,Software Development,1396926,5,17-08-2024
Data Scientist,Tech Mahindra,Chennai,Web Development,1066826,4,11-05-2024
Cloud Engineer,Accenture,Mumbai,Analytics,1424137,5,21-04-2024
Cloud Engineer,Deloitte,Noida,Cloud,298241,1,13-07-2025
Data Scientist,Oracle,Gurgaon,Cloud,1547473,5,24-09-2024
DevOps Engineer,Microsoft,Bangalore,Web Development,1139149,4,28-02-2024
Data Scientist,Wipro,Pune,Web Development,627681,3,22-10-2025
Full Stack Developer,Tech Mahindra,Remote,Cloud,1200751,5,10-05-2025
Machine Learning Engineer,Cognizant,Bangalore,Web Development,1196939,4,28-11-2024
DevOps Engineer,Microsoft,Hyderabad,Web Development,1369458,5,01-04-2025
Business Analyst,Capgemini,Bangalore,DevOps,1355932,5,17-09-2025
Backend Developer,Microsoft,Ahmedabad,Analytics,1531795,5,22-05-2024
DevOps Engineer,Wipro,Gurgaon,DevOps,359980,1,31-07-2025
AI Engineer,Infosys,Mumbai,Software Development,553569,2,27-05-2025
Business Analyst,IBM,Remote,Analytics,756289,3,07-12-2024
Cloud Engineer,HCLTech,Kolkata,AI,963219,4,09-03-2025
Data Scientist,Amazon,Bangalore,Web Development,583110,2,10-05-2024
Full Stack Developer,Google,Mumbai,Cloud,678139,3,14-02-2025
Frontend Developer,IBM,Gurgaon,DevOps,249867,1,21-11-2024
AI Engineer,Capgemini,Remote,Cloud,282917,1,09-05-2024
Backend Developer,Oracle,Jaipur,Software Development,255971,1,11-04-2025
DevOps Engineer,Accenture,Remote,DevOps,555127,2,22-04-2024
Backend Developer,Tech Mahindra,Chennai,Web Development,1148242,4,21-11-2025
AI Engineer,Amazon,Chennai,Web Development,1292020,5,20-03-2025
Backend Developer,IBM,Pune,Analytics,708392,3,06-12-2024
Full Stack Developer,TCS,Noida,DevOps,303208,1,07-06-2025
DevOps Engineer,IBM,Pune,Data Science,921803,4,28-09-2024
Backend Developer,Amazon,Gurgaon,Analytics,1132054,4,05-04-2024
Python Developer,Capgemini,Kolkata,Data Science,1347429,5,05-07-2025
DevOps Engineer,Deloitte,Jaipur,Cloud,496755,2,19-06-2025
Software Developer,Accenture,Mumbai,Analytics,240038,1,29-05-2024
Python Developer,Amazon,Kolkata,Software Development,722957,3,11-06-2025
Machine Learning Engineer,Amazon,Ahmedabad,Cloud,288669,1,27-12-2024
Cloud Engineer,Capgemini,Remote,DevOps,844309,3,30-09-2025
DevOps Engineer,Deloitte,Noida,Web Development,492373,2,04-01-2024
Data Scientist,HCLTech,Gurgaon,Data Science,228715,1,30-10-2025
AI Engineer,Accenture,Remote,AI,1178852,4,30-12-2024
Python Developer,HCLTech,Chennai,Data Science,422849,2,19-10-2024
Full Stack Developer,TCS,Gurgaon,Software Development,1322194,5,16-10-2025
Data Analyst,Capgemini,Kolkata,Data Science,969191,4,05-04-2025
Frontend Developer,Wipro,Gurgaon,Web Development,822675,3,07-05-2025
Data Scientist,Google,Chennai,Cloud,337781,1,07-11-2025
AI Engineer,HCLTech,Noida,DevOps,373231,1,22-07-2025
Python Developer,Infosys,Pune,Web Development,902906,4,13-01-2024
Cloud Engineer,Wipro,Gurgaon,Data Science,217910,1,18-03-2025
Frontend Developer,Tech Mahindra,Noida,AI,599693,2,03-06-2024
Cloud Engineer,HCLTech,Ahmedabad,Analytics,429497,2,24-10-2025
Backend Developer,HCLTech,Bangalore,Analytics,1375480,5,17-09-2024
Backend Developer,Wipro,Noida,DevOps,671497,3,26-12-2025
Frontend Developer,Deloitte,Ahmedabad,Software Development,743065,3,11-10-2024
AI Engineer,Amazon,Mumbai,AI,256239,1,25-07-2024
AI Engineer,Deloitte,Pune,AI,365596,1,25-10-2024
Data Analyst,Oracle,Ahmedabad,Data Science,734359,3,06-11-2024
Frontend Developer,Infosys,Kolkata,Analytics,867723,3,05-11-2025
Data Scientist,Tech Mahindra,Chennai,Web Development,772843,3,08-12-2025
Backend Developer,Deloitte,Jaipur,Data Science,235329,1,16-04-2025
Machine Learning Engineer,TCS,Chennai,AI,279707,1,18-02-2024
Cloud Engineer,Accenture,Kolkata,Cloud,880722,3,05-04-2025
Frontend Developer,TCS,Pune,Cloud,552077,2,19-06-2024
Python Developer,Cognizant,Bangalore,Web Development,956775,4,02-04-2024
Backend Developer,HCLTech,Mumbai,Cloud,1115609,4,16-05-2024
Full Stack Developer,Infosys,Jaipur,Web Development,1313744,5,17-12-2024
Software Developer,TCS,Delhi,Software Development,454181,2,10-12-2024
Software Developer,Infosys,Gurgaon,Web Development,589993,2,28-03-2024
Python Developer,TCS,Jaipur,Software Development,1392129,5,26-06-2024
Full Stack Developer,TCS,Hyderabad,AI,276334,1,02-01-2025
Cloud Engineer,Capgemini,Chennai,Data Science,848760,3,17-08-2024
AI Engineer,IBM,Gurgaon,Cloud,724197,3,09-10-2025
Backend Developer,HCLTech,Remote,Cloud,1153973,4,10-11-2024
Cloud Engineer,Zoho,Kolkata,Data Science,604309,3,14-12-2024
Cloud Engineer,Infosys,Gurgaon,Cloud,384118,1,25-01-2024
AI Engineer,Amazon,Chennai,Web Development,286046,1,06-08-2025
AI Engineer,Wipro,Pune,Cloud,359480,1,06-05-2024
Full Stack Developer,Wipro,Kolkata,AI,711533,3,21-08-2024
Cloud Engineer,Capgemini,Hyderabad,AI,288428,1,15-07-2024
Machine Learning Engineer,Infosys,Noida,Software Development,1096212,4,23-06-2025
Data Scientist,Accenture,Gurgaon,Cloud,1014840,4,24-02-2025
DevOps Engineer,Wipro,Chennai,DevOps,1041008,4,17-03-2025
Data Analyst,Cognizant,Delhi,Data Science,355513,1,04-07-2025
Business Analyst,Deloitte,Pune,Data Science,1307563,5,01-07-2025
Data Analyst,Tech Mahindra,Jaipur,Software Development,1444023,5,05-05-2024
Frontend Developer,Zoho,Delhi,Data Science,1191220,4,18-12-2025
Full Stack Developer,Tech Mahindra,Kolkata,Cloud,943033,4,06-04-2024
Machine Learning Engineer,Wipro,Jaipur,DevOps,858766,3,11-09-2025
AI Engineer,Google,Gurgaon,Software Development,1431366,5,01-09-2024
Data Scientist,Infosys,Hyderabad,DevOps,202081,1,09-04-2025
Business Analyst,Deloitte,Remote,Web Development,1134461,4,11-12-2024
Full Stack Developer,Microsoft,Ahmedabad,Software Development,577031,2,07-05-2025
Data Scientist,TCS,Hyderabad,AI,1339896,5,23-12-2025
Machine Learning Engineer,Tech Mahindra,Jaipur,Data Science,560493,2,24-09-2025
Frontend Developer,HCLTech,Pune,Data Science,1551578,5,13-06-2025
DevOps Engineer,Microsoft,Gurgaon,AI,601744,3,06-11-2024
Software Developer,Accenture,Jaipur,Cloud,1536075,5,10-06-2025
Cloud Engineer,TCS,Hyderabad,Analytics,261800,1,27-09-2025
DevOps Engineer,Wipro,Bangalore,Web Development,302701,1,26-02-2024
Data Analyst,Accenture,Mumbai,DevOps,631066,3,18-08-2024
Full Stack Developer,Infosys,Hyderabad,Analytics,1379195,5,25-05-2024
DevOps Engineer,Tech Mahindra,Mumbai,Cloud,298494,1,09-08-2024
Full Stack Developer,TCS,Remote,Software Development,770781,3,16-04-2024
Data Scientist,Accenture,Bangalore,Data Science,954412,4,15-08-2025
Software Developer,Capgemini,Delhi,Cloud,1192722,4,06-03-2025
Data Analyst,HCLTech,Mumbai,Web Development,387533,1,30-08-2024
Backend Developer,Zoho,Ahmedabad,Data Science,501253,2,15-12-2025
Frontend Developer,Cognizant,Mumbai,Analytics,425318,2,30-11-2024
AI Engineer,IBM,Delhi,Analytics,433467,2,07-12-2024
AI Engineer,Capgemini,Kolkata,Software Development,774854,3,30-11-2025
Full Stack Developer,Amazon,Kolkata,Cloud,315220,1,31-12-2025
Frontend Developer,Deloitte,Hyderabad,AI,1079249,4,05-09-2025
Data Analyst,Infosys,Jaipur,Data Science,1422335,5,28-04-2024
DevOps Engineer,Amazon,Hyderabad,Software Development,526399,2,06-09-2025
AI Engineer,Amazon,Mumbai,Cloud,1231636,5,20-07-2025
Python Developer,Tech Mahindra,Remote,AI,626867,3,23-08-2024
Machine Learning Engineer,Accenture,Hyderabad,DevOps,1482807,5,03-01-2024
AI Engineer,Cognizant,Hyderabad,Analytics,868137,3,17-05-2024
DevOps Engineer,Zoho,Pune,AI,970228,4,01-07-2025
Machine Learning Engineer,Tech Mahindra,Jaipur,Web Development,419513,2,09-08-2025
Software Developer,Cognizant,Hyderabad,Web Development,720316,3,12-02-2025
Backend Developer,Wipro,Bangalore,Web Development,741496,3,13-08-2024
Cloud Engineer,Capgemini,Noida,Data Science,306493,1,03-09-2025
Data Scientist,TCS,Ahmedabad,DevOps,685561,3,25-04-2025
AI Engineer,Accenture,Chennai,Web Development,993559,4,10-05-2025
Backend Developer,Zoho,Bangalore,AI,586182,2,30-07-2025
Machine Learning Engineer,Capgemini,Pune,Cloud,249372,1,19-10-2025
Data Analyst,Wipro,Chennai,DevOps,547245,2,22-12-2025
Full Stack Developer,Oracle,Remote,AI,511309,2,24-02-2024
DevOps Engineer,HCLTech,Delhi,Web Development,579037,2,01-04-2025
Business Analyst,Deloitte,Jaipur,Analytics,505148,2,08-01-2024
Backend Developer,Amazon,Hyderabad,Data Science,1349697,5,15-07-2024
Data Analyst,Zoho,Remote,Cloud,270463,1,25-11-2024
AI Engineer,Amazon,Mumbai,Analytics,1513134,5,02-02-2024
DevOps Engineer,Accenture,Delhi,Data Science,699459,3,16-05-2025
Data Analyst,IBM,Mumbai,AI,827839,3,21-09-2024
Frontend Developer,HCLTech,Pune,Data Science,1338440,5,03-01-2024
Python Developer,Oracle,Gurgaon,AI,1499319,5,16-10-2025
DevOps Engineer,Deloitte,Delhi,Web Development,475461,2,30-06-2024
Machine Learning Engineer,Amazon,Hyderabad,DevOps,346842,1,19-10-2024
Data Scientist,TCS,Ahmedabad,AI,600397,3,08-12-2025
Backend Developer,TCS,Pune,Cloud,926129,4,16-07-2025
Cloud Engineer,Capgemini,Delhi,Analytics,548582,2,03-12-2025
Data Analyst,HCLTech,Hyderabad,Web Development,543115,2,29-03-2025
Python Developer,Wipro,Bangalore,Data Science,680398,3,19-03-2025
AI Engineer,Cognizant,Noida,Data Science,448318,2,24-01-2024
Frontend Developer,Zoho,Gurgaon,Web Development,1269157,5,22-11-2025
Frontend Developer,Google,Hyderabad,Web Development,1135574,4,25-02-2024
Backend Developer,Microsoft,Noida,Cloud,1107814,4,29-01-2025
AI Engineer,TCS,Noida,DevOps,605267,3,06-07-2024
Machine Learning Engineer,Tech Mahindra,Pune,AI,1004683,4,17-10-2024
Frontend Developer,HCLTech,Bangalore,Data Science,1282313,5,03-06-2025
Python Developer,Microsoft,Remote,Web Development,1524409,5,07-05-2025
DevOps Engineer,Google,Remote,AI,286711,1,11-03-2024
Python Developer,Infosys,Pune,DevOps,361405,1,21-03-2025
Frontend Developer,Tech Mahindra,Ahmedabad,DevOps,956476,4,22-02-2025
Cloud Engineer,IBM,Delhi,Cloud,1216009,5,07-11-2024
Business Analyst,Infosys,Gurgaon,Software Development,289208,1,31-12-2025
Data Scientist,HCLTech,Remote,Cloud,778955,3,23-02-2024
Data Analyst,Deloitte,Chennai,Cloud,1277550,5,12-03-2024
AI Engineer,Tech Mahindra,Bangalore,DevOps,631620,3,08-02-2024
AI Engineer,Zoho,Pune,Analytics,864749,3,21-12-2025
Full Stack Developer,Oracle,Bangalore,Data Science,1592933,5,30-01-2024
Backend Developer,IBM,Bangalore,Data Science,831492,3,19-10-2025
Data Analyst,IBM,Jaipur,Web Development,224537,1,12-04-2025
AI Engineer,Deloitte,Noida,Analytics,839789,3,30-11-2025
Software Developer,Accenture,Remote,Software Development,712097,3,16-04-2024
Frontend Developer,Infosys,Bangalore,Data Science,215434,1,20-12-2024
Data Scientist,TCS,Noida,DevOps,213319,1,28-12-2024
Python Developer,Google,Gurgaon,Software Development,679659,3,22-07-2024
Backend Developer,TCS,Bangalore,AI,241319,1,10-06-2025
Business Analyst,Wipro,Remote,Cloud,994741,4,09-08-2024
Backend Developer,Deloitte,Kolkata,Software Development,282103,1,11-08-2025
DevOps Engineer,Cognizant,Hyderabad,Software Development,361699,1,22-04-2024
Python Developer,TCS,Bangalore,DevOps,574700,2,14-02-2024
DevOps Engineer,Cognizant,Mumbai,Web Development,1017958,4,26-08-2024
Machine Learning Engineer,Google,Mumbai,Web Development,1456482,5,18-04-2024
Machine Learning Engineer,IBM,Mumbai,Analytics,899072,3,11-09-2025
Business Analyst,HCLTech,Hyderabad,Software Development,451804,2,21-07-2025
Machine Learning Engineer,Oracle,Jaipur,Analytics,322515,1,20-10-2025
AI Engineer,Cognizant,Ahmedabad,Software Development,1146036,4,26-12-2024
Frontend Developer,Google,Jaipur,AI,437094,2,18-08-2025
Cloud Engineer,Deloitte,Remote,DevOps,675647,3,20-04-2025
Business Analyst,Wipro,Kolkata,AI,1192516,4,03-06-2025
DevOps Engineer,Deloitte,Mumbai,AI,998007,4,26-10-2025
Frontend Developer,Deloitte,Chennai,Software Development,907528,4,05-11-2025
Frontend Developer,HCLTech,Ahmedabad,Cloud,1067521,4,11-09-2025
Python Developer,Oracle,Hyderabad,AI,910064,4,13-01-2024
Data Analyst,Oracle,Delhi,Cloud,1349957,5,03-08-2025
Frontend Developer,IBM,Pune,Software Development,1023760,4,13-12-2024
Data Scientist,Capgemini,Kolkata,Software Development,247632,1,15-04-2025
Backend Developer,Amazon,Gurgaon,Analytics,772035,3,08-05-2025
AI Engineer,Google,Chennai,Software Development,1465170,5,21-12-2025
Business Analyst,Tech Mahindra,Kolkata,Analytics,1160672,4,13-06-2024
Full Stack Developer,Oracle,Pune,AI,880788,3,31-08-2025
Backend Developer,Accenture,Hyderabad,Web Development,964061,4,21-04-2024
Cloud Engineer,Deloitte,Hyderabad,Software Development,646939,3,16-03-2025
Frontend Developer,Microsoft,Noida,Analytics,317828,1,18-02-2024
Data Scientist,Cognizant,Kolkata,Data Science,1464195,5,20-06-2025
Data Analyst,Amazon,Chennai,AI,528765,2,16-05-2025
Business Analyst,Accenture,Kolkata,Analytics,500559,2,16-10-2025
AI Engineer,TCS,Bangalore,Data Science,767383,3,18-09-2024
Full Stack Developer,Amazon,Kolkata,Web Development,362322,1,13-06-2025
Cloud Engineer,HCLTech,Kolkata,Analytics,1141913,4,27-10-2024
Full Stack Developer,IBM,Gurgaon,Cloud,731292,3,17-05-2025
Python Developer,Infosys,Pune,Analytics,588912,2,28-04-2025
Machine Learning Engineer,IBM,Hyderabad,AI,1409520,5,14-09-2024
Software Developer,Cognizant,Ahmedabad,AI,357737,1,20-01-2025
Data Scientist,Cognizant,Pune,AI,1010151,4,06-12-2025
Data Scientist,Deloitte,Mumbai,Software Development,678502,3,15-05-2025
Data Analyst,Microsoft,Kolkata,Web Development,1465309,5,22-02-2024
Full Stack Developer,Infosys,Noida,DevOps,330394,1,12-08-2025
Data Scientist,Wipro,Kolkata,Data Science,1057682,4,24-05-2024
Data Scientist,Deloitte,Mumbai,Cloud,203597,1,22-11-2025
Backend Developer,Infosys,Gurgaon,Web Development,316455,1,13-11-2025
Frontend Developer,Tech Mahindra,Ahmedabad,Cloud,1487535,5,29-03-2024
Python Developer,Cognizant,Noida,Software Development,491962,2,19-09-2024
Full Stack Developer,Deloitte,Ahmedabad,AI,940415,4,29-11-2025
Business Analyst,Capgemini,Jaipur,Software Development,1307234,5,24-03-2025
Python Developer,Capgemini,Mumbai,Data Science,1236325,5,16-08-2024
Data Analyst,Accenture,Remote,Software Development,1010940,4,23-12-2024
Cloud Engineer,Microsoft,Jaipur,Cloud,1465325,5,17-11-2024
Business Analyst,Capgemini,Bangalore,DevOps,1091228,4,24-05-2025
Backend Developer,Accenture,Hyderabad,Web Development,213232,1,22-04-2024
Machine Learning Engineer,Cognizant,Bangalore,Cloud,1467963,5,29-01-2024
Software Developer,Microsoft,Kolkata,DevOps,1135898,4,30-05-2024
Machine Learning Engineer,Tech Mahindra,Kolkata,Web Development,925171,4,09-10-2024
Software Developer,Accenture,Noida,Software Development,448809,2,13-08-2024
Backend Developer,HCLTech,Kolkata,Analytics,1346113,5,14-01-2024
Machine Learning Engineer,Accenture,Pune,DevOps,545898,2,06-03-2024
Machine Learning Engineer,Infosys,Hyderabad,Software Development,1259803,5,27-01-2025
Data Analyst,Tech Mahindra,Mumbai,Data Science,838235,3,08-08-2024
Machine Learning Engineer,TCS,Delhi,DevOps,269648,1,06-07-2024
Data Scientist,Microsoft,Kolkata,Analytics,1037222,4,29-06-2025
Frontend Developer,Google,Gurgaon,AI,1088318,4,21-03-2024
Backend Developer,Cognizant,Pune,Cloud,544173,2,29-02-2024
Python Developer,HCLTech,Jaipur,Analytics,1257015,5,14-07-2025
Full Stack Developer,Tech Mahindra,Kolkata,DevOps,279846,1,20-08-2024
Frontend Developer,Capgemini,Kolkata,Software Development,206275,1,26-01-2024
Machine Learning Engineer,Amazon,Noida,Software Development,335336,1,12-04-2024
DevOps Engineer,Accenture,Pune,Software Development,1094526,4,15-03-2024
Cloud Engineer,Capgemini,Hyderabad,DevOps,358690,1,24-12-2024
Data Analyst,Wipro,Gurgaon,Web Development,520508,2,02-10-2025
Frontend Developer,Tech Mahindra,Mumbai,Analytics,288239,1,09-09-2024
Frontend Developer,Microsoft,Remote,Software Development,277052,1,19-11-2024
Data Scientist,Deloitte,Pune,Web Development,1161205,4,03-12-2025
Data Analyst,Wipro,Jaipur,Web Development,698399,3,05-07-2024
AI Engineer,TCS,Remote,DevOps,1062154,4,06-07-2024
Machine Learning Engineer,Oracle,Pune,Analytics,804261,3,02-05-2024
AI Engineer,Infosys,Mumbai,DevOps,349339,1,08-04-2025
Data Analyst,Cognizant,Pune,DevOps,222657,1,05-08-2024
Backend Developer,Tech Mahindra,Pune,AI,434520,2,29-04-2024
AI Engineer,Oracle,Chennai,Analytics,1303692,5,13-01-2025
Business Analyst,Cognizant,Hyderabad,Software Development,1241416,5,22-07-2025
AI Engineer,Tech Mahindra,Gurgaon,Software Development,1018052,4,09-09-2025
Business Analyst,Amazon,Pune,DevOps,933731,4,13-09-2024
Backend Developer,Amazon,Bangalore,Cloud,850417,3,16-12-2024
Python Developer,Oracle,Remote,DevOps,758298,3,21-09-2025
Cloud Engineer,Microsoft,Jaipur,Web Development,1218330,5,01-01-2026
Data Scientist,Oracle,Chennai,Analytics,662934,3,16-10-2024
Software Developer,Zoho,Noida,Software Development,519200,2,27-03-2024
Backend Developer,Tech Mahindra,Bangalore,Analytics,652507,3,31-01-2024
Business Analyst,TCS,Delhi,AI,840384,3,23-06-2024
Business Analyst,IBM,Delhi,Cloud,238601,1,19-11-2025
DevOps Engineer,TCS,Mumbai,Data Science,310542,1,29-04-2025
Backend Developer,Tech Mahindra,Kolkata,Data Science,760980,3,26-02-2025
Cloud Engineer,Accenture,Hyderabad,DevOps,1101489,4,13-10-2025
DevOps Engineer,TCS,Hyderabad,Cloud,1136460,4,24-06-2025
Machine Learning Engineer,IBM,Mumbai,Cloud,461581,2,19-12-2025
Cloud Engineer,HCLTech,Delhi,Analytics,565552,2,18-10-2025
Business Analyst,Zoho,Jaipur,Web Development,427036,2,20-04-2024
Full Stack Developer,Capgemini,Hyderabad,Data Science,1086395,4,07-06-2025
Frontend Developer,Amazon,Mumbai,Cloud,635734,3,15-08-2024
Backend Developer,Accenture,Remote,Data Science,248548,1,23-12-2025
Full Stack Developer,TCS,Gurgaon,Web Development,892495,3,22-08-2024
Backend Developer,Microsoft,Remote,Web Development,654610,3,04-07-2024
Data Scientist,Amazon,Bangalore,Cloud,898900,3,11-02-2024
Python Developer,Oracle,Gurgaon,Cloud,779896,3,02-06-2025
Frontend Developer,TCS,Ahmedabad,Data Science,383730,1,25-08-2024
Full Stack Developer,Microsoft,Jaipur,Cloud,1232317,5,07-11-2025
Python Developer,Oracle,Bangalore,Data Science,1093781,4,02-10-2024
Cloud Engineer,Oracle,Noida,Web Development,667690,3,25-12-2024
Cloud Engineer,Deloitte,Remote,Data Science,353705,1,31-12-2025
DevOps Engineer,Tech Mahindra,Pune,Cloud,1132297,4,19-09-2024
Data Analyst,Amazon,Delhi,Analytics,919571,4,05-02-2025
Full Stack Developer,Wipro,Bangalore,Data Science,725186,3,10-10-2025
AI Engineer,Amazon,Pune,Cloud,736842,3,26-06-2025
Full Stack Developer,Google,Remote,DevOps,265061,1,22-04-2025
Software Developer,Deloitte,Ahmedabad,Cloud,588328,2,25-10-2024
Business Analyst,TCS,Noida,AI,490410,2,13-12-2025
Frontend Developer,Accenture,Mumbai,Software Development,1277048,5,04-04-2024
Backend Developer,Wipro,Kolkata,AI,647296,3,07-07-2024
Business Analyst,Amazon,Remote,Data Science,1149200,4,14-12-2024
Machine Learning Engineer,TCS,Gurgaon,Software Development,833910,3,07-06-2025
DevOps Engineer,IBM,Noida,Web Development,348872,1,18-06-2025
AI Engineer,Tech Mahindra,Ahmedabad,Data Science,906786,4,24-11-2025
DevOps Engineer,Deloitte,Noida,AI,1483110,5,18-11-2024
Python Developer,Accenture,Gurgaon,AI,506077,2,13-04-2025
Cloud Engineer,IBM,Chennai,Data Science,565226,2,14-01-2024
Data Analyst,HCLTech,Hyderabad,Cloud,391518,1,30-10-2024
Data Analyst,Zoho,Kolkata,Analytics,262854,1,20-12-2024
AI Engineer,Zoho,Remote,Software Development,398994,1,05-10-2024
AI Engineer,Infosys,Hyderabad,Analytics,938369,4,21-06-2025
DevOps Engineer,IBM,Gurgaon,Data Science,1582962,5,12-09-2024
Data Scientist,Microsoft,Pune,DevOps,474430,2,14-10-2025
Data Scientist,Tech Mahindra,Bangalore,Analytics,1137351,4,14-10-2025
AI Engineer,Deloitte,Kolkata,Web Development,1161541,4,21-05-2025
Cloud Engineer,Deloitte,Delhi,DevOps,858421,3,01-05-2024
Cloud Engineer,Microsoft,Delhi,Analytics,1444333,5,21-11-2024
Business Analyst,HCLTech,Jaipur,AI,253351,1,14-09-2024
Business Analyst,Wipro,Kolkata,Analytics,413130,2,05-01-2025
AI Engineer,Deloitte,Gurgaon,Software Development,542803,2,21-04-2025
Python Developer,HCLTech,Pune,Data Science,1531728,5,08-12-2024
Cloud Engineer,Zoho,Chennai,Analytics,753335,3,10-09-2024
Business Analyst,HCLTech,Hyderabad,Software Development,1173922,4,19-05-2025
Full Stack Developer,Tech Mahindra,Kolkata,Data Science,1190920,4,01-06-2024
Machine Learning Engineer,Microsoft,Remote,Data Science,221288,1,07-05-2025
Software Developer,Tech Mahindra,Gurgaon,Software Development,230629,1,20-05-2024
Frontend Developer,Infosys,Pune,Analytics,1340088,5,01-04-2025
Frontend Developer,Oracle,Remote,Software Development,483958,2,10-01-2025
Machine Learning Engineer,Cognizant,Kolkata,Software Development,1338407,5,25-09-2025
Data Analyst,Deloitte,Jaipur,Cloud,1072035,4,08-12-2025
Business Analyst,Cognizant,Kolkata,Web Development,1078385,4,07-03-2024
Cloud Engineer,Cognizant,Chennai,Software Development,395686,1,10-02-2024
Frontend Developer,Oracle,Bangalore,Cloud,654704,3,15-07-2025
Data Scientist,Cognizant,Bangalore,Software Development,1594878,5,01-01-2026
Business Analyst,Capgemini,Chennai,Software Development,912449,4,23-02-2024
Frontend Developer,Wipro,Pune,AI,361341,1,20-06-2024
Data Analyst,Cognizant,Jaipur,Analytics,292405,1,13-10-2025
Backend Developer,Oracle,Ahmedabad,Web Development,444740,2,25-06-2025
Backend Developer,HCLTech,Hyderabad,DevOps,1517286,5,03-05-2024
Data Scientist,Oracle,Kolkata,Cloud,1390058,5,18-12-2025
Python Developer,Oracle,Hyderabad,DevOps,254190,1,25-01-2024
Data Scientist,TCS,Noida,AI,1148596,4,09-06-2024
Frontend Developer,Zoho,Gurgaon,Cloud,218207,1,13-02-2025
Business Analyst,Cognizant,Mumbai,Cloud,1016601,4,28-08-2024
Machine Learning Engineer,TCS,Kolkata,Analytics,427993,2,17-03-2024
AI Engineer,Capgemini,Remote,DevOps,395429,1,02-09-2025
Data Analyst,Tech Mahindra,Jaipur,Software Development,930052,4,03-12-2025
AI Engineer,Oracle,Mumbai,Software Development,1068204,4,22-05-2025
Backend Developer,Zoho,Remote,AI,365787,1,06-02-2025
Business Analyst,Capgemini,Noida,AI,1045895,4,28-05-2024
AI Engineer,Infosys,Bangalore,Analytics,1031022,4,17-10-2024
Full Stack Developer,Tech Mahindra,Bangalore,Web Development,321856,1,14-06-2025
Business Analyst,Cognizant,Mumbai,Web Development,861945,3,23-09-2025
Full Stack Developer,Wipro,Pune,Analytics,1005616,4,29-04-2025
DevOps Engineer,Accenture,Mumbai,Software Development,1263260,5,11-02-2024
Data Analyst,Infosys,Noida,AI,229131,1,19-04-2024
Python Developer,Amazon,Ahmedabad,Cloud,1320408,5,03-01-2024
Machine Learning Engineer,Capgemini,Kolkata,Software Development,975368,4,12-08-2024
Full Stack Developer,Google,Ahmedabad,Software Development,393247,1,15-11-2025
Machine Learning Engineer,Oracle,Bangalore,Analytics,676986,3,05-09-2025
Business Analyst,TCS,Kolkata,Data Science,239104,1,24-06-2025
Full Stack Developer,Google,Bangalore,Data Science,716259,3,29-05-2025
Machine Learning Engineer,Deloitte,Delhi,Cloud,1529936,5,10-08-2025
Data Scientist,Cognizant,Delhi,Analytics,1156278,4,18-08-2024
Data Analyst,Accenture,Jaipur,Cloud,921356,4,08-07-2025
AI Engineer,HCLTech,Bangalore,Data Science,1043189,4,01-03-2025
Frontend Developer,Wipro,Delhi,Analytics,216326,1,28-08-2024
Machine Learning Engineer,Google,Mumbai,AI,909771,4,19-07-2025
Machine Learning Engineer,Zoho,Mumbai,AI,434451,2,16-03-2025
Data Scientist,Wipro,Chennai,Analytics,1145952,4,16-07-2024
AI Engineer,Capgemini,Chennai,Cloud,1250674,5,05-03-2025
Frontend Developer,Wipro,Hyderabad,Software Development,1507319,5,11-05-2025
Software Developer,Cognizant,Noida,Web Development,610716,3,02-07-2025
Data Analyst,Tech Mahindra,Remote,Cloud,471683,2,21-06-2025
Machine Learning Engineer,Microsoft,Noida,Data Science,1442071,5,17-12-2024
Software Developer,Microsoft,Mumbai,Cloud,1083007,4,09-01-2025
Cloud Engineer,Oracle,Chennai,Analytics,425081,2,11-05-2025
Data Scientist,Oracle,Kolkata,Cloud,911238,4,03-08-2024
Business Analyst,Infosys,Delhi,AI,537489,2,12-04-2025
Business Analyst,Tech Mahindra,Mumbai,AI,1093982,4,06-06-2024
Backend Developer,IBM,Ahmedabad,Cloud,960664,4,11-08-2025
Frontend Developer,Accenture,Delhi,Analytics,1136119,4,16-11-2024
Software Developer,Google,Jaipur,Cloud,1186461,4,22-07-2025
Python Developer,HCLTech,Jaipur,DevOps,1410189,5,20-05-2025
Business Analyst,Wipro,Gurgaon,AI,1140926,4,10-09-2025
AI Engineer,Wipro,Bangalore,Cloud,486839,2,07-06-2025
Python Developer,Oracle,Hyderabad,DevOps,1188279,4,28-03-2024
Business Analyst,TCS,Bangalore,AI,476449,2,08-12-2024
Business Analyst,HCLTech,Jaipur,AI,201326,1,09-08-2024
Full Stack Developer,Deloitte,Ahmedabad,Cloud,753370,3,19-12-2024
Cloud Engineer,Wipro,Bangalore,Web Development,290825,1,07-08-2024
Backend Developer,Cognizant,Delhi,Analytics,1111812,4,15-05-2024
Cloud Engineer,Zoho,Remote,Software Development,460738,2,24-08-2024
Backend Developer,Capgemini,Kolkata,AI,962677,4,12-05-2025
Machine Learning Engineer,Cognizant,Bangalore,Web Development,633074,3,22-07-2024
AI Engineer,HCLTech,Bangalore,DevOps,1563663,5,13-08-2024
Software Developer,Tech Mahindra,Jaipur,Cloud,870426,3,05-07-2025
Python Developer,Cognizant,Pune,Cloud,1186186,4,19-12-2025
DevOps Engineer,HCLTech,Pune,AI,249108,1,05-07-2025
Software Developer,Infosys,Jaipur,Software Development,220588,1,14-08-2024
DevOps Engineer,Oracle,Hyderabad,AI,529072,2,21-11-2025
Backend Developer,Google,Ahmedabad,Cloud,877500,3,10-02-2024
Frontend Developer,Amazon,Ahmedabad,Software Development,1046164,4,10-05-2024
Full Stack Developer,Accenture,Delhi,AI,247142,1,16-02-2024
Data Analyst,Infosys,Jaipur,Software Development,1187820,4,10-05-2024
AI Engineer,Accenture,Ahmedabad,Analytics,591154,2,04-12-2024
Business Analyst,Microsoft,Delhi,AI,929232,4,12-04-2024
AI Engineer,Deloitte,Pune,AI,662943,3,16-04-2025
Business Analyst,Google,Ahmedabad,Software Development,793150,3,11-03-2024
Business Analyst,HCLTech,Hyderabad,DevOps,939193,4,26-07-2025
Cloud Engineer,Amazon,Kolkata,DevOps,500404,2,17-01-2025
Cloud Engineer,IBM,Hyderabad,Web Development,1445460,5,02-10-2025
Frontend Developer,IBM,Chennai,Cloud,412459,2,05-07-2024
Software Developer,Google,Mumbai,AI,936918,4,21-05-2025
Software Developer,IBM,Pune,Web Development,359420,1,11-02-2024
Full Stack Developer,Accenture,Remote,Cloud,376661,1,07-04-2025
Data Scientist,Oracle,Jaipur,Cloud,978112,4,28-11-2025
Data Analyst,IBM,Delhi,Software Development,308305,1,26-07-2025
AI Engineer,Amazon,Pune,Data Science,524758,2,16-05-2025
Cloud Engineer,TCS,Noida,AI,883976,3,27-05-2025
Business Analyst,Cognizant,Kolkata,DevOps,791873,3,05-02-2024
Business Analyst,Google,Mumbai,Cloud,426159,2,02-03-2025
Data Scientist,Tech Mahindra,Ahmedabad,Data Science,1294586,5,10-02-2025
Software Developer,Amazon,Chennai,Cloud,271099,1,02-12-2025
Data Analyst,IBM,Kolkata,DevOps,708741,3,20-01-2024
Python Developer,Accenture,Hyderabad,Software Development,951875,4,01-05-2024
Backend Developer,Cognizant,Jaipur,Web Development,488533,2,08-05-2025
Full Stack Developer,Infosys,Noida,Data Science,1552114,5,26-02-2025
Cloud Engineer,Cognizant,Mumbai,DevOps,1456317,5,26-07-2025
Full Stack Developer,IBM,Jaipur,Web Development,936400,4,22-03-2025
Backend Developer,Deloitte,Gurgaon,Cloud,586439,2,15-10-2024
AI Engineer,Wipro,Mumbai,Data Science,1195142,4,22-05-2024
Full Stack Developer,Deloitte,Delhi,Cloud,1366490,5,17-09-2025
DevOps Engineer,Google,Noida,DevOps,215174,1,27-03-2024
Data Analyst,Oracle,Gurgaon,AI,224980,1,22-05-2025
DevOps Engineer,Cognizant,Bangalore,Data Science,1035613,4,21-12-2024
Data Scientist,Oracle,Noida,Data Science,263269,1,11-01-2024
Backend Developer,Cognizant,Hyderabad,DevOps,661348,3,20-04-2025
Data Analyst,Zoho,Hyderabad,Data Science,473878,2,15-11-2025
Full Stack Developer,Zoho,Mumbai,Software Development,1147263,4,02-10-2024
Data Scientist,Tech Mahindra,Gurgaon,Data Science,379788,1,30-10-2024
Business Analyst,IBM,Noida,Web Development,221705,1,10-04-2024
Machine Learning Engineer,Cognizant,Pune,Analytics,932413,4,10-02-2025
Python Developer,Accenture,Ahmedabad,DevOps,1125084,4,14-09-2025
DevOps Engineer,Oracle,Noida,Software Development,296338,1,23-12-2025
AI Engineer,Cognizant,Kolkata,DevOps,1384719,5,30-06-2025
Frontend Developer,Cognizant,Jaipur,DevOps,895135,3,20-06-2025
Python Developer,Deloitte,Noida,Analytics,896593,3,29-06-2025
Python Developer,Cognizant,Noida,AI,486491,2,13-07-2025
Cloud Engineer,Tech Mahindra,Kolkata,Web Development,1147399,4,18-02-2024
Data Scientist,IBM,Pune,AI,295434,1,26-10-2024
AI Engineer,Deloitte,Remote,Web Development,406986,2,25-02-2025
Machine Learning Engineer,Amazon,Bangalore,Cloud,1203843,5,04-07-2025
Machine Learning Engineer,Infosys,Kolkata,AI,1366858,5,27-11-2025
Frontend Developer,Accenture,Bangalore,Data Science,627135,3,09-01-2024
DevOps Engineer,Accenture,Hyderabad,Data Science,1080692,4,23-11-2025
Frontend Developer,Amazon,Ahmedabad,AI,311524,1,20-08-2024
Business Analyst,Tech Mahindra,Chennai,Analytics,832076,3,25-02-2025
Backend Developer,Cognizant,Remote,Web Development,1015279,4,09-03-2024
Full Stack Developer,Wipro,Delhi,Data Science,1075985,4,27-11-2024
Backend Developer,Wipro,Bangalore,Data Science,232715,1,01-04-2025
Business Analyst,Deloitte,Noida,Data Science,291782,1,11-06-2024
DevOps Engineer,HCLTech,Pune,Analytics,1389205,5,11-12-2025
Full Stack Developer,Infosys,Delhi,Software Development,580976,2,15-03-2024
Data Scientist,IBM,Ahmedabad,Web Development,416547,2,25-03-2025
Software Developer,Oracle,Kolkata,DevOps,988565,4,05-05-2024
Business Analyst,Infosys,Delhi,DevOps,1058839,4,04-11-2025
Python Developer,Google,Ahmedabad,Software Development,500017,2,23-01-2024
AI Engineer,Wipro,Kolkata,Analytics,1096290,4,09-10-2025
Cloud Engineer,Wipro,Kolkata,DevOps,374491,1,30-01-2025
DevOps Engineer,Tech Mahindra,Mumbai,AI,301053,1,10-05-2025
Data Analyst,Tech Mahindra,Chennai,Web Development,419087,2,13-02-2024
AI Engineer,Amazon,Noida,AI,949142,4,09-03-2024
Business Analyst,Wipro,Chennai,Data Science,1452841,5,19-09-2024
Software Developer,Accenture,Delhi,DevOps,296673,1,08-10-2024
Business Analyst,Capgemini,Delhi,DevOps,673392,3,27-05-2024
Backend Developer,Infosys,Jaipur,Analytics,1228151,5,29-12-2025
Full Stack Developer,Deloitte,Remote,Data Science,738454,3,12-09-2024
DevOps Engineer,Zoho,Ahmedabad,Software Development,1433603,5,05-12-2024
Full Stack Developer,Cognizant,Mumbai,DevOps,437252,2,25-05-2024
Machine Learning Engineer,IBM,Ahmedabad,Web Development,255783,1,23-07-2024
Machine Learning Engineer,Capgemini,Hyderabad,DevOps,1408898,5,10-01-2025
Python Developer,Wipro,Jaipur,DevOps,255604,1,31-10-2025
Data Scientist,Oracle,Jaipur,Software Development,300741,1,14-03-2025
Software Developer,Amazon,Kolkata,Web Development,885245,3,10-12-2025
Data Scientist,Amazon,Mumbai,Cloud,598281,2,13-09-2024
Full Stack Developer,IBM,Noida,AI,633105,3,30-06-2024
Data Scientist,Capgemini,Gurgaon,Software Development,704920,3,27-06-2025
Python Developer,Microsoft,Hyderabad,Cloud,967857,4,03-03-2025
Software Developer,HCLTech,Gurgaon,AI,498504,2,18-05-2025
Full Stack Developer,Deloitte,Noida,Data Science,1283162,5,08-06-2024
Machine Learning Engineer,Wipro,Hyderabad,DevOps,382537,1,02-10-2024
Machine Learning Engineer,Google,Ahmedabad,Software Development,667940,3,21-03-2025
Data Analyst,Infosys,Remote,Software Development,532617,2,18-01-2025
Machine Learning Engineer,Accenture,Mumbai,DevOps,291816,1,11-09-2025
DevOps Engineer,HCLTech,Noida,Cloud,343479,1,08-10-2025
Software Developer,IBM,Remote,Data Science,202431,1,17-03-2025
Data Scientist,TCS,Noida,Software Development,769333,3,17-02-2025
Data Scientist,Infosys,Gurgaon,DevOps,822830,3,06-04-2024
AI Engineer,Accenture,Remote,Web Development,1448809,5,02-09-2024
Frontend Developer,Oracle,Chennai,Data Science,1557554,5,05-07-2025
Data Scientist,TCS,Jaipur,Software Development,465860,2,19-01-2024
AI Engineer,Amazon,Gurgaon,Cloud,675095,3,08-08-2025
Data Analyst,Microsoft,Mumbai,AI,290878,1,08-03-2025
AI Engineer,Accenture,Noida,Web Development,937155,4,05-02-2025
Business Analyst,Accenture,Remote,Software Development,1536136,5,20-10-2024
Software Developer,Amazon,Noida,DevOps,1024857,4,02-06-2025
Software Developer,IBM,Kolkata,Data Science,1049956,4,02-03-2025
Data Analyst,Google,Jaipur,Analytics,829830,3,04-09-2024
Backend Developer,Wipro,Delhi,Software Development,1374186,5,19-07-2024
Software Developer,Accenture,Kolkata,Web Development,400032,2,02-12-2024
Full Stack Developer,IBM,Remote,Software Development,981682,4,18-02-2024
Software Developer,Wipro,Pune,Cloud,1066503,4,19-06-2024
Data Analyst,Google,Noida,AI,1497136,5,20-12-2025
Cloud Engineer,Wipro,Gurgaon,DevOps,350852,1,14-08-2025
Data Scientist,Microsoft,Delhi,Web Development,425218,2,10-02-2024
DevOps Engineer,Zoho,Pune,Analytics,583957,2,04-02-2024
Frontend Developer,Accenture,Gurgaon,Analytics,429452,2,07-03-2024
Cloud Engineer,Zoho,Ahmedabad,Cloud,565401,2,23-02-2025
Full Stack Developer,Tech Mahindra,Hyderabad,Analytics,1058850,4,21-08-2024
Machine Learning Engineer,Cognizant,Chennai,AI,313114,1,07-02-2024
Backend Developer,Tech Mahindra,Delhi,Data Science,1449654,5,21-05-2024
Full Stack Developer,Microsoft,Jaipur,Web Development,645429,3,06-04-2024
Machine Learning Engineer,HCLTech,Mumbai,DevOps,988407,4,25-06-2025
Software Developer,Deloitte,Hyderabad,AI,895371,3,19-03-2024
AI Engineer,IBM,Pune,Software Development,816642,3,28-01-2025
Data Analyst,HCLTech,Pune,AI,717272,3,22-07-2024
Frontend Developer,Cognizant,Chennai,Web Development,453686,2,17-09-2025
DevOps Engineer,Wipro,Gurgaon,DevOps,1020301,4,12-03-2025
Cloud Engineer,Tech Mahindra,Bangalore,DevOps,781593,3,29-01-2025
Machine Learning Engineer,Deloitte,Kolkata,Data Science,1016788,4,06-06-2024
AI Engineer,Infosys,Hyderabad,Web Development,391162,1,06-08-2024
Frontend Developer,TCS,Hyderabad,AI,743617,3,01-12-2024
Machine Learning Engineer,Deloitte,Gurgaon,Data Science,949209,4,31-05-2024
DevOps Engineer,Cognizant,Mumbai,DevOps,647590,3,04-11-2024
Frontend Developer,TCS,Ahmedabad,Data Science,1327498,5,03-06-2025
Business Analyst,Tech Mahindra,Mumbai,AI,1501943,5,06-01-2025
Business Analyst,Oracle,Mumbai,AI,655050,3,18-05-2024
Software Developer,Cognizant,Pune,AI,1157318,4,02-01-2025
Backend Developer,Wipro,Jaipur,DevOps,1561514,5,07-01-2025
Data Analyst,HCLTech,Ahmedabad,AI,746771,3,14-06-2025
Data Analyst,Accenture,Ahmedabad,Analytics,262970,1,09-03-2024
AI Engineer,HCLTech,Bangalore,AI,1208817,5,03-05-2024
Backend Developer,Accenture,Noida,AI,444490,2,28-07-2025
Cloud Engineer,HCLTech,Jaipur,Cloud,226557,1,25-06-2025
Data Analyst,Amazon,Pune,Analytics,554363,2,21-05-2025
Machine Learning Engineer,Microsoft,Noida,Cloud,375229,1,24-08-2025
Python Developer,Cognizant,Bangalore,Cloud,514303,2,11-04-2024
Business Analyst,Cognizant,Gurgaon,Data Science,341110,1,19-04-2025
Backend Developer,Wipro,Noida,Analytics,1144513,4,11-07-2024
Frontend Developer,Capgemini,Delhi,AI,327438,1,01-05-2025
Full Stack Developer,Capgemini,Mumbai,Web Development,1203369,5,09-03-2025
Cloud Engineer,Oracle,Gurgaon,DevOps,372669,1,22-07-2024
Python Developer,Microsoft,Hyderabad,Cloud,1542416,5,27-12-2024
Business Analyst,Google,Chennai,Analytics,306069,1,08-10-2024
Data Analyst,Accenture,Bangalore,Analytics,777433,3,23-12-2024
DevOps Engineer,TCS,Ahmedabad,DevOps,1271051,5,14-05-2025
Machine Learning Engineer,Amazon,Pune,Analytics,558535,2,23-04-2025
DevOps Engineer,Amazon,Jaipur,AI,224363,1,07-07-2025
Python Developer,Oracle,Noida,Analytics,843925,3,26-03-2025
AI Engineer,Tech Mahindra,Ahmedabad,Software Development,485711,2,05-09-2025
Cloud Engineer,HCLTech,Pune,Data Science,337594,1,30-10-2025
Business Analyst,Capgemini,Chennai,DevOps,1311782,5,26-08-2024
Frontend Developer,Accenture,Hyderabad,AI,652022,3,12-07-2024
AI Engineer,Wipro,Ahmedabad,DevOps,580484,2,27-11-2025
Data Analyst,Deloitte,Remote,DevOps,272624,1,24-04-2025
Software Developer,TCS,Remote,Data Science,1074072,4,17-01-2025
Full Stack Developer,Google,Bangalore,Cloud,1428332,5,17-10-2024
Cloud Engineer,HCLTech,Chennai,AI,892162,3,27-10-2025
Data Analyst,IBM,Bangalore,AI,376301,1,27-06-2024
Machine Learning Engineer,Zoho,Chennai,Analytics,273484,1,04-12-2024
Data Scientist,Microsoft,Kolkata,Web Development,296183,1,13-11-2025
Frontend Developer,Deloitte,Hyderabad,Software Development,1503165,5,18-12-2025
Full Stack Developer,Google,Hyderabad,Analytics,1204755,5,08-09-2024
Data Analyst,Zoho,Bangalore,Web Development,311330,1,25-07-2025
AI Engineer,Amazon,Jaipur,AI,1009528,4,19-02-2025
Data Scientist,Capgemini,Bangalore,Data Science,379791,1,27-05-2025
Business Analyst,Zoho,Gurgaon,Web Development,753051,3,29-07-2025
Data Scientist,Tech Mahindra,Mumbai,DevOps,1372283,5,07-09-2025
Software Developer,Zoho,Mumbai,Data Science,1095311,4,07-03-2025
Software Developer,Capgemini,Bangalore,Data Science,617625,3,14-02-2025
DevOps Engineer,Microsoft,Gurgaon,Software Development,1554880,5,06-05-2024
Business Analyst,Deloitte,Kolkata,Data Science,410538,2,01-03-2024
Data Analyst,Infosys,Mumbai,Software Development,1549247,5,21-02-2025
Software Developer,Capgemini,Mumbai,Web Development,433236,2,05-03-2025
Software Developer,IBM,Pune,DevOps,432101,2,11-05-2025
AI Engineer,Infosys,Noida,AI,653786,3,23-08-2024
Data Scientist,Deloitte,Bangalore,AI,879177,3,02-09-2025
Data Scientist,Oracle,Chennai,Analytics,1258276,5,19-08-2025
Backend Developer,Cognizant,Noida,DevOps,719678,3,29-01-2025
Backend Developer,TCS,Remote,Software Development,301157,1,17-05-2024
Frontend Developer,Zoho,Bangalore,Analytics,888423,3,17-12-2024
Software Developer,TCS,Delhi,DevOps,781985,3,15-10-2025
Cloud Engineer,Google,Jaipur,Data Science,1077268,4,17-06-2025
Python Developer,Infosys,Noida,Data Science,294721,1,01-01-2026
Business Analyst,Amazon,Noida,DevOps,543762,2,25-08-2025
Frontend Developer,Tech Mahindra,Remote,Software Development,333699,1,18-06-2025
Data Analyst,Accenture,Bangalore,DevOps,1371770,5,27-09-2025
Business Analyst,Microsoft,Hyderabad,Web Development,686320,3,12-02-2024
AI Engineer,TCS,Delhi,Data Science,877958,3,09-12-2025
Full Stack Developer,HCLTech,Gurgaon,Software Development,479323,2,07-08-2024
AI Engineer,Cognizant,Bangalore,Software Development,1008167,4,28-03-2025
Data Scientist,Capgemini,Pune,Software Development,295835,1,23-02-2024
AI Engineer,Accenture,Mumbai,Software Development,236785,1,04-12-2024
Python Developer,Capgemini,Gurgaon,DevOps,843275,3,02-03-2024
Cloud Engineer,Tech Mahindra,Mumbai,Software Development,1484048,5,12-07-2025
Frontend Developer,Wipro,Bangalore,AI,237770,1,01-02-2024
Full Stack Developer,Accenture,Remote,Software Development,1127461,4,23-03-2024
AI Engineer,Wipro,Remote,DevOps,996801,4,24-10-2024
Data Scientist,Oracle,Remote,DevOps,1278625,5,13-07-2025
Cloud Engineer,Cognizant,Kolkata,AI,382340,1,29-04-2025
Frontend Developer,Infosys,Mumbai,AI,904985,4,15-09-2024
Data Scientist,Microsoft,Hyderabad,Web Development,724200,3,20-01-2025
Cloud Engineer,Zoho,Delhi,AI,255205,1,16-11-2025
Data Scientist,Accenture,Hyderabad,Data Science,1484460,5,11-11-2024
Frontend Developer,Accenture,Hyderabad,Software Development,1179853,4,05-12-2024
Frontend Developer,TCS,Jaipur,Web Development,505219,2,19-07-2024
AI Engineer,TCS,Mumbai,DevOps,789957,3,25-07-2024
Data Scientist,Capgemini,Pune,DevOps,809640,3,08-11-2025
Machine Learning Engineer,Infosys,Noida,Cloud,1327163,5,27-04-2025
Data Analyst,Cognizant,Bangalore,Analytics,901769,4,24-04-2024
Data Analyst,HCLTech,Pune,DevOps,1580599,5,30-05-2025
Software Developer,TCS,Delhi,Web Development,1477092,5,25-11-2025
Data Analyst,IBM,Remote,Data Science,500995,2,24-07-2024
Python Developer,Cognizant,Jaipur,Web Development,851638,3,04-04-2025
Business Analyst,HCLTech,Bangalore,DevOps,604574,3,08-09-2024
Backend Developer,Infosys,Delhi,Data Science,658968,3,22-02-2024
Cloud Engineer,Oracle,Kolkata,AI,1164626,4,17-05-2024
Data Analyst,Amazon,Gurgaon,Software Development,346913,1,21-12-2025
Data Scientist,Accenture,Delhi,Analytics,884933,3,28-05-2025
Data Analyst,Zoho,Bangalore,DevOps,487674,2,22-02-2024
Data Analyst,Capgemini,Chennai,Web Development,1124046,4,09-02-2025
Cloud Engineer,IBM,Bangalore,Cloud,1515385,5,27-10-2024
DevOps Engineer,TCS,Mumbai,Data Science,666507,3,15-04-2024
Data Scientist,Capgemini,Gurgaon,AI,1343284,5,10-01-2024
Python Developer,TCS,Mumbai,Analytics,1109085,4,24-11-2024
Backend Developer,Infosys,Chennai,Data Science,283527,1,24-03-2024
Frontend Developer,Accenture,Delhi,Software Development,1296259,5,19-08-2025
Python Developer,Microsoft,Bangalore,Data Science,1440461,5,11-01-2025
Data Analyst,Deloitte,Ahmedabad,Web Development,482025,2,11-09-2025
DevOps Engineer,Cognizant,Jaipur,Web Development,372930,1,13-01-2024
Full Stack Developer,HCLTech,Kolkata,AI,822934,3,02-10-2025
Machine Learning Engineer,Deloitte,Pune,Analytics,1155905,4,08-07-2025
Business Analyst,Accenture,Noida,Software Development,1276594,5,21-04-2024
DevOps Engineer,Accenture,Bangalore,DevOps,1060934,4,20-08-2024
Data Scientist,Oracle,Pune,Cloud,485120,2,13-07-2025
Business Analyst,Accenture,Jaipur,Software Development,236936,1,09-09-2025
Backend Developer,Amazon,Chennai,Cloud,403509,2,28-07-2025
Software Developer,Amazon,Kolkata,Software Development,638758,3,21-02-2024
Cloud Engineer,Wipro,Remote,AI,1321837,5,09-11-2025
Data Analyst,Accenture,Mumbai,AI,1410529,5,28-04-2025
Machine Learning Engineer,Infosys,Bangalore,Analytics,201700,1,28-03-2025
Full Stack Developer,Infosys,Jaipur,Data Science,1200934,5,31-07-2024
Business Analyst,Tech Mahindra,Delhi,AI,714179,3,21-08-2025
Machine Learning Engineer,Zoho,Chennai,Software Development,1595478,5,19-10-2024
Backend Developer,Zoho,Kolkata,DevOps,1202143,5,09-11-2025
Software Developer,Cognizant,Pune,Web Development,832844,3,05-03-2025
Python Developer,Cognizant,Gurgaon,Analytics,403639,2,14-03-2025
Frontend Developer,TCS,Remote,Software Development,1023092,4,21-12-2024
Machine Learning Engineer,TCS,Mumbai,Analytics,1182019,4,28-03-2025
Software Developer,TCS,Noida,Web Development,460891,2,31-05-2024
DevOps Engineer,Google,Jaipur,Software Development,567333,2,04-07-2025
Backend Developer,HCLTech,Delhi,DevOps,466187,2,17-12-2025
Data Scientist,Wipro,Hyderabad,Analytics,1070419,4,25-09-2024
Full Stack Developer,Cognizant,Kolkata,Data Science,1021076,4,30-03-2025
Software Developer,Cognizant,Chennai,Data Science,650834,3,13-05-2025
Cloud Engineer,Zoho,Pune,Cloud,547633,2,03-05-2024
Backend Developer,Oracle,Remote,Web Development,444291,2,19-12-2025
AI Engineer,IBM,Pune,Cloud,313950,1,29-06-2024
Python Developer,Capgemini,Delhi,Cloud,1333979,5,10-03-2025
Business Analyst,Accenture,Pune,DevOps,1016657,4,10-05-2025
Data Scientist,Deloitte,Ahmedabad,Analytics,733805,3,03-04-2025
Business Analyst,Deloitte,Pune,Data Science,1064737,4,08-07-2024
Business Analyst,Accenture,Remote,Analytics,784903,3,13-09-2024
Software Developer,HCLTech,Hyderabad,DevOps,391762,1,12-04-2025
Business Analyst,Deloitte,Chennai,Data Science,1110002,4,02-09-2024
Python Developer,Zoho,Gurgaon,Analytics,681020,3,09-04-2024
Frontend Developer,Amazon,Gurgaon,DevOps,535025,2,20-03-2024
Data Scientist,Oracle,Jaipur,AI,1329654,5,30-06-2024
Python Developer,IBM,Ahmedabad,Data Science,1564219,5,09-06-2025
Machine Learning Engineer,HCLTech,Kolkata,DevOps,463457,2,06-07-2025
DevOps Engineer,Capgemini,Noida,AI,560344,2,31-10-2024
Cloud Engineer,Wipro,Bangalore,Web Development,432091,2,06-07-2025
Full Stack Developer,IBM,Kolkata,Software Development,922173,4,14-12-2024
Backend Developer,TCS,Jaipur,Cloud,984260,4,19-06-2025
AI Engineer,Microsoft,Ahmedabad,AI,363514,1,28-06-2024
Data Analyst,IBM,Pune,Analytics,454855,2,18-10-2024
Cloud Engineer,Infosys,Bangalore,DevOps,530833,2,02-10-2024
Machine Learning Engineer,Oracle,Remote,Web Development,655743,3,04-05-2024
Full Stack Developer,Oracle,Ahmedabad,AI,570340,2,21-08-2025
AI Engineer,Infosys,Jaipur,Data Science,484276,2,09-12-2025
Cloud Engineer,Infosys,Hyderabad,Analytics,508603,2,08-12-2025
Business Analyst,Infosys,Pune,DevOps,1096450,4,20-10-2024
Business Analyst,Capgemini,Mumbai,Web Development,717923,3,20-10-2025
Software Developer,Tech Mahindra,Remote,Web Development,358823,1,03-04-2024
Data Analyst,Accenture,Noida,Web Development,1192175,4,18-09-2024
Cloud Engineer,IBM,Mumbai,DevOps,1174879,4,16-07-2025
Data Scientist,Microsoft,Pune,AI,519100,2,18-11-2024
DevOps Engineer,HCLTech,Chennai,DevOps,512532,2,07-04-2024
Software Developer,Cognizant,Pune,Web Development,267339,1,02-12-2024
Data Scientist,Google,Kolkata,Data Science,596152,2,24-04-2024
Frontend Developer,Wipro,Noida,Web Development,1413409,5,24-05-2024
Business Analyst,Wipro,Mumbai,Analytics,1060346,4,29-11-2024
Full Stack Developer,Tech Mahindra,Chennai,Cloud,1364958,5,07-10-2025
Full Stack Developer,Deloitte,Chennai,Software Development,665738,3,11-05-2025
Cloud Engineer,Cognizant,Bangalore,AI,933979,4,17-08-2025
Business Analyst,Amazon,Remote,DevOps,1458915,5,14-12-2025
Software Developer,Microsoft,Hyderabad,Analytics,284689,1,24-11-2024
AI Engineer,Wipro,Noida,Cloud,861862,3,23-04-2025
DevOps Engineer,TCS,Ahmedabad,Data Science,1524476,5,20-09-2024
Python Developer,HCLTech,Gurgaon,Web Development,1581359,5,29-10-2025
Software Developer,TCS,Hyderabad,Data Science,309275,1,11-02-2024
DevOps Engineer,Microsoft,Noida,Web Development,953685,4,27-02-2024
Business Analyst,Accenture,Remote,DevOps,767400,3,01-01-2025
AI Engineer,TCS,Hyderabad,DevOps,1545551,5,10-12-2025
Full Stack Developer,Infosys,Delhi,Analytics,1163156,4,25-06-2024
DevOps Engineer,TCS,Ahmedabad,Data Science,1070547,4,18-09-2024
Cloud Engineer,Deloitte,Remote,AI,1475402,5,04-04-2024
Data Scientist,Cognizant,Noida,Cloud,1192374,4,07-12-2024
Data Analyst,HCLTech,Jaipur,Web Development,835968,3,08-03-2024
Backend Developer,Cognizant,Chennai,Web Development,921358,4,06-04-2024
Software Developer,Microsoft,Mumbai,Web Development,380455,1,31-10-2025
Machine Learning Engineer,TCS,Delhi,DevOps,1325193,5,21-03-2024
Data Scientist,Zoho,Pune,Web Development,1485605,5,24-11-2024
Full Stack Developer,Amazon,Mumbai,Cloud,602779,3,10-04-2024
Backend Developer,Infosys,Pune,DevOps,855972,3,27-11-2024
Data Scientist,Zoho,Hyderabad,AI,1435526,5,29-06-2025
Business Analyst,Google,Chennai,DevOps,1108276,4,02-07-2024
DevOps Engineer,Oracle,Remote,DevOps,1278069,5,04-02-2024
Business Analyst,Oracle,Chennai,Analytics,357923,1,27-01-2025
Python Developer,Zoho,Noida,Web Development,574127,2,28-10-2025
Software Developer,Oracle,Mumbai,DevOps,703037,3,25-09-2024
AI Engineer,Deloitte,Delhi,DevOps,1293874,5,29-11-2024
Business Analyst,Cognizant,Ahmedabad,Web Development,1082433,4,24-02-2025
Frontend Developer,HCLTech,Kolkata,Software Development,1029996,4,18-05-2025
Frontend Developer,Oracle,Delhi,Web Development,988321,4,17-01-2025
Full Stack Developer,Cognizant,Remote,Software Development,724409,3,01-01-2026
DevOps Engineer,IBM,Delhi,Data Science,371542,1,09-05-2025
DevOps Engineer,Infosys,Delhi,DevOps,232635,1,25-11-2024
Python Developer,Infosys,Chennai,Cloud,1076545,4,06-10-2024
Backend Developer,IBM,Noida,Cloud,635210,3,03-09-2025
Software Developer,Cognizant,Ahmedabad,Web Development,806854,3,13-11-2024
Frontend Developer,Google,Chennai,Cloud,1533728,5,05-03-2025
Backend Developer,HCLTech,Hyderabad,AI,945049,4,05-02-2024
Machine Learning Engineer,Deloitte,Mumbai,DevOps,1530605,5,12-05-2025
Data Analyst,Amazon,Chennai,AI,1265534,5,25-01-2024
Python Developer,Cognizant,Mumbai,DevOps,655729,3,14-01-2024
Machine Learning Engineer,HCLTech,Kolkata,AI,978650,4,04-08-2025
Data Scientist,Tech Mahindra,Kolkata,AI,1123400,4,23-03-2025
Business Analyst,Oracle,Delhi,AI,307232,1,22-09-2025
Machine Learning Engineer,TCS,Noida,Software Development,1377764,5,28-07-2025
AI Engineer,TCS,Mumbai,Cloud,1064021,4,27-07-2024
Business Analyst,Cognizant,Pune,Cloud,475347,2,05-03-2024
Cloud Engineer,Tech Mahindra,Bangalore,AI,732209,3,25-11-2024
Python Developer,HCLTech,Gurgaon,AI,965138,4,23-07-2024
Cloud Engineer,HCLTech,Delhi,AI,1541166,5,26-07-2025
Frontend Developer,Zoho,Chennai,DevOps,1048969,4,17-01-2025
Frontend Developer,Wipro,Delhi,Analytics,1197390,4,08-11-2024
Software Developer,Capgemini,Noida,Analytics,477011,2,28-05-2024
Backend Developer,Oracle,Mumbai,DevOps,1163874,4,20-12-2025
Cloud Engineer,Amazon,Mumbai,Software Development,976218,4,28-03-2024
Full Stack Developer,Google,Mumbai,DevOps,1256443,5,26-04-2025
Frontend Developer,Capgemini,Hyderabad,DevOps,983150,4,11-02-2025
Cloud Engineer,TCS,Bangalore,Analytics,1115896,4,20-08-2024
Data Analyst,Cognizant,Noida,Data Science,557081,2,06-02-2024
Cloud Engineer,Zoho,Mumbai,AI,435651,2,02-09-2024
Machine Learning Engineer,Zoho,Noida,Cloud,520222,2,09-04-2025
Software Developer,Capgemini,Chennai,Data Science,1081460,4,03-02-2024
Cloud Engineer,Google,Kolkata,AI,693719,3,28-06-2024
Business Analyst,Accenture,Bangalore,AI,1219848,5,14-07-2025
Backend Developer,Amazon,Jaipur,Web Development,1445026,5,11-12-2025
Backend Developer,TCS,Chennai,Analytics,524570,2,19-02-2025
Python Developer,Microsoft,Gurgaon,DevOps,762485,3,29-06-2024
Backend Developer,Microsoft,Jaipur,Analytics,525985,2,11-04-2025
Data Scientist,Microsoft,Jaipur,Analytics,1486411,5,23-05-2025
DevOps Engineer,Amazon,Chennai,AI,700003,3,18-02-2024
Data Scientist,Deloitte,Chennai,Data Science,374184,1,25-09-2025
Frontend Developer,Deloitte,Remote,Data Science,562871,2,15-01-2024
Data Analyst,Wipro,Delhi,Cloud,596337,2,22-02-2025
Data Scientist,Infosys,Gurgaon,Software Development,325829,1,12-10-2024
Python Developer,Infosys,Gurgaon,DevOps,567700,2,10-04-2025
Backend Developer,HCLTech,Gurgaon,Software Development,553570,2,26-09-2025
AI Engineer,Deloitte,Jaipur,Analytics,398443,1,27-01-2024
Data Analyst,TCS,Chennai,Cloud,1083157,4,08-12-2024
DevOps Engineer,Capgemini,Ahmedabad,Analytics,1101989,4,12-04-2024
Business Analyst,Amazon,Kolkata,AI,1191957,4,15-11-2025
Software Developer,Wipro,Remote,DevOps,387860,1,17-09-2024
Software Developer,Tech Mahindra,Chennai,Web Development,731960,3,28-01-2025
Python Developer,Zoho,Bangalore,Web Development,1144448,4,14-03-2025
AI Engineer,Zoho,Chennai,Web Development,685057,3,31-12-2024
Data Analyst,Amazon,Mumbai,DevOps,520216,2,15-11-2024
Cloud Engineer,HCLTech,Mumbai,Data Science,922493,4,18-12-2025
Full Stack Developer,Microsoft,Noida,Software Development,685962,3,17-02-2024
Python Developer,Google,Kolkata,Analytics,359431,1,12-11-2025
DevOps Engineer,TCS,Mumbai,Web Development,965825,4,01-01-2025
Backend Developer,Infosys,Jaipur,Cloud,665983,3,07-01-2025
Python Developer,Microsoft,Gurgaon,Software Development,1353628,5,02-05-2025
Data Analyst,Amazon,Ahmedabad,Cloud,1443279,5,13-04-2024
Cloud Engineer,Accenture,Remote,Data Science,681233,3,20-09-2025
Frontend Developer,Deloitte,Delhi,Data Science,673708,3,06-01-2024
Frontend Developer,Oracle,Mumbai,Software Development,233158,1,26-10-2025
Frontend Developer,TCS,Hyderabad,Cloud,1519777,5,01-06-2024
Full Stack Developer,Wipro,Noida,AI,1551038,5,09-08-2024
Software Developer,IBM,Hyderabad,Cloud,308124,1,11-07-2025
Data Analyst,Zoho,Pune,DevOps,717647,3,17-05-2024
Data Analyst,HCLTech,Gurgaon,Cloud,1075002,4,15-07-2025
Full Stack Developer,Microsoft,Jaipur,Cloud,1145504,4,17-12-2024
Frontend Developer,IBM,Kolkata,Cloud,477427,2,13-03-2025
Software Developer,Cognizant,Delhi,Web Development,292562,1,19-07-2024
AI Engineer,HCLTech,Jaipur,Software Development,988871,4,14-10-2024
Cloud Engineer,TCS,Noida,Software Development,979962,4,30-08-2024
Data Analyst,Infosys,Ahmedabad,Analytics,834154,3,28-03-2024
Cloud Engineer,Zoho,Noida,Web Development,415935,2,28-12-2025
Business Analyst,HCLTech,Ahmedabad,AI,1553940,5,16-12-2025
Frontend Developer,Infosys,Hyderabad,Web Development,982139,4,13-06-2025
Backend Developer,Wipro,Bangalore,Cloud,668300,3,02-07-2024
Machine Learning Engineer,HCLTech,Hyderabad,Analytics,621091,3,27-11-2024
Full Stack Developer,Zoho,Hyderabad,Software Development,204813,1,03-12-2024
Full Stack Developer,Amazon,Gurgaon,Data Science,573807,2,23-03-2025
Machine Learning Engineer,Zoho,Ahmedabad,AI,516573,2,11-08-2024
DevOps Engineer,Amazon,Ahmedabad,Software Development,994336,4,21-01-2025
DevOps Engineer,Amazon,Pune,Software Development,1135647,4,09-06-2024
Data Analyst,TCS,Kolkata,AI,1585692,5,14-12-2025
Cloud Engineer,Amazon,Gurgaon,DevOps,664690,3,07-03-2025
Backend Developer,IBM,Bangalore,Data Science,1544477,5,17-04-2024
Software Developer,Microsoft,Jaipur,Web Development,288588,1,28-08-2025
DevOps Engineer,Google,Delhi,Analytics,1283623,5,05-08-2025
Data Analyst,Oracle,Mumbai,Data Science,1038633,4,28-02-2024
Full Stack Developer,Deloitte,Hyderabad,AI,564139,2,24-06-2024
AI Engineer,Infosys,Gurgaon,Software Development,1362811,5,04-06-2025
Backend Developer,Wipro,Jaipur,Software Development,1109767,4,26-12-2024
DevOps Engineer,Zoho,Remote,AI,219838,1,25-09-2025
Frontend Developer,Accenture,Pune,Software Development,1449124,5,03-04-2025
AI Engineer,Microsoft,Mumbai,Analytics,1346406,5,08-04-2025
Software Developer,Deloitte,Pune,Software Development,1472249,5,28-02-2024
Data Scientist,Cognizant,Ahmedabad,DevOps,1040364,4,21-10-2025
Python Developer,Google,Gurgaon,Cloud,1117665,4,04-12-2024
Business Analyst,Accenture,Kolkata,Cloud,723552,3,22-11-2025
Data Analyst,Cognizant,Mumbai,Web Development,1392949,5,17-12-2024
Python Developer,Amazon,Mumbai,Data Science,422879,2,18-06-2024
Data Analyst,Amazon,Mumbai,Cloud,326448,1,28-11-2025
Backend Developer,Capgemini,Mumbai,Cloud,548725,2,01-06-2025
DevOps Engineer,Capgemini,Jaipur,AI,378581,1,25-02-2025
Data Analyst,Accenture,Remote,Data Science,377946,1,16-06-2025
Machine Learning Engineer,TCS,Gurgaon,Data Science,514431,2,20-09-2024
AI Engineer,HCLTech,Bangalore,Software Development,1551315,5,10-02-2024
DevOps Engineer,Amazon,Ahmedabad,Web Development,486546,2,13-08-2025
Machine Learning Engineer,Microsoft,Remote,Software Development,846426,3,05-11-2025
Cloud Engineer,Microsoft,Noida,DevOps,248411,1,02-05-2025
Data Scientist,Google,Pune,Cloud,304456,1,12-08-2025
Cloud Engineer,TCS,Ahmedabad,Software Development,451131,2,28-06-2024
Business Analyst,Zoho,Ahmedabad,DevOps,1405430,5,20-12-2025
AI Engineer,Deloitte,Chennai,Data Science,1438189,5,23-05-2025
Data Scientist,Microsoft,Noida,DevOps,855044,3,15-05-2025
Machine Learning Engineer,Accenture,Remote,Web Development,784001,3,02-03-2025
Data Analyst,Google,Bangalore,Data Science,1171915,4,06-10-2025
Data Analyst,Tech Mahindra,Ahmedabad,Cloud,1105687,4,13-11-2024
Python Developer,Deloitte,Jaipur,Web Development,257088,1,30-11-2024
Machine Learning Engineer,Amazon,Noida,Data Science,761297,3,24-09-2024
Business Analyst,Deloitte,Mumbai,DevOps,1357320,5,11-05-2024
AI Engineer,Cognizant,Kolkata,Cloud,390030,1,10-07-2025
AI Engineer,Cognizant,Kolkata,Cloud,690891,3,14-04-2024
Data Analyst,Accenture,Ahmedabad,Analytics,411023,2,26-09-2025
Backend Developer,Accenture,Chennai,Data Science,1510503,5,03-07-2024
Software Developer,Capgemini,Kolkata,Cloud,335624,1,17-02-2024
Business Analyst,Deloitte,Hyderabad,AI,265400,1,25-04-2024
Cloud Engineer,Cognizant,Ahmedabad,Analytics,1576092,5,23-07-2025
Data Scientist,Accenture,Jaipur,Software Development,391944,1,19-05-2024
Data Analyst,Infosys,Kolkata,Web Development,542393,2,27-12-2025
Data Analyst,Wipro,Ahmedabad,Cloud,1394590,5,12-08-2024
Data Analyst,Infosys,Hyderabad,Analytics,579359,2,25-06-2024
Backend Developer,Accenture,Kolkata,Data Science,923389,4,17-05-2025
Data Analyst,Cognizant,Hyderabad,Software Development,1074839,4,26-06-2025
DevOps Engineer,IBM,Chennai,Cloud,499829,2,31-01-2025
Machine Learning Engineer,Infosys,Delhi,DevOps,1002919,4,30-04-2024
Software Developer,IBM,Noida,DevOps,446514,2,26-08-2024
Full Stack Developer,TCS,Jaipur,DevOps,315165,1,05-06-2025
Data Scientist,Microsoft,Bangalore,AI,377381,1,11-12-2024
DevOps Engineer,Oracle,Gurgaon,Software Development,228967,1,09-08-2024
Full Stack Developer,Infosys,Bangalore,DevOps,681376,3,02-09-2025
Cloud Engineer,IBM,Chennai,Cloud,742111,3,07-04-2024
Full Stack Developer,Capgemini,Remote,Analytics,812497,3,13-02-2024
Machine Learning Engineer,Google,Mumbai,AI,516571,2,03-11-2024
Python Developer,HCLTech,Remote,Cloud,373545,1,09-12-2025
Backend Developer,Infosys,Chennai,Software Development,338213,1,28-10-2024
Software Developer,IBM,Mumbai,AI,672931,3,01-07-2024
Full Stack Developer,Infosys,Jaipur,Data Science,400638,2,23-07-2024
Machine Learning Engineer,Accenture,Kolkata,AI,249079,1,31-07-2024
DevOps Engineer,Accenture,Bangalore,AI,267326,1,06-01-2024
Machine Learning Engineer,Cognizant,Mumbai,Software Development,574129,2,13-02-2024
Full Stack Developer,Amazon,Jaipur,Web Development,584252,2,23-01-2025
Business Analyst,TCS,Mumbai,DevOps,641930,3,03-08-2025
Python Developer,Capgemini,Jaipur,Cloud,357643,1,14-09-2025
Data Analyst,HCLTech,Remote,Data Science,1194841,4,17-03-2024
Machine Learning Engineer,Accenture,Delhi,Data Science,355710,1,03-04-2025
Full Stack Developer,Amazon,Mumbai,AI,284611,1,08-07-2025
Data Scientist,Deloitte,Pune,DevOps,379646,1,07-08-2024
Frontend Developer,Microsoft,Jaipur,DevOps,1394591,5,05-06-2025
Cloud Engineer,Microsoft,Bangalore,Software Development,894921,3,18-02-2024
AI Engineer,Cognizant,Pune,Web Development,1212496,5,20-04-2024
Full Stack Developer,IBM,Pune,DevOps,1593951,5,29-10-2024
Python Developer,Deloitte,Gurgaon,DevOps,1315335,5,01-01-2025
Software Developer,Google,Bangalore,Software Development,211873,1,22-07-2025
Python Developer,Deloitte,Hyderabad,Cloud,1068789,4,29-05-2025
Python Developer,Oracle,Remote,Software Development,539419,2,09-10-2025
DevOps Engineer,Oracle,Bangalore,Software Development,744987,3,13-05-2025
Cloud Engineer,Cognizant,Remote,Cloud,476822,2,31-08-2024
Frontend Developer,Tech Mahindra,Pune,Cloud,1252542,5,27-07-2024
Backend Developer,Cognizant,Pune,AI,489826,2,13-09-2024
Machine Learning Engineer,Cognizant,Hyderabad,AI,387614,1,09-06-2025
Frontend Developer,Capgemini,Delhi,Web Development,332782,1,19-06-2024
Software Developer,TCS,Hyderabad,DevOps,1198420,4,16-03-2025
Full Stack Developer,Deloitte,Jaipur,Web Development,391975,1,22-03-2024
Cloud Engineer,Cognizant,Kolkata,Cloud,853785,3,07-03-2024
Data Analyst,HCLTech,Ahmedabad,AI,1214955,5,13-10-2025
Full Stack Developer,Google,Remote,AI,537172,2,15-01-2024
Data Scientist,Google,Mumbai,Data Science,596353,2,09-01-2024
Full Stack Developer,Wipro,Delhi,Analytics,931838,4,31-01-2025
Machine Learning Engineer,IBM,Kolkata,Web Development,373800,1,19-12-2024
Data Scientist,Tech Mahindra,Mumbai,Cloud,1522017,5,14-01-2024
Machine Learning Engineer,Zoho,Hyderabad,DevOps,1547576,5,06-10-2024
Data Scientist,Deloitte,Gurgaon,AI,1076328,4,16-10-2025
Backend Developer,Microsoft,Kolkata,AI,284532,1,25-11-2024
Cloud Engineer,Tech Mahindra,Pune,AI,666266,3,08-07-2025
Machine Learning Engineer,Google,Ahmedabad,Data Science,1544083,5,05-05-2025
DevOps Engineer,HCLTech,Gurgaon,Web Development,1179856,4,23-08-2025
Business Analyst,Oracle,Kolkata,DevOps,281389,1,29-09-2025
Data Scientist,Capgemini,Delhi,AI,882600,3,03-07-2024
Machine Learning Engineer,TCS,Pune,Cloud,1113413,4,24-01-2024
Full Stack Developer,Cognizant,Bangalore,Software Development,434682,2,16-04-2024
Python Developer,IBM,Pune,Web Development,1018714,4,04-06-2024
Frontend Developer,Google,Remote,Analytics,522164,2,16-09-2024
Full Stack Developer,Zoho,Bangalore,Web Development,524494,2,20-11-2024
Data Scientist,Google,Jaipur,Web Development,1303071,5,09-08-2024
Full Stack Developer,Cognizant,Kolkata,Analytics,458784,2,20-10-2024
DevOps Engineer,Infosys,Chennai,Cloud,1100865,4,24-09-2024
Software Developer,Cognizant,Kolkata,DevOps,593381,2,04-12-2025
Data Analyst,Wipro,Bangalore,Software Development,1000215,4,20-02-2025
Frontend Developer,HCLTech,Jaipur,Data Science,841790,3,12-07-2025
Software Developer,Capgemini,Noida,DevOps,1275825,5,11-12-2024
Full Stack Developer,Wipro,Gurgaon,Analytics,547622,2,08-02-2024
Frontend Developer,Google,Ahmedabad,Cloud,563507,2,23-02-2025
Machine Learning Engineer,Capgemini,Jaipur,Analytics,524426,2,27-06-2025
Machine Learning Engineer,Amazon,Mumbai,DevOps,1304109,5,21-07-2025
Frontend Developer,HCLTech,Bangalore,Cloud,1152962,4,16-12-2024
Python Developer,Oracle,Delhi,Software Development,1498321,5,13-06-2025
Cloud Engineer,Infosys,Noida,Software Development,875051,3,19-12-2025
AI Engineer,Capgemini,Hyderabad,AI,508660,2,29-03-2024
Python Developer,TCS,Remote,Web Development,487306,2,11-07-2024
Software Developer,Cognizant,Gurgaon,DevOps,231895,1,28-02-2025
Full Stack Developer,Microsoft,Pune,Software Development,370049,1,19-03-2025
Data Scientist,IBM,Ahmedabad,Web Development,1068839,4,16-11-2024
Backend Developer,HCLTech,Bangalore,Software Development,513279,2,13-06-2024
Machine Learning Engineer,Cognizant,Remote,AI,992339,4,16-05-2025
DevOps Engineer,Wipro,Ahmedabad,AI,1068096,4,22-01-2025
Data Analyst,Google,Jaipur,DevOps,569189,2,03-06-2024
Machine Learning Engineer,Wipro,Pune,Data Science,1393474,5,28-05-2024
Data Scientist,Deloitte,Gurgaon,Analytics,709701,3,21-02-2025
Frontend Developer,Oracle,Remote,Cloud,1529195,5,24-06-2024
Backend Developer,Cognizant,Bangalore,Software Development,1392390,5,27-10-2025
Data Scientist,Wipro,Chennai,Data Science,1011621,4,29-09-2025
Backend Developer,Deloitte,Jaipur,AI,1010294,4,17-03-2025
Software Developer,Tech Mahindra,Kolkata,Analytics,633527,3,13-12-2024
Data Analyst,HCLTech,Ahmedabad,AI,1061405,4,16-03-2025
Full Stack Developer,Oracle,Pune,Software Development,490682,2,24-01-2025
Machine Learning Engineer,Capgemini,Mumbai,Cloud,953481,4,08-04-2025
Python Developer,Deloitte,Noida,Software Development,496976,2,16-07-2025
DevOps Engineer,Cognizant,Gurgaon,Cloud,581983,2,25-09-2024
Business Analyst,Cognizant,Pune,Web Development,434099,2,01-04-2024
Data Scientist,IBM,Chennai,Data Science,1279451,5,12-11-2024
Cloud Engineer,IBM,Noida,DevOps,518923,2,19-07-2024
Data Scientist,Cognizant,Jaipur,DevOps,1293279,5,31-01-2024
Software Developer,Capgemini,Hyderabad,Web Development,399749,1,17-01-2025
Software Developer,IBM,Delhi,Data Science,1040136,4,21-05-2024
Cloud Engineer,Infosys,Bangalore,Cloud,424077,2,10-10-2025
Business Analyst,Zoho,Hyderabad,Software Development,1087054,4,04-05-2025
Cloud Engineer,Wipro,Hyderabad,Cloud,1545906,5,08-07-2025
Full Stack Developer,Infosys,Gurgaon,Analytics,866271,3,31-07-2024
Software Developer,Microsoft,Chennai,Cloud,1220265,5,09-03-2024
DevOps Engineer,Cognizant,Pune,Software Development,1264100,5,04-01-2025
Cloud Engineer,Zoho,Jaipur,Data Science,827530,3,05-12-2024
AI Engineer,IBM,Noida,Web Development,1484515,5,27-11-2024
Machine Learning Engineer,Microsoft,Ahmedabad,DevOps,1001942,4,15-01-2024
AI Engineer,Deloitte,Noida,Data Science,1138056,4,01-09-2024
Data Scientist,Amazon,Chennai,DevOps,1133419,4,29-04-2024
Python Developer,TCS,Remote,Data Science,822773,3,14-09-2024
Full Stack Developer,Infosys,Ahmedabad,Analytics,299877,1,15-02-2024
Business Analyst,Oracle,Remote,Data Science,1298447,5,24-08-2025
Python Developer,Google,Noida,Data Science,347745,1,06-09-2025
Business Analyst,Amazon,Noida,DevOps,404531,2,26-02-2024
Full Stack Developer,Accenture,Bangalore,Web Development,580031,2,28-10-2025
Frontend Developer,Capgemini,Hyderabad,Data Science,1105053,4,18-10-2025
Full Stack Developer,Infosys,Ahmedabad,Web Development,988642,4,04-07-2024
Data Analyst,Accenture,Delhi,Web Development,1237910,5,08-11-2024
Python Developer,IBM,Hyderabad,Analytics,305311,1,24-01-2025
Machine Learning Engineer,Google,Pune,Cloud,1252228,5,28-04-2024
Cloud Engineer,Microsoft,Mumbai,Cloud,288323,1,31-12-2024
Data Scientist,Google,Remote,Software Development,225081,1,16-08-2025
Full Stack Developer,Microsoft,Remote,Software Development,543527,2,17-11-2025
Software Developer,Deloitte,Gurgaon,AI,304804,1,09-08-2025
Business Analyst,IBM,Bangalore,Web Development,497459,2,29-11-2024
Full Stack Developer,Cognizant,Delhi,AI,396912,1,28-11-2025
Full Stack Developer,Microsoft,Noida,Data Science,1464682,5,11-09-2024
Cloud Engineer,Infosys,Ahmedabad,DevOps,595350,2,24-02-2025
Backend Developer,HCLTech,Hyderabad,Data Science,1426563,5,02-06-2024
Cloud Engineer,IBM,Pune,Cloud,340471,1,17-01-2024
Full Stack Developer,HCLTech,Remote,Cloud,535184,2,01-07-2025
Frontend Developer,Oracle,Mumbai,Cloud,549806,2,26-09-2025
Data Scientist,Google,Mumbai,Data Science,1230508,5,21-03-2025
AI Engineer,Oracle,Mumbai,DevOps,468481,2,02-06-2025
Data Scientist,Google,Remote,AI,1540233,5,15-02-2024
Backend Developer,Wipro,Jaipur,Web Development,768843,3,13-07-2025
Cloud Engineer,Deloitte,Mumbai,Analytics,770367,3,22-08-2025
Data Scientist,Capgemini,Gurgaon,Software Development,773443,3,18-07-2024
Machine Learning Engineer,TCS,Remote,DevOps,579800,2,05-05-2025
Frontend Developer,Deloitte,Kolkata,Analytics,305839,1,19-02-2025
Business Analyst,Tech Mahindra,Pune,Cloud,406530,2,13-07-2024
AI Engineer,Oracle,Jaipur,Analytics,1300467,5,27-07-2024
Machine Learning Engineer,Amazon,Hyderabad,Analytics,365653,1,15-10-2025
Python Developer,Cognizant,Ahmedabad,Data Science,360980,1,28-03-2025
AI Engineer,Tech Mahindra,Mumbai,Software Development,1092950,4,13-05-2025
Software Developer,Zoho,Remote,Software Development,209959,1,20-07-2024
Full Stack Developer,Wipro,Mumbai,Web Development,540711,2,29-12-2025
Frontend Developer,Deloitte,Mumbai,Analytics,1251040,5,23-11-2025
Backend Developer,Amazon,Kolkata,Cloud,747290,3,17-01-2025
Full Stack Developer,Tech Mahindra,Noida,AI,237841,1,16-08-2025
Data Analyst,Oracle,Delhi,Web Development,249135,1,25-04-2024
Python Developer,Tech Mahindra,Delhi,Software Development,282984,1,05-09-2025
Data Analyst,Deloitte,Bangalore,Analytics,330867,1,29-12-2024
Frontend Developer,Tech Mahindra,Ahmedabad,Analytics,1042777,4,05-04-2025
DevOps Engineer,Capgemini,Delhi,Web Development,1037718,4,09-03-2024
Backend Developer,Microsoft,Pune,Web Development,503439,2,22-07-2025
DevOps Engineer,Tech Mahindra,Bangalore,Data Science,1457520,5,12-09-2024
Software Developer,Infosys,Jaipur,Software Development,271011,1,09-12-2025
DevOps Engineer,Accenture,Jaipur,Analytics,1109459,4,25-12-2024
Full Stack Developer,Google,Chennai,Cloud,405829,2,14-03-2024
DevOps Engineer,IBM,Jaipur,Web Development,1571060,5,09-01-2025
Python Developer,Google,Kolkata,Cloud,377266,1,19-06-2024
Frontend Developer,HCLTech,Bangalore,Analytics,362058,1,06-11-2025
DevOps Engineer,HCLTech,Mumbai,DevOps,741967,3,13-06-2025
AI Engineer,Zoho,Ahmedabad,Software Development,686665,3,08-09-2024
Business Analyst,Cognizant,Ahmedabad,Web Development,678041,3,08-06-2024
Data Scientist,Capgemini,Noida,Web Development,1214681,5,28-05-2024
AI Engineer,IBM,Bangalore,Data Science,315600,1,15-03-2025
Data Scientist,Microsoft,Remote,Web Development,1124149,4,10-08-2024
Python Developer,Cognizant,Kolkata,Analytics,702373,3,08-03-2025
DevOps Engineer,TCS,Ahmedabad,AI,515139,2,17-08-2024
Cloud Engineer,Capgemini,Delhi,Data Science,210978,1,05-08-2025
Cloud Engineer,Cognizant,Chennai,Data Science,756927,3,14-11-2025
Backend Developer,TCS,Mumbai,Analytics,1349264,5,05-03-2025
Business Analyst,Zoho,Delhi,Cloud,1130120,4,09-07-2024
Cloud Engineer,Deloitte,Chennai,DevOps,1498950,5,31-01-2024
Machine Learning Engineer,IBM,Chennai,Cloud,422393,2,07-04-2024
Business Analyst,Tech Mahindra,Noida,Cloud,1464813,5,16-05-2024
Python Developer,Infosys,Hyderabad,AI,1281531,5,24-04-2024
Python Developer,Oracle,Mumbai,Analytics,258912,1,16-05-2024
Business Analyst,Cognizant,Kolkata,Analytics,710432,3,27-09-2025
Python Developer,Infosys,Kolkata,Software Development,1430113,5,28-11-2025
AI Engineer,Microsoft,Bangalore,DevOps,883439,3,30-06-2024
Machine Learning Engineer,Wipro,Noida,Data Science,627812,3,26-06-2025
Full Stack Developer,Amazon,Delhi,AI,1538366,5,02-07-2024
DevOps Engineer,Tech Mahindra,Delhi,Software Development,497548,2,25-08-2025
DevOps Engineer,Cognizant,Ahmedabad,Web Development,355438,1,03-05-2024
Software Developer,Wipro,Kolkata,Web Development,1558366,5,28-07-2024
DevOps Engineer,Zoho,Noida,Web Development,674225,3,15-03-2024
Backend Developer,Capgemini,Mumbai,AI,593199,2,02-05-2025
Business Analyst,Capgemini,Gurgaon,Analytics,775618,3,15-09-2024
Backend Developer,IBM,Gurgaon,DevOps,1354904,5,22-08-2024
Data Scientist,Capgemini,Ahmedabad,Data Science,727523,3,23-12-2025
Python Developer,Zoho,Hyderabad,Software Development,1320659,5,17-09-2025
Data Analyst,TCS,Delhi,AI,266272,1,13-10-2024
Data Analyst,Wipro,Pune,Cloud,321465,1,31-05-2024
Machine Learning Engineer,Deloitte,Remote,Data Science,473086,2,20-05-2024
Data Analyst,IBM,Kolkata,Software Development,591329,2,29-08-2024
Python Developer,TCS,Chennai,Software Development,455544,2,25-09-2025
Business Analyst,Zoho,Hyderabad,AI,283901,1,06-07-2024
AI Engineer,Tech Mahindra,Chennai,Analytics,936299,4,07-04-2025
DevOps Engineer,Wipro,Gurgaon,AI,1227894,5,31-05-2024
Frontend Developer,Cognizant,Kolkata,Software Development,275681,1,10-12-2024
Business Analyst,Microsoft,Gurgaon,Web Development,736858,3,29-12-2024
Python Developer,Zoho,Remote,AI,200690,1,06-01-2024
Full Stack Developer,Google,Kolkata,Data Science,952210,4,02-07-2024
Full Stack Developer,Capgemini,Jaipur,Web Development,417177,2,21-01-2025
Frontend Developer,HCLTech,Pune,Data Science,611435,3,15-11-2024
Machine Learning Engineer,TCS,Ahmedabad,Software Development,889520,3,23-06-2025
Data Analyst,Tech Mahindra,Gurgaon,Software Development,516876,2,17-11-2024
AI Engineer,HCLTech,Remote,Data Science,1546155,5,08-10-2025
Data Analyst,TCS,Ahmedabad,Cloud,828724,3,04-06-2025
Frontend Developer,Wipro,Gurgaon,Data Science,906558,4,19-10-2024
Business Analyst,Microsoft,Kolkata,Analytics,543443,2,06-07-2025
Business Analyst,Zoho,Delhi,Software Development,894873,3,10-04-2024
Full Stack Developer,HCLTech,Noida,AI,376290,1,05-05-2025
AI Engineer,Accenture,Jaipur,AI,846146,3,15-07-2025
Business Analyst,Cognizant,Ahmedabad,Software Development,907968,4,07-06-2025
Cloud Engineer,Microsoft,Noida,Cloud,288909,1,08-01-2024
Frontend Developer,Microsoft,Gurgaon,Web Development,309879,1,17-01-2024
Full Stack Developer,Tech Mahindra,Pune,AI,425518,2,02-12-2025
Full Stack Developer,Oracle,Ahmedabad,Analytics,333434,1,05-11-2024
Data Analyst,Cognizant,Noida,Analytics,288831,1,23-02-2025
Python Developer,Zoho,Hyderabad,Data Science,394036,1,24-05-2024
Cloud Engineer,Google,Pune,Web Development,806104,3,24-09-2025
AI Engineer,Microsoft,Noida,Software Development,588607,2,08-04-2025
Data Scientist,Wipro,Hyderabad,AI,587737,2,23-01-2024
Python Developer,IBM,Mumbai,Data Science,209064,1,12-06-2024
Full Stack Developer,Tech Mahindra,Bangalore,DevOps,1577350,5,11-01-2024
Business Analyst,Cognizant,Gurgaon,Web Development,1033288,4,07-05-2024
Cloud Engineer,Wipro,Mumbai,Data Science,304567,1,07-04-2024
AI Engineer,Accenture,Chennai,Analytics,1346960,5,29-07-2024
AI Engineer,Capgemini,Ahmedabad,Web Development,1124785,4,22-07-2024
Machine Learning Engineer,Microsoft,Chennai,DevOps,704892,3,15-03-2024
Software Developer,Zoho,Pune,Analytics,1331655,5,14-02-2025
AI Engineer,Zoho,Kolkata,Analytics,796763,3,31-01-2024
Cloud Engineer,Microsoft,Kolkata,Software Development,1296234,5,15-02-2024
Backend Developer,Google,Mumbai,Analytics,781110,3,19-08-2024
Data Analyst,Accenture,Kolkata,DevOps,1273207,5,23-11-2024
Cloud Engineer,Capgemini,Ahmedabad,Analytics,891386,3,21-09-2025
Python Developer,Oracle,Pune,AI,442684,2,21-04-2025
Software Developer,TCS,Jaipur,DevOps,799194,3,22-03-2025
Business Analyst,Zoho,Chennai,Analytics,1450972,5,25-03-2024
Full Stack Developer,HCLTech,Delhi,Web Development,519380,2,22-09-2025
AI Engineer,Deloitte,Hyderabad,Data Science,1069685,4,28-01-2025
Software Developer,Zoho,Noida,Data Science,1537862,5,12-11-2025
Data Analyst,Microsoft,Mumbai,AI,1477319,5,22-01-2025
Data Analyst,Google,Ahmedabad,AI,1491485,5,22-09-2025
AI Engineer,Zoho,Remote,Software Development,612667,3,12-08-2025
Software Developer,Google,Delhi,DevOps,458418,2,27-06-2025
Cloud Engineer,IBM,Kolkata,DevOps,636100,3,12-04-2024
Data Analyst,Accenture,Kolkata,Analytics,800916,3,19-05-2025
Business Analyst,Capgemini,Mumbai,Web Development,1522592,5,28-01-2024
Frontend Developer,HCLTech,Noida,Software Development,238530,1,23-09-2024
DevOps Engineer,Accenture,Noida,DevOps,430752,2,21-07-2025
Cloud Engineer,IBM,Noida,Cloud,1451030,5,26-06-2024
Backend Developer,HCLTech,Kolkata,Analytics,357549,1,12-02-2024
Frontend Developer,Tech Mahindra,Hyderabad,Software Development,657969,3,09-07-2024
Cloud Engineer,Cognizant,Noida,Cloud,1038714,4,15-06-2025
DevOps Engineer,Capgemini,Hyderabad,Web Development,482955,2,04-12-2024
Data Analyst,Capgemini,Kolkata,AI,379222,1,21-12-2024
Cloud Engineer,Amazon,Mumbai,Cloud,679735,3,27-03-2024
Business Analyst,Capgemini,Delhi,Cloud,1288117,5,09-02-2025
Full Stack Developer,Accenture,Noida,Data Science,1452808,5,05-02-2025
Cloud Engineer,Accenture,Pune,AI,595068,2,09-04-2024
AI Engineer,Infosys,Gurgaon,Cloud,793001,3,26-03-2025
Cloud Engineer,Microsoft,Kolkata,Data Science,404629,2,01-12-2025
Machine Learning Engineer,TCS,Hyderabad,Cloud,286335,1,13-05-2025
Cloud Engineer,Zoho,Ahmedabad,Analytics,510101,2,02-03-2025
AI Engineer,IBM,Bangalore,Software Development,478899,2,08-04-2024
Data Analyst,TCS,Jaipur,DevOps,413299,2,15-04-2025
AI Engineer,Capgemini,Ahmedabad,Data Science,684371,3,15-11-2024
Business Analyst,HCLTech,Bangalore,Cloud,355931,1,05-06-2025
Python Developer,IBM,Hyderabad,DevOps,553328,2,30-10-2025
Data Analyst,Capgemini,Mumbai,Data Science,205734,1,25-04-2024
Data Scientist,Oracle,Hyderabad,Analytics,453642,2,22-12-2024
AI Engineer,Google,Hyderabad,Analytics,1305944,5,22-11-2024
Business Analyst,Accenture,Delhi,Data Science,1087065,4,03-10-2024
Full Stack Developer,TCS,Jaipur,Analytics,951648,4,24-08-2025
DevOps Engineer,Microsoft,Kolkata,Analytics,1078251,4,15-02-2025
DevOps Engineer,Cognizant,Chennai,Software Development,640492,3,20-04-2024
Data Analyst,Capgemini,Kolkata,DevOps,1275703,5,05-06-2025
Cloud Engineer,Microsoft,Bangalore,DevOps,972271,4,01-05-2024
Data Analyst,Zoho,Ahmedabad,Analytics,951482,4,06-10-2024
Machine Learning Engineer,Capgemini,Ahmedabad,Analytics,866973,3,25-10-2025
Frontend Developer,IBM,Gurgaon,Data Science,851768,3,16-12-2024
Machine Learning Engineer,Cognizant,Bangalore,DevOps,788221,3,15-09-2025
Frontend Developer,Capgemini,Gurgaon,Analytics,1112730,4,11-08-2024
Data Analyst,Tech Mahindra,Gurgaon,Cloud,489545,2,29-01-2024
Machine Learning Engineer,Infosys,Chennai,Software Development,1060904,4,02-11-2025
Data Analyst,Google,Delhi,Analytics,375888,1,10-01-2025
Software Developer,Accenture,Hyderabad,AI,1229855,5,05-02-2025
Frontend Developer,HCLTech,Delhi,Analytics,427959,2,13-01-2025
Software Developer,Cognizant,Noida,Data Science,486218,2,13-12-2024
Machine Learning Engineer,Tech Mahindra,Noida,Web Development,329169,1,14-02-2024
Python Developer,Zoho,Jaipur,Cloud,784175,3,23-12-2024
Business Analyst,HCLTech,Hyderabad,Analytics,1205487,5,06-01-2025
Business Analyst,Infosys,Pune,Data Science,685993,3,20-11-2024
Cloud Engineer,Amazon,Pune,AI,1320080,5,12-09-2025
Full Stack Developer,Cognizant,Pune,Data Science,575095,2,13-05-2024
Frontend Developer,Zoho,Kolkata,Cloud,587059,2,24-07-2024
Data Scientist,TCS,Kolkata,Cloud,1474313,5,13-05-2024
Data Analyst,Capgemini,Ahmedabad,AI,1346478,5,17-02-2025
DevOps Engineer,Google,Noida,Web Development,312918,1,26-12-2025
Machine Learning Engineer,Google,Hyderabad,Web Development,269565,1,25-06-2025
Machine Learning Engineer,Oracle,Bangalore,AI,1565669,5,04-09-2024
Backend Developer,TCS,Pune,Data Science,1055351,4,21-07-2025
Python Developer,Capgemini,Gurgaon,Data Science,1385427,5,26-02-2025
Software Developer,Deloitte,Hyderabad,Web Development,216843,1,21-01-2024
Data Scientist,Zoho,Gurgaon,Data Science,517995,2,12-11-2025
Data Scientist,Infosys,Bangalore,Software Development,493815,2,17-09-2025
Backend Developer,HCLTech,Pune,Web Development,1473500,5,21-10-2024
Business Analyst,Tech Mahindra,Pune,AI,668438,3,20-09-2024
Business Analyst,Microsoft,Pune,AI,447672,2,20-12-2025
Full Stack Developer,Tech Mahindra,Mumbai,Web Development,1080815,4,05-02-2025
Cloud Engineer,HCLTech,Pune,Cloud,298340,1,25-03-2025
Data Analyst,IBM,Delhi,Software Development,1362989,5,05-03-2024
Full Stack Developer,Zoho,Bangalore,Cloud,230194,1,02-12-2024
Software Developer,Amazon,Bangalore,Web Development,1025820,4,23-12-2024
Cloud Engineer,Accenture,Noida,Data Science,1393606,5,27-03-2024
Machine Learning Engineer,Google,Noida,Cloud,403250,2,12-04-2024
AI Engineer,Wipro,Noida,Data Science,812959,3,21-01-2024
AI Engineer,TCS,Delhi,Analytics,1013290,4,14-09-2025
Data Scientist,Tech Mahindra,Jaipur,Software Development,414077,2,04-01-2025
Python Developer,HCLTech,Ahmedabad,DevOps,555270,2,06-10-2024
Software Developer,HCLTech,Chennai,Analytics,1175190,4,30-03-2025
Machine Learning Engineer,Zoho,Noida,Cloud,838198,3,02-03-2024
Data Scientist,Deloitte,Bangalore,Software Development,1213254,5,07-10-2024
AI Engineer,Wipro,Chennai,Software Development,1556554,5,24-04-2024
Software Developer,Wipro,Chennai,Data Science,1514507,5,22-06-2024
Full Stack Developer,Capgemini,Noida,AI,1193441,4,21-02-2025
Machine Learning Engineer,HCLTech,Pune,Software Development,746286,3,08-10-2025
Software Developer,Microsoft,Delhi,Cloud,428123,2,28-03-2024
Data Scientist,Cognizant,Noida,Cloud,485261,2,02-11-2025
Full Stack Developer,Tech Mahindra,Gurgaon,AI,356686,1,25-03-2024
Full Stack Developer,Oracle,Delhi,DevOps,423199,2,29-03-2025
Data Scientist,TCS,Ahmedabad,AI,616755,3,30-06-2025
Cloud Engineer,Oracle,Remote,Web Development,1006150,4,12-06-2024
DevOps Engineer,Microsoft,Ahmedabad,AI,216762,1,05-06-2024
Software Developer,Google,Noida,Web Development,716646,3,31-10-2025
Python Developer,Amazon,Delhi,AI,675586,3,03-12-2025
AI Engineer,Tech Mahindra,Jaipur,Web Development,541950,2,07-11-2024
Backend Developer,Infosys,Jaipur,DevOps,500440,2,28-09-2024
Cloud Engineer,Tech Mahindra,Chennai,DevOps,1221871,5,13-10-2025
Machine Learning Engineer,Google,Pune,Cloud,1582388,5,01-05-2024
AI Engineer,Cognizant,Pune,Analytics,353041,1,11-12-2025
Frontend Developer,IBM,Pune,Analytics,1039011,4,10-11-2024
Full Stack Developer,HCLTech,Mumbai,Data Science,965503,4,21-06-2025
Software Developer,Tech Mahindra,Gurgaon,AI,378597,1,30-10-2024
Software Developer,Infosys,Gurgaon,AI,390316,1,04-11-2025
Software Developer,Zoho,Remote,Analytics,1145165,4,27-02-2025
Cloud Engineer,Deloitte,Chennai,Web Development,962611,4,08-04-2024
Python Developer,Cognizant,Noida,Analytics,1324487,5,29-08-2025
Machine Learning Engineer,Tech Mahindra,Kolkata,Data Science,445952,2,10-09-2024
Backend Developer,Zoho,Ahmedabad,Web Development,1371929,5,01-12-2025
Cloud Engineer,TCS,Mumbai,Data Science,1042897,4,17-05-2024
Backend Developer,Google,Delhi,Software Development,1177523,4,25-11-2025
Software Developer,Deloitte,Bangalore,Software Development,1321077,5,12-07-2024
Python Developer,Cognizant,Chennai,AI,870226,3,07-03-2024
AI Engineer,Zoho,Hyderabad,DevOps,555087,2,31-01-2025
Backend Developer,IBM,Remote,Analytics,1290774,5,15-01-2024
Full Stack Developer,IBM,Gurgaon,AI,347695,1,05-12-2024
AI Engineer,TCS,Jaipur,DevOps,1278937,5,28-10-2025
Business Analyst,Deloitte,Ahmedabad,AI,1526900,5,08-02-2025
Data Scientist,Amazon,Remote,Cloud,1085655,4,22-10-2025
Data Scientist,Oracle,Jaipur,Web Development,1373234,5,22-03-2025
Business Analyst,Google,Chennai,DevOps,756762,3,26-04-2025
Cloud Engineer,Zoho,Ahmedabad,Web Development,514645,2,16-01-2025
Business Analyst,Zoho,Bangalore,Web Development,703983,3,07-03-2025
Full Stack Developer,Amazon,Bangalore,Software Development,304891,1,09-01-2025
Full Stack Developer,Infosys,Hyderabad,Analytics,1226138,5,09-12-2025
Business Analyst,Tech Mahindra,Ahmedabad,Analytics,259314,1,11-12-2024
DevOps Engineer,Accenture,Noida,DevOps,521977,2,28-04-2024
Data Analyst,Wipro,Noida,Data Science,918587,4,24-08-2025
Python Developer,HCLTech,Gurgaon,Web Development,493761,2,10-08-2024
Full Stack Developer,Zoho,Bangalore,Software Development,1095249,4,05-03-2024
Machine Learning Engineer,Oracle,Bangalore,AI,601031,3,08-12-2025
Data Scientist,Tech Mahindra,Gurgaon,Data Science,958434,4,24-08-2024
Frontend Developer,Cognizant,Jaipur,Analytics,654544,3,23-06-2024
Full Stack Developer,Capgemini,Kolkata,Analytics,1063939,4,02-10-2024
DevOps Engineer,Oracle,Chennai,DevOps,360859,1,26-03-2025
Machine Learning Engineer,Oracle,Noida,Web Development,1123949,4,27-05-2024
Backend Developer,HCLTech,Ahmedabad,AI,782285,3,11-05-2025
Software Developer,Microsoft,Chennai,Data Science,815555,3,02-03-2024
Software Developer,Infosys,Remote,AI,541285,2,18-06-2025
Cloud Engineer,IBM,Mumbai,Data Science,565372,2,17-01-2024
Frontend Developer,Accenture,Jaipur,AI,906819,4,14-09-2025
Data Analyst,Microsoft,Pune,Analytics,843163,3,28-05-2025
Business Analyst,Deloitte,Bangalore,DevOps,916495,4,15-07-2025
Full Stack Developer,Cognizant,Chennai,Analytics,1204727,5,03-02-2025
Full Stack Developer,Tech Mahindra,Gurgaon,AI,420785,2,18-05-2024
Data Analyst,HCLTech,Chennai,DevOps,1339209,5,01-05-2024
Data Scientist,Capgemini,Noida,Cloud,339227,1,12-07-2025
Machine Learning Engineer,Oracle,Bangalore,AI,622260,3,11-02-2024
Machine Learning Engineer,Accenture,Bangalore,Data Science,321674,1,25-03-2024
Data Scientist,HCLTech,Remote,DevOps,277701,1,11-08-2024
Frontend Developer,Tech Mahindra,Jaipur,AI,207601,1,13-01-2025
Machine Learning Engineer,HCLTech,Bangalore,AI,602485,3,05-09-2025
Data Scientist,Zoho,Ahmedabad,Data Science,206450,1,04-11-2024
AI Engineer,Cognizant,Remote,Analytics,874764,3,07-12-2025
Data Analyst,Tech Mahindra,Ahmedabad,DevOps,557965,2,21-05-2024
Frontend Developer,Google,Noida,AI,1025527,4,18-12-2024
Software Developer,Infosys,Bangalore,Cloud,328422,1,26-11-2025
Backend Developer,Wipro,Gurgaon,Data Science,504291,2,16-01-2025
Software Developer,Amazon,Hyderabad,Data Science,1510537,5,30-05-2025
Software Developer,HCLTech,Bangalore,Analytics,748174,3,10-05-2024
Data Scientist,Cognizant,Hyderabad,AI,363346,1,10-02-2025
Machine Learning Engineer,Tech Mahindra,Hyderabad,AI,580264,2,28-02-2025
Frontend Developer,Wipro,Remote,Cloud,1207356,5,19-06-2025
Frontend Developer,Microsoft,Pune,Data Science,1248641,5,17-11-2024
Python Developer,Accenture,Noida,AI,387072,1,21-02-2025
Cloud Engineer,Capgemini,Ahmedabad,DevOps,631313,3,10-11-2024
Backend Developer,Accenture,Noida,Analytics,221273,1,19-03-2025
AI Engineer,IBM,Bangalore,AI,807124,3,10-11-2024
Python Developer,Capgemini,Remote,Software Development,791245,3,14-08-2025
AI Engineer,Cognizant,Jaipur,Data Science,462617,2,10-03-2025
AI Engineer,TCS,Pune,DevOps,656510,3,17-09-2025
Full Stack Developer,Zoho,Bangalore,DevOps,509644,2,09-08-2024
Business Analyst,Wipro,Jaipur,Cloud,310459,1,23-08-2024
Business Analyst,Accenture,Chennai,Cloud,851696,3,01-10-2024
DevOps Engineer,TCS,Hyderabad,AI,479383,2,23-11-2025
Data Analyst,IBM,Hyderabad,Software Development,464105,2,07-07-2024
Machine Learning Engineer,HCLTech,Noida,Data Science,1328494,5,20-03-2024
Python Developer,IBM,Jaipur,Data Science,587465,2,26-10-2025
DevOps Engineer,Accenture,Hyderabad,Cloud,517309,2,09-02-2024
Cloud Engineer,Tech Mahindra,Hyderabad,Cloud,210515,1,24-08-2025
Full Stack Developer,Accenture,Pune,DevOps,1405116,5,03-04-2024
Software Developer,Deloitte,Kolkata,Software Development,563861,2,15-04-2024
Full Stack Developer,Oracle,Bangalore,AI,1383112,5,18-08-2024
Python Developer,HCLTech,Mumbai,Cloud,619816,3,27-08-2024
Python Developer,TCS,Ahmedabad,Software Development,449985,2,14-11-2024
Python Developer,Tech Mahindra,Kolkata,Data Science,1132686,4,05-01-2025
Frontend Developer,Cognizant,Chennai,Software Development,840830,3,23-08-2024
Data Scientist,HCLTech,Kolkata,Web Development,1061434,4,24-01-2024
Business Analyst,Google,Kolkata,Web Development,421299,2,03-02-2025
Python Developer,Deloitte,Noida,Web Development,849374,3,20-11-2025
Data Analyst,HCLTech,Remote,Data Science,283722,1,16-07-2025
Frontend Developer,Capgemini,Bangalore,Web Development,312822,1,12-11-2024
Software Developer,TCS,Mumbai,Web Development,264047,1,03-01-2025
Full Stack Developer,Accenture,Remote,Web Development,1127611,4,04-08-2024
Data Scientist,Accenture,Remote,AI,247076,1,27-03-2024
Data Analyst,HCLTech,Kolkata,Cloud,1045433,4,01-10-2024
Cloud Engineer,IBM,Gurgaon,Analytics,337160,1,21-09-2024
Data Analyst,Microsoft,Delhi,Web Development,531442,2,26-10-2024
Backend Developer,Oracle,Bangalore,Data Science,1050254,4,25-04-2024
Business Analyst,Microsoft,Gurgaon,Analytics,1395925,5,11-04-2025
Data Scientist,Oracle,Mumbai,DevOps,706781,3,27-06-2024
DevOps Engineer,HCLTech,Remote,AI,553287,2,28-10-2024
DevOps Engineer,Amazon,Pune,Web Development,1100601,4,27-06-2024
DevOps Engineer,Zoho,Jaipur,Software Development,378421,1,10-03-2025
Cloud Engineer,Cognizant,Ahmedabad,DevOps,348116,1,05-06-2025
Backend Developer,Deloitte,Noida,Analytics,1572970,5,07-09-2025
Machine Learning Engineer,Microsoft,Hyderabad,Analytics,834667,3,26-05-2025
Backend Developer,TCS,Chennai,Web Development,1562393,5,11-09-2025
Python Developer,Infosys,Remote,Analytics,1238280,5,12-02-2025
Software Developer,Oracle,Hyderabad,Web Development,1000146,4,05-03-2025
AI Engineer,Google,Delhi,Web Development,1067422,4,18-10-2024
AI Engineer,Deloitte,Mumbai,Analytics,1217917,5,08-03-2024
Frontend Developer,Amazon,Kolkata,Cloud,958501,4,11-07-2024
Python Developer,Zoho,Chennai,Data Science,1506731,5,02-12-2024
Business Analyst,HCLTech,Jaipur,Data Science,1270598,5,05-01-2025
Data Scientist,HCLTech,Chennai,AI,1562930,5,02-05-2025
Data Scientist,TCS,Mumbai,Cloud,466212,2,12-02-2025
Frontend Developer,HCLTech,Kolkata,Analytics,268496,1,30-04-2024
Business Analyst,Cognizant,Bangalore,Software Development,725605,3,25-09-2025
DevOps Engineer,IBM,Mumbai,Cloud,962900,4,21-11-2025
Machine Learning Engineer,Infosys,Bangalore,Web Development,643982,3,29-08-2024
Machine Learning Engineer,Cognizant,Mumbai,DevOps,569514,2,01-08-2025
Data Analyst,TCS,Chennai,Software Development,369864,1,08-08-2025
AI Engineer,TCS,Bangalore,Cloud,532816,2,17-12-2024
Cloud Engineer,Zoho,Hyderabad,DevOps,1432091,5,12-12-2024
DevOps Engineer,IBM,Gurgaon,Software Development,826902,3,29-05-2025
Backend Developer,Amazon,Remote,AI,575640,2,02-08-2024
Backend Developer,Deloitte,Kolkata,Cloud,362204,1,06-10-2025
Backend Developer,Wipro,Bangalore,Cloud,1105093,4,14-08-2024
Backend Developer,Tech Mahindra,Hyderabad,Analytics,1540843,5,01-01-2025
Python Developer,Deloitte,Noida,Software Development,1424222,5,14-04-2024
AI Engineer,TCS,Noida,Cloud,1325470,5,19-12-2024
Backend Developer,Microsoft,Kolkata,DevOps,1126307,4,17-10-2025
Data Analyst,Infosys,Hyderabad,Web Development,1143275,4,08-08-2024
Cloud Engineer,Infosys,Chennai,Analytics,235560,1,05-08-2024
Data Scientist,Tech Mahindra,Hyderabad,Web Development,767006,3,31-07-2025
Backend Developer,Oracle,Ahmedabad,DevOps,657771,3,07-06-2024
Machine Learning Engineer,Amazon,Kolkata,Data Science,1361571,5,05-04-2024
Full Stack Developer,Cognizant,Pune,Data Science,470134,2,19-06-2024
Machine Learning Engineer,Capgemini,Chennai,Software Development,746227,3,01-06-2024
Software Developer,Google,Hyderabad,DevOps,265307,1,06-11-2025
Business Analyst,Microsoft,Remote,Software Development,456282,2,16-06-2024
Machine Learning Engineer,Cognizant,Gurgaon,Data Science,1179013,4,04-11-2024
Business Analyst,Accenture,Kolkata,Software Development,1552544,5,17-02-2024
Cloud Engineer,Cognizant,Gurgaon,Cloud,1022565,4,23-11-2024
AI Engineer,Tech Mahindra,Bangalore,Web Development,1536524,5,13-03-2025
DevOps Engineer,Zoho,Mumbai,DevOps,216775,1,19-05-2024
AI Engineer,Capgemini,Ahmedabad,Data Science,294924,1,29-09-2025
Machine Learning Engineer,Deloitte,Ahmedabad,Software Development,1113766,4,04-12-2024
Python Developer,Accenture,Mumbai,DevOps,1165500,4,10-08-2024
Full Stack Developer,HCLTech,Kolkata,Data Science,926365,4,20-10-2025
Data Scientist,Accenture,Gurgaon,Cloud,796742,3,19-09-2024
Frontend Developer,Zoho,Kolkata,Software Development,906223,4,13-01-2025
Full Stack Developer,TCS,Noida,Cloud,306769,1,18-07-2025
Backend Developer,Cognizant,Kolkata,Data Science,998135,4,05-08-2024
Software Developer,Infosys,Bangalore,Software Development,314709,1,22-05-2025
AI Engineer,Capgemini,Pune,Cloud,1036406,4,20-10-2024
Data Scientist,HCLTech,Hyderabad,Web Development,1132031,4,12-05-2024
Machine Learning Engineer,Zoho,Kolkata,Cloud,1473645,5,05-08-2024
Software Developer,IBM,Ahmedabad,Software Development,1071395,4,05-05-2025
Full Stack Developer,IBM,Chennai,Analytics,897125,3,25-01-2025
DevOps Engineer,Microsoft,Mumbai,Data Science,1132162,4,27-07-2024
Machine Learning Engineer,Zoho,Delhi,Data Science,287362,1,27-08-2024
Software Developer,Amazon,Jaipur,AI,1230737,5,21-03-2025
Machine Learning Engineer,Accenture,Bangalore,Web Development,461114,2,20-06-2024
Python Developer,Capgemini,Bangalore,DevOps,937363,4,02-05-2024
Software Developer,HCLTech,Hyderabad,Software Development,930515,4,15-08-2025
Business Analyst,Cognizant,Delhi,DevOps,647157,3,01-01-2026
Data Scientist,Cognizant,Delhi,AI,1379824,5,10-09-2024
Machine Learning Engineer,Capgemini,Ahmedabad,Cloud,444270,2,11-02-2025
Full Stack Developer,Accenture,Delhi,Web Development,585664,2,08-01-2025
DevOps Engineer,IBM,Bangalore,Web Development,1458764,5,22-10-2025
Data Scientist,Deloitte,Ahmedabad,Data Science,1578833,5,04-06-2025
AI Engineer,IBM,Chennai,Cloud,1309293,5,19-06-2024
DevOps Engineer,Tech Mahindra,Mumbai,Analytics,879821,3,29-07-2024
Software Developer,Amazon,Noida,Analytics,534446,2,22-10-2025
Software Developer,Wipro,Kolkata,DevOps,693819,3,29-09-2025
Full Stack Developer,Tech Mahindra,Gurgaon,Software Development,1151316,4,01-06-2024
Frontend Developer,TCS,Chennai,AI,370438,1,22-07-2025
Python Developer,Capgemini,Hyderabad,DevOps,691159,3,17-01-2025
AI Engineer,IBM,Chennai,Data Science,1306635,5,02-12-2024
Backend Developer,Cognizant,Jaipur,Software Development,1104675,4,01-10-2025
Python Developer,Google,Hyderabad,AI,678213,3,06-06-2025
Data Analyst,Google,Kolkata,Cloud,235286,1,02-05-2025
Data Scientist,Tech Mahindra,Chennai,Software Development,1581414,5,17-10-2024
DevOps Engineer,Microsoft,Pune,Web Development,221037,1,12-06-2024
AI Engineer,Google,Noida,Software Development,244178,1,09-04-2025
AI Engineer,Amazon,Ahmedabad,Software Development,1489673,5,20-04-2025
AI Engineer,Amazon,Bangalore,Software Development,653531,3,23-02-2024
DevOps Engineer,TCS,Ahmedabad,Analytics,854409,3,23-09-2024
AI Engineer,Infosys,Kolkata,Software Development,1555847,5,10-09-2024
Frontend Developer,Tech Mahindra,Jaipur,Software Development,1188701,4,22-05-2025
Software Developer,Deloitte,Mumbai,Analytics,572028,2,30-08-2024
Full Stack Developer,Amazon,Hyderabad,AI,1317732,5,16-12-2024
Business Analyst,TCS,Pune,Cloud,544746,2,17-04-2024
Cloud Engineer,Oracle,Jaipur,Software Development,850383,3,13-11-2025
Software Developer,Google,Kolkata,Analytics,1391645,5,17-03-2024
Machine Learning Engineer,Amazon,Bangalore,Software Development,550146,2,20-11-2024
Data Analyst,Amazon,Kolkata,Software Development,387594,1,14-12-2025
DevOps Engineer,HCLTech,Pune,Software Development,797072,3,11-05-2025
Business Analyst,Google,Hyderabad,DevOps,461731,2,03-12-2025
Full Stack Developer,IBM,Jaipur,Cloud,1245954,5,20-04-2025
Full Stack Developer,Oracle,Noida,DevOps,580403,2,07-10-2025
Python Developer,IBM,Delhi,Software Development,1019118,4,14-07-2024
Frontend Developer,Tech Mahindra,Noida,Software Development,1556262,5,26-11-2024
Business Analyst,Amazon,Hyderabad,Cloud,826539,3,06-02-2025
Data Analyst,Wipro,Ahmedabad,DevOps,426187,2,20-10-2024
Cloud Engineer,Oracle,Remote,Data Science,1361553,5,23-04-2024
Full Stack Developer,Deloitte,Remote,AI,580169,2,06-01-2024
Cloud Engineer,Microsoft,Kolkata,Software Development,1223626,5,12-03-2025
Software Developer,HCLTech,Chennai,Software Development,587443,2,14-07-2024
Frontend Developer,Accenture,Noida,Analytics,967888,4,02-12-2025
Python Developer,Infosys,Ahmedabad,Cloud,901140,4,07-01-2025
Backend Developer,Infosys,Delhi,Data Science,365207,1,08-08-2025
Software Developer,HCLTech,Mumbai,AI,1089727,4,11-09-2025
Full Stack Developer,Tech Mahindra,Remote,AI,250534,1,28-08-2025
AI Engineer,Google,Noida,Web Development,664422,3,08-11-2024
Cloud Engineer,Zoho,Delhi,Web Development,424748,2,04-07-2024
Full Stack Developer,IBM,Delhi,DevOps,449070,2,06-11-2024
Data Analyst,Wipro,Ahmedabad,Cloud,852709,3,28-04-2025
Frontend Developer,Capgemini,Kolkata,Data Science,708057,3,11-04-2025
Machine Learning Engineer,Cognizant,Kolkata,AI,484065,2,31-01-2024
Python Developer,Amazon,Hyderabad,Cloud,1402673,5,28-06-2025
Full Stack Developer,Zoho,Chennai,DevOps,525777,2,20-07-2024
Full Stack Developer,Infosys,Chennai,Software Development,1368629,5,27-01-2025
Backend Developer,TCS,Hyderabad,Analytics,802634,3,14-07-2024
Python Developer,Tech Mahindra,Gurgaon,Software Development,279731,1,24-07-2024
Business Analyst,Capgemini,Delhi,Analytics,1163112,4,03-03-2025
Python Developer,HCLTech,Pune,Data Science,1161174,4,27-01-2025
Business Analyst,Amazon,Bangalore,Cloud,1522521,5,02-11-2025
Software Developer,Wipro,Noida,Software Development,532823,2,03-05-2024
Backend Developer,Microsoft,Remote,Software Development,518884,2,18-10-2024
Full Stack Developer,Tech Mahindra,Remote,DevOps,676407,3,09-04-2024
Data Scientist,Zoho,Ahmedabad,AI,522001,2,02-09-2025
Machine Learning Engineer,IBM,Remote,Web Development,539828,2,30-10-2024
Business Analyst,TCS,Mumbai,Analytics,933359,4,26-09-2024
Cloud Engineer,Cognizant,Gurgaon,Cloud,1568952,5,29-10-2025
AI Engineer,TCS,Mumbai,Cloud,496734,2,18-03-2025
Machine Learning Engineer,Zoho,Kolkata,Data Science,1147880,4,22-09-2025
AI Engineer,Deloitte,Bangalore,DevOps,993212,4,17-05-2024
Data Scientist,Tech Mahindra,Ahmedabad,Data Science,733216,3,24-12-2025
Software Developer,Amazon,Ahmedabad,Web Development,1131933,4,10-04-2024
Frontend Developer,Oracle,Pune,AI,346965,1,08-06-2024
Business Analyst,Microsoft,Pune,AI,845075,3,14-11-2024
Data Scientist,Google,Pune,Data Science,1055999,4,24-04-2024
Frontend Developer,Capgemini,Gurgaon,AI,731009,3,29-12-2024
DevOps Engineer,Tech Mahindra,Hyderabad,Web Development,545119,2,08-07-2025
AI Engineer,Tech Mahindra,Bangalore,Web Development,499787,2,25-12-2024
Data Scientist,TCS,Hyderabad,DevOps,1279908,5,22-03-2024
Software Developer,HCLTech,Chennai,DevOps,1060891,4,11-07-2025
AI Engineer,Capgemini,Ahmedabad,Software Development,1484347,5,20-07-2025
Machine Learning Engineer,TCS,Bangalore,Cloud,604418,3,20-10-2025
Backend Developer,Microsoft,Pune,Data Science,1105651,4,27-11-2024
Business Analyst,IBM,Noida,Software Development,1216757,5,14-12-2025
Machine Learning Engineer,Microsoft,Chennai,DevOps,1204582,5,21-04-2024
Data Analyst,Microsoft,Kolkata,Data Science,472569,2,12-01-2025
DevOps Engineer,Microsoft,Chennai,Web Development,536734,2,04-02-2025
Business Analyst,Google,Chennai,Analytics,889054,3,04-10-2024
AI Engineer,Cognizant,Chennai,Cloud,781466,3,10-05-2025
Software Developer,Zoho,Chennai,Web Development,1539198,5,13-05-2025
Data Analyst,Zoho,Pune,DevOps,273969,1,31-03-2025
Cloud Engineer,Accenture,Mumbai,Web Development,1260516,5,07-07-2025
Business Analyst,Google,Noida,Data Science,203671,1,10-10-2024
Data Scientist,Microsoft,Jaipur,Cloud,247788,1,21-04-2025
Frontend Developer,TCS,Delhi,DevOps,1129731,4,26-02-2025
Data Scientist,Amazon,Hyderabad,DevOps,1497108,5,12-08-2024
Cloud Engineer,Deloitte,Noida,AI,975370,4,18-08-2025
Full Stack Developer,Tech Mahindra,Delhi,DevOps,472160,2,09-06-2025
Data Scientist,Accenture,Bangalore,Data Science,554618,2,30-04-2024
Software Developer,Microsoft,Chennai,Software Development,1202046,5,03-09-2025
Python Developer,Oracle,Ahmedabad,DevOps,868590,3,04-05-2024
DevOps Engineer,TCS,Chennai,Web Development,447693,2,17-05-2025
Business Analyst,Capgemini,Delhi,Data Science,1063124,4,01-11-2025
Data Analyst,Tech Mahindra,Pune,Software Development,1072740,4,14-12-2025
Business Analyst,Accenture,Delhi,Web Development,656250,3,26-10-2025
Business Analyst,HCLTech,Hyderabad,Web Development,764269,3,15-03-2024
Business Analyst,Amazon,Remote,Software Development,1094127,4,17-11-2025
Cloud Engineer,Deloitte,Mumbai,AI,1015414,4,05-01-2024
DevOps Engineer,Deloitte,Bangalore,Software Development,1349624,5,01-12-2025
Backend Developer,Zoho,Kolkata,DevOps,1197713,4,08-03-2024
Data Analyst,HCLTech,Hyderabad,Web Development,1108975,4,21-12-2025
Data Scientist,Accenture,Gurgaon,Software Development,1233224,5,08-04-2024
Data Analyst,Microsoft,Remote,AI,622392,3,24-11-2024
Full Stack Developer,Deloitte,Hyderabad,Analytics,345280,1,28-05-2024
Machine Learning Engineer,Capgemini,Bangalore,AI,1009507,4,12-11-2025
Business Analyst,Google,Gurgaon,Analytics,848573,3,11-11-2025
Full Stack Developer,Amazon,Pune,Cloud,697098,3,08-07-2024
Data Analyst,Capgemini,Hyderabad,AI,511520,2,04-09-2025
Full Stack Developer,HCLTech,Mumbai,Cloud,1408795,5,19-11-2024
Software Developer,Microsoft,Gurgaon,Data Science,1322642,5,03-08-2024
Python Developer,Tech Mahindra,Mumbai,Web Development,716974,3,26-11-2025
AI Engineer,Zoho,Kolkata,AI,795533,3,27-02-2024
Data Analyst,Capgemini,Delhi,AI,1497040,5,20-03-2024
Machine Learning Engineer,Wipro,Hyderabad,Software Development,1055948,4,06-03-2025
Backend Developer,Tech Mahindra,Ahmedabad,AI,631574,3,17-01-2025
Software Developer,Google,Mumbai,AI,968075,4,10-12-2024
Data Analyst,HCLTech,Mumbai,Cloud,1077503,4,07-02-2025
Machine Learning Engineer,Capgemini,Hyderabad,Software Development,1247036,5,16-08-2024
Machine Learning Engineer,Oracle,Chennai,Data Science,503863,2,03-03-2025
Cloud Engineer,Oracle,Gurgaon,Software Development,1009122,4,08-04-2025
Cloud Engineer,Accenture,Gurgaon,Cloud,948595,4,06-07-2024
Business Analyst,Amazon,Kolkata,Web Development,681258,3,01-09-2025
AI Engineer,Capgemini,Kolkata,Web Development,1277822,5,08-03-2024
DevOps Engineer,TCS,Chennai,Web Development,1063297,4,23-03-2025
Data Scientist,Amazon,Mumbai,Web Development,1468939,5,25-04-2025
Full Stack Developer,Amazon,Jaipur,AI,1299292,5,31-05-2025
AI Engineer,Zoho,Gurgaon,Data Science,996531,4,06-08-2025
Python Developer,Accenture,Jaipur,Data Science,733434,3,11-01-2025
Data Analyst,Microsoft,Jaipur,Cloud,509155,2,13-01-2024
Data Analyst,HCLTech,Mumbai,Web Development,270146,1,10-05-2024
Machine Learning Engineer,Oracle,Remote,Software Development,515041,2,14-05-2024
Python Developer,Deloitte,Mumbai,Software Development,491559,2,15-07-2024
Frontend Developer,HCLTech,Remote,AI,1267876,5,10-11-2024
Backend Developer,Tech Mahindra,Bangalore,Data Science,238876,1,07-01-2025
Data Analyst,Accenture,Chennai,Software Development,363198,1,08-04-2024
Software Developer,Oracle,Jaipur,Software Development,1088713,4,04-12-2025
Backend Developer,TCS,Kolkata,DevOps,348727,1,19-11-2025
Cloud Engineer,Microsoft,Chennai,Data Science,782109,3,23-09-2024
Frontend Developer,IBM,Gurgaon,Software Development,221796,1,17-05-2025
Backend Developer,Cognizant,Pune,AI,206074,1,25-05-2024
Backend Developer,Accenture,Chennai,DevOps,1397971,5,20-12-2024
Full Stack Developer,Cognizant,Pune,Data Science,382566,1,17-02-2024
Backend Developer,Capgemini,Remote,Data Science,727576,3,15-02-2024
AI Engineer,Infosys,Pune,Cloud,1163462,4,10-06-2024
Software Developer,Microsoft,Pune,DevOps,672656,3,21-01-2025
Machine Learning Engineer,TCS,Hyderabad,AI,441731,2,11-01-2024
AI Engineer,Tech Mahindra,Hyderabad,DevOps,694782,3,19-01-2024
Full Stack Developer,Tech Mahindra,Ahmedabad,Web Development,1314081,5,25-05-2024
AI Engineer,IBM,Pune,Web Development,529802,2,28-11-2024
Backend Developer,Oracle,Delhi,Software Development,518933,2,08-05-2024
Cloud Engineer,Capgemini,Noida,AI,1321056,5,29-03-2025
Python Developer,Capgemini,Gurgaon,Web Development,1060584,4,31-01-2025
Data Scientist,Capgemini,Kolkata,DevOps,1562382,5,29-05-2025
AI Engineer,Google,Bangalore,Cloud,441426,2,30-03-2024
Python Developer,Cognizant,Delhi,DevOps,404161,2,08-11-2024
DevOps Engineer,Accenture,Ahmedabad,Cloud,1198917,4,17-04-2025
Cloud Engineer,Capgemini,Jaipur,Software Development,664824,3,05-12-2024
Python Developer,Accenture,Chennai,DevOps,1270442,5,11-08-2025
Full Stack Developer,Wipro,Chennai,AI,783203,3,18-05-2025
Data Scientist,Google,Remote,AI,517164,2,13-04-2024
DevOps Engineer,Deloitte,Bangalore,Cloud,1512806,5,29-09-2024
AI Engineer,Deloitte,Ahmedabad,DevOps,764089,3,31-12-2024
Backend Developer,Tech Mahindra,Jaipur,AI,690188,3,04-08-2024
Python Developer,Cognizant,Jaipur,Software Development,846091,3,06-01-2024
Business Analyst,Wipro,Hyderabad,AI,319745,1,29-05-2025
Full Stack Developer,Amazon,Kolkata,AI,676765,3,21-11-2025
Machine Learning Engineer,Capgemini,Pune,AI,222907,1,05-05-2024
Data Analyst,Google,Delhi,Cloud,339875,1,23-07-2024
Cloud Engineer,Deloitte,Mumbai,DevOps,369629,1,04-08-2024
Business Analyst,Deloitte,Chennai,Cloud,335977,1,13-05-2024
Frontend Developer,Cognizant,Chennai,Software Development,1054457,4,19-07-2024
Business Analyst,Microsoft,Jaipur,Software Development,576504,2,12-07-2025
Python Developer,Google,Noida,Web Development,1525835,5,25-04-2025
Data Scientist,Amazon,Pune,Analytics,1408100,5,17-03-2025
AI Engineer,Zoho,Gurgaon,Software Development,1071522,4,16-11-2025
Cloud Engineer,Amazon,Mumbai,Web Development,518457,2,19-07-2024
Backend Developer,HCLTech,Mumbai,Web Development,962587,4,25-01-2025
AI Engineer,Microsoft,Noida,Software Development,603543,3,17-08-2024
DevOps Engineer,Microsoft,Hyderabad,Data Science,540294,2,06-09-2024
Full Stack Developer,Zoho,Noida,Cloud,1379030,5,26-07-2025
DevOps Engineer,Capgemini,Pune,Analytics,421134,2,12-07-2025
Data Analyst,HCLTech,Chennai,DevOps,384702,1,15-07-2025
Backend Developer,IBM,Chennai,Data Science,1156429,4,08-03-2024
Software Developer,Infosys,Gurgaon,AI,1192702,4,31-10-2024
Full Stack Developer,Microsoft,Noida,Analytics,241023,1,17-08-2025
Data Scientist,Google,Chennai,Software Development,208266,1,07-04-2025
DevOps Engineer,Zoho,Noida,Cloud,411598,2,06-05-2025
Data Analyst,Deloitte,Remote,Analytics,685556,3,18-12-2024
Data Analyst,HCLTech,Ahmedabad,Software Development,347817,1,27-03-2024
DevOps Engineer,Amazon,Chennai,Analytics,1086827,4,26-01-2025
Backend Developer,Accenture,Hyderabad,Cloud,908457,4,13-06-2025
AI Engineer,Google,Pune,DevOps,1092161,4,17-02-2024
Data Scientist,Cognizant,Jaipur,AI,1151380,4,06-11-2024
AI Engineer,Tech Mahindra,Jaipur,Software Development,1009260,4,10-12-2025
DevOps Engineer,Zoho,Delhi,DevOps,1552106,5,08-12-2025
Data Scientist,TCS,Kolkata,DevOps,1134177,4,20-11-2024
Backend Developer,Amazon,Mumbai,Data Science,529874,2,02-03-2024
AI Engineer,Amazon,Jaipur,AI,1239560,5,13-01-2024
Business Analyst,Zoho,Delhi,Cloud,913045,4,09-04-2025
Business Analyst,IBM,Pune,Analytics,680490,3,15-10-2024
Python Developer,Zoho,Noida,Analytics,1117139,4,25-02-2024
AI Engineer,Cognizant,Bangalore,Analytics,442551,2,29-03-2024
Software Developer,Wipro,Gurgaon,Web Development,525158,2,30-01-2025
Data Analyst,Amazon,Kolkata,Cloud,242134,1,24-08-2025
Frontend Developer,Wipro,Chennai,Data Science,1338142,5,02-12-2024
Business Analyst,Google,Delhi,Data Science,431475,2,19-07-2025
Python Developer,HCLTech,Hyderabad,DevOps,327565,1,05-10-2024
Data Analyst,Wipro,Noida,Data Science,629216,3,05-06-2025
Business Analyst,Cognizant,Kolkata,Web Development,635313,3,30-10-2025
Data Analyst,Microsoft,Pune,Software Development,398586,1,29-05-2024
DevOps Engineer,HCLTech,Pune,Software Development,513206,2,22-04-2025
Frontend Developer,Microsoft,Bangalore,Web Development,1516009,5,31-12-2025
Data Scientist,TCS,Jaipur,AI,682558,3,28-09-2025
AI Engineer,Zoho,Ahmedabad,DevOps,1177067,4,08-01-2025
Data Scientist,Capgemini,Gurgaon,Data Science,605408,3,07-01-2024
Backend Developer,Wipro,Gurgaon,Analytics,418603,2,21-01-2024
Software Developer,Wipro,Noida,Analytics,815349,3,18-05-2025
Data Scientist,Oracle,Noida,AI,1568222,5,21-10-2025
AI Engineer,Accenture,Noida,DevOps,421255,2,27-09-2024
Full Stack Developer,Deloitte,Chennai,Analytics,515506,2,17-04-2024
Data Scientist,HCLTech,Noida,Software Development,462314,2,02-09-2024
DevOps Engineer,Infosys,Chennai,Data Science,375855,1,26-11-2024
Data Scientist,Amazon,Hyderabad,Web Development,1503283,5,18-10-2025
DevOps Engineer,Tech Mahindra,Chennai,DevOps,1154930,4,08-12-2025
Full Stack Developer,Amazon,Ahmedabad,AI,476548,2,10-11-2024
Business Analyst,Accenture,Jaipur,Analytics,559106,2,05-11-2024
Business Analyst,Cognizant,Gurgaon,Analytics,1193767,4,07-10-2025
DevOps Engineer,Microsoft,Kolkata,Data Science,355345,1,27-12-2024
AI Engineer,Tech Mahindra,Chennai,Web Development,209598,1,31-03-2024
DevOps Engineer,Infosys,Delhi,Data Science,606729,3,24-10-2024
DevOps Engineer,Accenture,Pune,Data Science,719147,3,22-08-2025
Software Developer,Accenture,Noida,Software Development,1106581,4,30-03-2024
Machine Learning Engineer,Google,Pune,AI,1021454,4,14-10-2025
Software Developer,Oracle,Gurgaon,AI,424916,2,13-09-2024
Full Stack Developer,Cognizant,Jaipur,DevOps,942828,4,16-11-2025
Cloud Engineer,Oracle,Hyderabad,Data Science,638099,3,18-08-2025
AI Engineer,Tech Mahindra,Remote,AI,407441,2,23-10-2024
Data Scientist,HCLTech,Jaipur,Web Development,1079422,4,17-10-2024
AI Engineer,Accenture,Pune,Software Development,925732,4,04-05-2025
Machine Learning Engineer,Cognizant,Remote,Cloud,1322773,5,24-05-2024
Cloud Engineer,IBM,Hyderabad,Analytics,938838,4,07-05-2024
AI Engineer,Accenture,Pune,Analytics,416489,2,08-05-2024
Business Analyst,HCLTech,Hyderabad,Analytics,1063471,4,26-03-2024
Software Developer,Infosys,Chennai,AI,771851,3,12-11-2025
Machine Learning Engineer,TCS,Jaipur,Data Science,598194,2,29-09-2024
Data Scientist,Wipro,Jaipur,Analytics,1231047,5,09-09-2024
Data Scientist,Capgemini,Delhi,Analytics,747947,3,07-04-2025
Machine Learning Engineer,Infosys,Jaipur,Cloud,1184479,4,21-04-2025
Data Analyst,IBM,Mumbai,Software Development,1599050,5,19-09-2024
Backend Developer,Oracle,Noida,Web Development,955682,4,05-02-2025
AI Engineer,TCS,Remote,Web Development,901730,4,19-05-2024
Software Developer,Oracle,Remote,Cloud,935078,4,08-12-2024
DevOps Engineer,IBM,Chennai,DevOps,767122,3,16-09-2024
DevOps Engineer,Capgemini,Kolkata,AI,1474102,5,18-11-2025
Business Analyst,Microsoft,Chennai,Software Development,460282,2,18-04-2025
Backend Developer,Capgemini,Kolkata,Web Development,710005,3,18-11-2024
Python Developer,Infosys,Jaipur,Web Development,562877,2,20-04-2024
Business Analyst,Google,Ahmedabad,Data Science,431315,2,10-10-2025
DevOps Engineer,Zoho,Mumbai,Analytics,215356,1,13-03-2024
Cloud Engineer,TCS,Gurgaon,Data Science,315764,1,23-12-2024
AI Engineer,Amazon,Pune,Software Development,753105,3,28-08-2024
Backend Developer,IBM,Remote,Cloud,1360448,5,12-10-2024
Cloud Engineer,Zoho,Hyderabad,Software Development,723066,3,05-01-2025
Business Analyst,Microsoft,Noida,AI,1041437,4,03-06-2025
Full Stack Developer,Tech Mahindra,Remote,Analytics,457329,2,29-06-2024
Business Analyst,Capgemini,Mumbai,Analytics,667495,3,27-12-2024
Data Analyst,Cognizant,Gurgaon,Data Science,1206693,5,21-09-2025
Cloud Engineer,Cognizant,Gurgaon,Cloud,377883,1,14-08-2024
Python Developer,Capgemini,Jaipur,Software Development,319484,1,07-03-2025
Business Analyst,Accenture,Pune,Web Development,1249324,5,29-04-2024
Frontend Developer,Zoho,Delhi,DevOps,678038,3,18-02-2024
Software Developer,Zoho,Gurgaon,Web Development,1394693,5,21-02-2025
Full Stack Developer,Zoho,Gurgaon,Web Development,1576271,5,04-07-2025
Software Developer,Cognizant,Mumbai,DevOps,1358532,5,22-09-2025
Software Developer,Amazon,Noida,Analytics,678917,3,09-07-2025
DevOps Engineer,Infosys,Kolkata,AI,926748,4,25-11-2025
DevOps Engineer,Tech Mahindra,Ahmedabad,Cloud,644730,3,04-07-2024
Frontend Developer,Zoho,Remote,Data Science,253859,1,19-07-2024
AI Engineer,Capgemini,Jaipur,Software Development,913951,4,31-12-2024
Data Scientist,Deloitte,Noida,Cloud,628325,3,19-10-2025
Backend Developer,Accenture,Mumbai,Data Science,457846,2,27-06-2025
Data Analyst,Cognizant,Bangalore,Cloud,1310645,5,22-08-2025
Data Analyst,TCS,Kolkata,DevOps,738586,3,23-08-2025
Backend Developer,Deloitte,Delhi,Web Development,1425500,5,02-07-2024
Data Analyst,Amazon,Ahmedabad,Web Development,251829,1,26-02-2024
Python Developer,Wipro,Pune,Web Development,1224751,5,04-02-2025
Business Analyst,Accenture,Kolkata,Data Science,511891,2,11-12-2025
Machine Learning Engineer,Infosys,Mumbai,Software Development,379727,1,16-10-2024
Data Scientist,Tech Mahindra,Jaipur,Web Development,409203,2,29-12-2025
Data Scientist,Cognizant,Delhi,Web Development,1579385,5,08-05-2024
Business Analyst,TCS,Mumbai,AI,216942,1,02-11-2024
Cloud Engineer,Accenture,Hyderabad,Data Science,474820,2,25-03-2024
Data Analyst,Accenture,Pune,Analytics,525168,2,01-01-2026
Backend Developer,Accenture,Jaipur,Data Science,705283,3,07-06-2024
Data Scientist,Cognizant,Jaipur,Cloud,766067,3,19-04-2025
Data Analyst,Microsoft,Pune,AI,321951,1,10-06-2024
Business Analyst,Oracle,Mumbai,Software Development,510792,2,31-01-2024
Software Developer,Cognizant,Remote,AI,1088771,4,07-02-2024
Machine Learning Engineer,Zoho,Delhi,Web Development,905396,4,30-10-2025
Business Analyst,Google,Ahmedabad,DevOps,578555,2,25-08-2024
Backend Developer,TCS,Delhi,AI,1464667,5,01-01-2024
AI Engineer,HCLTech,Remote,DevOps,387468,1,23-06-2024
Business Analyst,Amazon,Ahmedabad,Software Development,1091926,4,01-08-2024
Cloud Engineer,Deloitte,Noida,Analytics,1065527,4,15-02-2024
Frontend Developer,Oracle,Jaipur,Data Science,1157050,4,30-03-2025
Software Developer,Capgemini,Gurgaon,Software Development,1098481,4,20-10-2025
Python Developer,Deloitte,Ahmedabad,Web Development,1202075,5,02-05-2025
Python Developer,Google,Pune,Software Development,1308201,5,28-12-2025
Data Analyst,Wipro,Jaipur,Analytics,1440615,5,14-02-2025
Business Analyst,Infosys,Bangalore,AI,734201,3,17-04-2024
Data Scientist,Tech Mahindra,Mumbai,Cloud,1589434,5,01-02-2024
Software Developer,Infosys,Gurgaon,AI,975145,4,24-10-2024
Frontend Developer,Capgemini,Delhi,Web Development,849076,3,11-02-2025
Business Analyst,Accenture,Jaipur,Software Development,453084,2,28-11-2025
Backend Developer,Cognizant,Delhi,Cloud,867924,3,26-01-2024
Machine Learning Engineer,HCLTech,Pune,AI,578359,2,05-05-2024
Software Developer,Cognizant,Noida,Software Development,433224,2,30-05-2024
Software Developer,IBM,Gurgaon,Cloud,568505,2,23-01-2024
Data Analyst,Deloitte,Pune,AI,1481322,5,19-10-2024
Software Developer,Deloitte,Bangalore,Analytics,532253,2,29-07-2024
AI Engineer,IBM,Delhi,Data Science,201672,1,21-10-2024
Cloud Engineer,Amazon,Chennai,AI,203184,1,21-09-2024
Python Developer,Zoho,Chennai,Software Development,418249,2,15-03-2025
Backend Developer,Infosys,Bangalore,Analytics,1152205,4,03-09-2024
Backend Developer,Google,Delhi,AI,971631,4,15-10-2025
Backend Developer,Infosys,Ahmedabad,DevOps,1095808,4,06-05-2024
Backend Developer,Amazon,Remote,AI,1195747,4,23-10-2025
Business Analyst,Zoho,Pune,Web Development,827543,3,23-10-2025
Cloud Engineer,Cognizant,Pune,Analytics,1483711,5,23-07-2025
Cloud Engineer,Infosys,Bangalore,Cloud,289876,1,07-09-2025
Machine Learning Engineer,Google,Jaipur,AI,1324862,5,06-12-2024
Machine Learning Engineer,Amazon,Hyderabad,Software Development,323862,1,19-01-2025
Python Developer,TCS,Mumbai,Data Science,568322,2,08-07-2024
Machine Learning Engineer,Deloitte,Hyderabad,Cloud,283539,1,23-02-2024
Frontend Developer,Oracle,Bangalore,Software Development,792129,3,30-07-2024
Machine Learning Engineer,Zoho,Gurgaon,Data Science,828531,3,27-01-2024
Software Developer,Google,Bangalore,Software Development,1447961,5,05-01-2025
Data Scientist,Cognizant,Mumbai,Web Development,1421532,5,03-10-2024
Cloud Engineer,Zoho,Gurgaon,Cloud,1426569,5,03-10-2025
Machine Learning Engineer,Wipro,Chennai,Data Science,1550183,5,05-09-2025
Machine Learning Engineer,Cognizant,Noida,Data Science,436774,2,06-02-2025
Python Developer,Microsoft,Hyderabad,Software Development,1546704,5,16-04-2025
AI Engineer,Amazon,Pune,Cloud,1585719,5,17-03-2025
Business Analyst,TCS,Noida,Analytics,848444,3,28-09-2025
Cloud Engineer,Capgemini,Remote,Data Science,305470,1,20-05-2024
Data Scientist,HCLTech,Gurgaon,DevOps,814952,3,16-05-2024
AI Engineer,TCS,Mumbai,Data Science,356853,1,06-11-2025
Data Analyst,Wipro,Jaipur,Cloud,370325,1,29-11-2024
Business Analyst,Deloitte,Kolkata,Analytics,483264,2,27-05-2024
Software Developer,Deloitte,Jaipur,Software Development,1458006,5,13-03-2024
AI Engineer,Oracle,Delhi,Analytics,491712,2,21-07-2024
Backend Developer,HCLTech,Bangalore,AI,1339752,5,13-01-2025
DevOps Engineer,Amazon,Bangalore,Cloud,1059431,4,18-05-2025
Python Developer,Tech Mahindra,Pune,Web Development,1425587,5,18-12-2025
Cloud Engineer,Deloitte,Kolkata,Data Science,410644,2,07-09-2024
Python Developer,Infosys,Bangalore,Cloud,380943,1,25-06-2025
Data Analyst,Capgemini,Remote,Software Development,1582295,5,22-03-2025
Frontend Developer,Oracle,Ahmedabad,Web Development,535237,2,24-05-2025
Full Stack Developer,Accenture,Mumbai,AI,516388,2,26-04-2025
Cloud Engineer,Wipro,Jaipur,Web Development,1095713,4,10-10-2024
Frontend Developer,Cognizant,Noida,Software Development,486324,2,24-11-2024
Software Developer,Microsoft,Chennai,Analytics,1559785,5,21-12-2025
Python Developer,Google,Gurgaon,Cloud,590714,2,29-06-2024
Backend Developer,Accenture,Bangalore,Web Development,690726,3,22-09-2025
Software Developer,Tech Mahindra,Bangalore,Web Development,363767,1,18-08-2024
DevOps Engineer,Oracle,Pune,DevOps,266061,1,17-04-2024
Data Analyst,Zoho,Kolkata,AI,1595268,5,10-01-2024
Data Scientist,Infosys,Noida,Analytics,708293,3,15-07-2025
Machine Learning Engineer,Deloitte,Kolkata,Cloud,1549899,5,25-08-2025
Frontend Developer,Amazon,Remote,Web Development,668411,3,14-06-2025
Python Developer,Infosys,Jaipur,Data Science,613740,3,21-12-2025
Data Scientist,Accenture,Delhi,Cloud,559980,2,13-01-2024
Data Analyst,Amazon,Kolkata,Cloud,956866,4,20-06-2025
Data Analyst,Oracle,Ahmedabad,DevOps,385575,1,18-11-2024
Frontend Developer,Capgemini,Kolkata,Analytics,1426085,5,18-11-2025
Backend Developer,Cognizant,Pune,Analytics,1485358,5,27-08-2024
Frontend Developer,Tech Mahindra,Pune,AI,1545252,5,28-08-2025
Software Developer,Google,Hyderabad,Data Science,978186,4,24-06-2024
Python Developer,HCLTech,Hyderabad,Data Science,565939,2,17-06-2024
Full Stack Developer,Cognizant,Hyderabad,AI,828065,3,18-02-2025
Data Scientist,Capgemini,Pune,AI,445086,2,27-12-2024
Software Developer,TCS,Ahmedabad,Software Development,491013,2,31-07-2024
Machine Learning Engineer,Oracle,Delhi,Cloud,364268,1,12-12-2024
Data Scientist,Oracle,Jaipur,Software Development,1147541,4,19-11-2025
Software Developer,IBM,Chennai,Software Development,1271308,5,14-06-2025
Data Analyst,Capgemini,Mumbai,Cloud,322512,1,19-02-2025
Backend Developer,Accenture,Noida,Analytics,1032291,4,27-11-2024
Frontend Developer,Accenture,Gurgaon,DevOps,507724,2,22-11-2025
Machine Learning Engineer,Wipro,Gurgaon,Web Development,299934,1,30-03-2025
Backend Developer,Deloitte,Jaipur,Data Science,1325573,5,18-04-2024
Data Scientist,Deloitte,Chennai,Analytics,995468,4,12-05-2024
Data Analyst,Cognizant,Mumbai,DevOps,1552136,5,17-07-2025
Full Stack Developer,Deloitte,Noida,AI,716569,3,25-07-2024
Machine Learning Engineer,Accenture,Jaipur,Software Development,1143028,4,11-11-2024
Data Scientist,IBM,Bangalore,Software Development,444657,2,09-07-2025
Data Analyst,TCS,Hyderabad,Data Science,1443108,5,13-06-2024
Python Developer,TCS,Jaipur,Analytics,299209,1,27-10-2024
Backend Developer,Infosys,Hyderabad,DevOps,245675,1,03-12-2024
Python Developer,Microsoft,Delhi,DevOps,414921,2,07-03-2024
Backend Developer,Wipro,Ahmedabad,Analytics,400549,2,25-07-2024
Business Analyst,HCLTech,Remote,Web Development,947014,4,20-07-2025
Machine Learning Engineer,Amazon,Ahmedabad,Analytics,1092434,4,03-09-2024
Cloud Engineer,Wipro,Hyderabad,AI,1538441,5,24-05-2025
Business Analyst,Accenture,Noida,Cloud,425624,2,06-01-2024
Software Developer,HCLTech,Hyderabad,Software Development,523581,2,30-11-2025
Data Analyst,TCS,Kolkata,AI,230509,1,23-03-2025
Business Analyst,Oracle,Kolkata,Analytics,1056038,4,19-03-2025
Cloud Engineer,Zoho,Bangalore,DevOps,1498106,5,24-03-2024
DevOps Engineer,Microsoft,Delhi,AI,371604,1,09-12-2024
Frontend Developer,Infosys,Ahmedabad,Software Development,988234,4,10-03-2024
Data Analyst,Amazon,Chennai,Software Development,872692,3,14-12-2024
Business Analyst,Google,Chennai,Software Development,750632,3,13-02-2025
Python Developer,Oracle,Delhi,Software Development,1586293,5,31-10-2025
Python Developer,IBM,Jaipur,Web Development,1209440,5,28-01-2024
Python Developer,Wipro,Noida,AI,714887,3,18-11-2024
Data Scientist,Capgemini,Delhi,DevOps,1553021,5,13-08-2024
Data Scientist,Cognizant,Hyderabad,Cloud,1150659,4,26-08-2025
Python Developer,IBM,Mumbai,Data Science,395494,1,11-10-2025
AI Engineer,TCS,Hyderabad,AI,902614,4,26-04-2025
Business Analyst,TCS,Noida,Analytics,1419242,5,04-07-2024
Cloud Engineer,Amazon,Pune,AI,1303252,5,01-05-2025
Backend Developer,Zoho,Mumbai,Data Science,1420136,5,03-03-2024
Cloud Engineer,Wipro,Ahmedabad,Analytics,687414,3,26-11-2024
Backend Developer,IBM,Noida,Analytics,1009764,4,02-03-2024
Software Developer,Tech Mahindra,Gurgaon,Cloud,788387,3,10-12-2024
Backend Developer,Capgemini,Bangalore,Analytics,1015808,4,22-04-2025
Machine Learning Engineer,HCLTech,Jaipur,AI,581994,2,09-06-2024
Machine Learning Engineer,HCLTech,Mumbai,Web Development,966767,4,24-07-2025
DevOps Engineer,Deloitte,Ahmedabad,Analytics,1137027,4,10-02-2025
Software Developer,Infosys,Remote,AI,702051,3,27-06-2024
Data Analyst,Oracle,Ahmedabad,Web Development,694517,3,08-10-2025
Data Scientist,Infosys,Mumbai,DevOps,541142,2,06-05-2025
Frontend Developer,Zoho,Remote,Software Development,964329,4,17-12-2025
Business Analyst,HCLTech,Jaipur,DevOps,518092,2,18-09-2025
Full Stack Developer,Cognizant,Jaipur,Data Science,1180323,4,24-12-2025
Backend Developer,Accenture,Jaipur,AI,839615,3,02-02-2025
Frontend Developer,Cognizant,Chennai,DevOps,993461,4,15-12-2024
Python Developer,Cognizant,Remote,Cloud,1331449,5,17-02-2025
Python Developer,Zoho,Hyderabad,Cloud,840285,3,24-08-2024
Data Analyst,HCLTech,Jaipur,Data Science,820792,3,30-09-2025
Data Analyst,Amazon,Mumbai,Cloud,383492,1,23-01-2025
Business Analyst,Capgemini,Ahmedabad,Web Development,1150886,4,16-06-2024
Data Analyst,Accenture,Pune,Data Science,944836,4,08-12-2025
AI Engineer,Wipro,Gurgaon,Software Development,804840,3,16-04-2025
DevOps Engineer,TCS,Pune,Cloud,584888,2,01-03-2024
Business Analyst,Capgemini,Pune,DevOps,350917,1,29-10-2025
Data Scientist,Oracle,Gurgaon,AI,653730,3,08-10-2024
Backend Developer,Tech Mahindra,Delhi,Cloud,369152,1,10-08-2024
Full Stack Developer,Infosys,Noida,DevOps,281577,1,25-01-2025
Data Scientist,Cognizant,Mumbai,Web Development,585131,2,08-12-2024
Cloud Engineer,Infosys,Mumbai,Data Science,778863,3,20-05-2024
Full Stack Developer,Tech Mahindra,Delhi,Analytics,1222436,5,30-09-2025
DevOps Engineer,Tech Mahindra,Gurgaon,Cloud,545511,2,05-02-2025
DevOps Engineer,Zoho,Ahmedabad,Data Science,215244,1,18-12-2024
Business Analyst,Accenture,Chennai,Data Science,274050,1,20-06-2025
Software Developer,Wipro,Mumbai,Software Development,221698,1,21-08-2024
AI Engineer,Deloitte,Ahmedabad,DevOps,725961,3,29-04-2025
Data Scientist,HCLTech,Jaipur,DevOps,1134542,4,10-04-2025
DevOps Engineer,HCLTech,Mumbai,Data Science,1545911,5,15-05-2024
Full Stack Developer,IBM,Ahmedabad,AI,894297,3,13-07-2024
Machine Learning Engineer,Accenture,Remote,Software Development,340185,1,06-12-2025
Business Analyst,Accenture,Jaipur,Analytics,230810,1,14-05-2025
DevOps Engineer,Infosys,Mumbai,AI,418905,2,14-10-2024
Frontend Developer,TCS,Ahmedabad,Cloud,1195760,4,22-08-2025
Full Stack Developer,Oracle,Mumbai,AI,992642,4,10-08-2025
Data Scientist,HCLTech,Delhi,DevOps,676738,3,10-06-2025
Frontend Developer,Cognizant,Kolkata,Data Science,724717,3,30-07-2025
Python Developer,HCLTech,Delhi,DevOps,1526377,5,05-06-2024
Frontend Developer,Oracle,Gurgaon,Analytics,1529926,5,06-01-2024
Data Scientist,Wipro,Noida,AI,566943,2,29-10-2024
Full Stack Developer,Capgemini,Gurgaon,Software Development,1596846,5,07-10-2025
Business Analyst,Tech Mahindra,Hyderabad,Analytics,660306,3,07-01-2025
Data Analyst,Google,Delhi,Cloud,1599016,5,30-08-2025
Data Scientist,HCLTech,Mumbai,Analytics,1529796,5,03-08-2025
AI Engineer,Tech Mahindra,Jaipur,Web Development,659421,3,23-09-2024
Frontend Developer,Oracle,Remote,Software Development,1214743,5,13-04-2024
Software Developer,Deloitte,Bangalore,Analytics,882256,3,05-09-2025
DevOps Engineer,Oracle,Noida,Software Development,1174632,4,14-01-2025
Frontend Developer,Deloitte,Noida,Data Science,836095,3,31-07-2025
Data Scientist,Wipro,Jaipur,Web Development,1029954,4,26-05-2025
Frontend Developer,Microsoft,Remote,Web Development,1485949,5,28-12-2024
Business Analyst,Wipro,Bangalore,Cloud,440852,2,24-12-2025
Business Analyst,IBM,Noida,Data Science,590436,2,21-09-2024
Data Scientist,Infosys,Hyderabad,AI,1443676,5,19-07-2024
Machine Learning Engineer,Wipro,Hyderabad,DevOps,938030,4,12-03-2024
Cloud Engineer,Deloitte,Kolkata,AI,1264157,5,16-05-2024
Backend Developer,HCLTech,Ahmedabad,Software Development,488074,2,21-11-2024
Data Scientist,Infosys,Gurgaon,Web Development,663073,3,13-03-2024
DevOps Engineer,Zoho,Delhi,DevOps,1053517,4,18-12-2024
AI Engineer,TCS,Bangalore,Software Development,416868,2,29-07-2024
Backend Developer,Amazon,Hyderabad,Cloud,650451,3,10-03-2024
Backend Developer,TCS,Noida,Web Development,496154,2,26-01-2024
Cloud Engineer,Zoho,Ahmedabad,Software Development,498216,2,03-05-2025
Data Scientist,HCLTech,Jaipur,AI,489945,2,12-12-2025
AI Engineer,Infosys,Gurgaon,Data Science,1414127,5,26-02-2024
Software Developer,Deloitte,Remote,Software Development,1426961,5,17-09-2024
Frontend Developer,Tech Mahindra,Kolkata,Web Development,1278932,5,02-11-2025
Backend Developer,Wipro,Gurgaon,Web Development,972427,4,30-08-2024
DevOps Engineer,Deloitte,Bangalore,AI,946066,4,20-06-2024
Business Analyst,TCS,Kolkata,DevOps,365542,1,26-12-2025
Business Analyst,Microsoft,Bangalore,AI,302217,1,02-10-2024
DevOps Engineer,IBM,Kolkata,DevOps,211282,1,18-04-2024
Data Scientist,Google,Kolkata,AI,392125,1,27-07-2025
Data Scientist,Microsoft,Noida,DevOps,441581,2,16-05-2024
Full Stack Developer,Wipro,Ahmedabad,Cloud,464582,2,11-08-2024
Business Analyst,Amazon,Gurgaon,Software Development,517193,2,14-09-2024
AI Engineer,Accenture,Kolkata,AI,791669,3,11-08-2024
DevOps Engineer,Oracle,Kolkata,Cloud,985426,4,10-07-2024
Software Developer,Accenture,Pune,AI,400218,2,20-03-2024
Business Analyst,Microsoft,Noida,Analytics,336456,1,03-12-2024
Data Scientist,Zoho,Bangalore,Analytics,702773,3,11-04-2025
Business Analyst,Zoho,Ahmedabad,Analytics,300736,1,03-08-2024
Python Developer,Accenture,Hyderabad,Web Development,712422,3,15-07-2025
AI Engineer,Wipro,Ahmedabad,AI,372476,1,24-04-2024
Backend Developer,Oracle,Remote,AI,377018,1,12-09-2024
Frontend Developer,Deloitte,Pune,Analytics,210663,1,12-08-2024
Backend Developer,Oracle,Kolkata,DevOps,272590,1,19-10-2024
Software Developer,Accenture,Remote,AI,401572,2,19-02-2025
AI Engineer,Amazon,Delhi,Data Science,1205194,5,16-07-2024
Python Developer,Capgemini,Chennai,Web Development,432710,2,08-08-2024
Cloud Engineer,Google,Bangalore,AI,947841,4,21-09-2025
Business Analyst,Capgemini,Delhi,AI,739190,3,03-05-2025
DevOps Engineer,Oracle,Bangalore,DevOps,698177,3,07-06-2024
AI Engineer,IBM,Delhi,AI,1207372,5,28-10-2025
DevOps Engineer,Infosys,Hyderabad,Web Development,319627,1,28-10-2024
Business Analyst,HCLTech,Hyderabad,Software Development,405997,2,05-04-2024
AI Engineer,Infosys,Delhi,Analytics,679240,3,04-03-2024
Python Developer,IBM,Ahmedabad,Web Development,259862,1,13-09-2025
Frontend Developer,Microsoft,Remote,AI,200671,1,04-06-2025
Backend Developer,Oracle,Delhi,Cloud,1442745,5,13-08-2025
Cloud Engineer,Accenture,Jaipur,AI,1064199,4,05-07-2025
Python Developer,Google,Hyderabad,Web Development,971624,4,11-03-2024
Backend Developer,Zoho,Delhi,DevOps,527246,2,14-01-2025
Business Analyst,Capgemini,Mumbai,DevOps,249808,1,11-01-2024
Cloud Engineer,Capgemini,Remote,Web Development,1363584,5,23-07-2024
Data Scientist,Deloitte,Kolkata,Web Development,1180991,4,01-12-2025
Cloud Engineer,IBM,Jaipur,Analytics,1433150,5,10-06-2024
Cloud Engineer,Tech Mahindra,Mumbai,Software Development,1324344,5,12-03-2024
AI Engineer,Amazon,Hyderabad,Web Development,996947,4,29-09-2024
Backend Developer,Wipro,Hyderabad,Web Development,324790,1,14-06-2024
DevOps Engineer,Amazon,Jaipur,Analytics,253780,1,07-12-2025
Backend Developer,Zoho,Ahmedabad,DevOps,282197,1,04-07-2024
Cloud Engineer,Amazon,Gurgaon,DevOps,1022195,4,05-12-2024
Cloud Engineer,Cognizant,Mumbai,Cloud,284641,1,29-01-2024
Data Scientist,Wipro,Hyderabad,Analytics,409762,2,24-05-2024
Business Analyst,Accenture,Ahmedabad,Data Science,361868,1,18-12-2025
Business Analyst,Infosys,Bangalore,Web Development,603047,3,07-04-2025
Full Stack Developer,HCLTech,Noida,Analytics,784916,3,12-10-2025
Business Analyst,Deloitte,Hyderabad,AI,855050,3,09-02-2025
Software Developer,Zoho,Jaipur,Data Science,374817,1,20-10-2025
Backend Developer,Cognizant,Delhi,Analytics,600396,3,28-06-2024
Business Analyst,Google,Jaipur,Analytics,401580,2,05-12-2024
DevOps Engineer,IBM,Pune,Analytics,204007,1,27-08-2024
Software Developer,Zoho,Gurgaon,AI,920737,4,13-11-2025
Machine Learning Engineer,Oracle,Delhi,Software Development,690275,3,30-10-2025
AI Engineer,Amazon,Bangalore,Cloud,912316,4,24-08-2025
Machine Learning Engineer,Zoho,Hyderabad,Data Science,755991,3,19-07-2024
Software Developer,Deloitte,Jaipur,Web Development,597390,2,07-07-2024
Data Analyst,Deloitte,Delhi,Software Development,901992,4,30-04-2024
Software Developer,Google,Bangalore,AI,470166,2,14-08-2025
Cloud Engineer,Amazon,Delhi,DevOps,448203,2,21-12-2024
Data Scientist,Google,Pune,Web Development,1284236,5,21-11-2024
AI Engineer,IBM,Hyderabad,Data Science,921355,4,29-04-2025
Business Analyst,Zoho,Remote,Data Science,492793,2,15-06-2025
Software Developer,Oracle,Remote,Cloud,1284464,5,21-08-2024
Data Analyst,HCLTech,Delhi,AI,1180744,4,14-06-2024
Data Analyst,Zoho,Hyderabad,Web Development,711233,3,28-01-2024
Cloud Engineer,Tech Mahindra,Delhi,Software Development,1014686,4,14-03-2025
DevOps Engineer,HCLTech,Noida,Data Science,1325813,5,08-04-2025
AI Engineer,Infosys,Noida,Analytics,738883,3,11-02-2024
Backend Developer,Microsoft,Gurgaon,Web Development,1141517,4,19-06-2025
Full Stack Developer,Oracle,Chennai,Analytics,1243238,5,09-01-2025
Software Developer,Microsoft,Remote,Data Science,404681,2,25-12-2024
Backend Developer,Infosys,Kolkata,Software Development,861223,3,19-07-2025
Software Developer,Zoho,Chennai,Data Science,459403,2,23-08-2024
Full Stack Developer,Zoho,Kolkata,Cloud,366605,1,13-09-2024
Backend Developer,TCS,Ahmedabad,AI,1046721,4,04-07-2024
Data Analyst,Wipro,Remote,Analytics,927656,4,21-12-2024
Frontend Developer,Zoho,Jaipur,DevOps,829571,3,01-09-2024
Business Analyst,Wipro,Ahmedabad,Analytics,1501411,5,01-03-2024
Machine Learning Engineer,Google,Hyderabad,AI,303041,1,21-02-2025
Software Developer,Zoho,Noida,Data Science,1236407,5,19-10-2025
DevOps Engineer,Capgemini,Noida,Software Development,1154193,4,04-08-2024
Business Analyst,HCLTech,Kolkata,Analytics,882433,3,11-04-2024
DevOps Engineer,Zoho,Bangalore,Cloud,949323,4,23-07-2024
Full Stack Developer,IBM,Chennai,Web Development,567059,2,21-06-2024
Python Developer,Google,Bangalore,AI,237453,1,03-08-2024
Python Developer,Wipro,Chennai,Cloud,1110794,4,10-09-2024
Cloud Engineer,Wipro,Bangalore,Web Development,337670,1,04-10-2024
Cloud Engineer,IBM,Kolkata,AI,913831,4,25-07-2024
Software Developer,Amazon,Mumbai,Cloud,1083173,4,14-12-2025
Cloud Engineer,Deloitte,Pune,Software Development,1046007,4,04-11-2024
Business Analyst,IBM,Delhi,DevOps,616973,3,10-04-2025
Data Analyst,HCLTech,Noida,Analytics,308687,1,01-01-2025
Data Scientist,Oracle,Gurgaon,DevOps,672419,3,27-06-2025
Backend Developer,TCS,Gurgaon,DevOps,1039101,4,07-12-2025
Full Stack Developer,Infosys,Gurgaon,DevOps,215586,1,15-06-2024
Data Analyst,Oracle,Pune,Cloud,1178014,4,01-09-2025
AI Engineer,Cognizant,Hyderabad,DevOps,1002628,4,21-01-2025
Python Developer,Capgemini,Kolkata,DevOps,1133136,4,26-12-2024
Software Developer,Capgemini,Hyderabad,DevOps,1574680,5,05-10-2025
Cloud Engineer,TCS,Ahmedabad,Data Science,411806,2,07-10-2024
Cloud Engineer,HCLTech,Ahmedabad,Cloud,419012,2,20-05-2024
Cloud Engineer,Capgemini,Delhi,Web Development,787401,3,01-07-2024
Machine Learning Engineer,Wipro,Hyderabad,Data Science,235436,1,09-05-2025
Machine Learning Engineer,Cognizant,Pune,Analytics,825505,3,05-12-2025
Cloud Engineer,TCS,Jaipur,Cloud,929966,4,12-10-2024
Backend Developer,TCS,Ahmedabad,Web Development,269357,1,29-01-2025
Cloud Engineer,Oracle,Ahmedabad,Software Development,375472,1,24-06-2024
Backend Developer,Deloitte,Delhi,Web Development,261419,1,01-12-2024
DevOps Engineer,IBM,Kolkata,Software Development,535520,2,23-08-2024
Software Developer,TCS,Bangalore,Cloud,678925,3,15-06-2024
Machine Learning Engineer,Oracle,Bangalore,DevOps,800868,3,03-06-2025
Data Analyst,TCS,Bangalore,DevOps,278029,1,20-05-2024
Software Developer,Deloitte,Noida,Cloud,558607,2,05-05-2024
Business Analyst,Google,Hyderabad,Analytics,1179524,4,09-08-2025
Data Analyst,Amazon,Noida,DevOps,859475,3,26-08-2024
Backend Developer,Infosys,Gurgaon,Web Development,1101117,4,27-01-2025
Machine Learning Engineer,Capgemini,Noida,Cloud,660913,3,24-06-2025
Data Scientist,Tech Mahindra,Gurgaon,DevOps,441748,2,17-09-2024
Python Developer,Zoho,Delhi,AI,434781,2,05-08-2025
Frontend Developer,Google,Hyderabad,DevOps,1205001,5,03-11-2024
Full Stack Developer,Cognizant,Bangalore,AI,1176260,4,09-12-2024
Full Stack Developer,TCS,Bangalore,Software Development,1187309,4,02-09-2025
DevOps Engineer,Amazon,Mumbai,Software Development,567158,2,17-03-2024
Backend Developer,Oracle,Noida,AI,1523299,5,18-12-2024
AI Engineer,HCLTech,Bangalore,Data Science,935811,4,10-08-2025
Cloud Engineer,Amazon,Remote,Software Development,479037,2,04-10-2025
Backend Developer,Accenture,Ahmedabad,Web Development,961338,4,19-09-2024
Backend Developer,Microsoft,Delhi,Web Development,508170,2,07-09-2024
Cloud Engineer,Capgemini,Mumbai,AI,378571,1,22-02-2024
Business Analyst,Zoho,Ahmedabad,Data Science,1069229,4,20-11-2024
AI Engineer,Amazon,Remote,AI,301914,1,25-09-2025
Business Analyst,HCLTech,Jaipur,Cloud,949160,4,15-08-2025
Python Developer,Zoho,Chennai,Data Science,1205065,5,04-05-2025
Data Analyst,Oracle,Delhi,Cloud,982023,4,24-06-2024
Full Stack Developer,Tech Mahindra,Kolkata,DevOps,824083,3,07-06-2024
Cloud Engineer,Oracle,Bangalore,AI,1028385,4,17-09-2025
DevOps Engineer,Oracle,Kolkata,DevOps,611651,3,26-06-2024
Python Developer,Deloitte,Bangalore,Data Science,729673,3,07-12-2024
Data Analyst,Wipro,Mumbai,AI,1531472,5,28-11-2024
Machine Learning Engineer,IBM,Hyderabad,AI,1154780,4,14-11-2025
AI Engineer,Accenture,Chennai,Data Science,1133924,4,01-11-2024
Data Analyst,Cognizant,Bangalore,AI,1405363,5,21-05-2025
Full Stack Developer,Microsoft,Hyderabad,Web Development,1300831,5,07-03-2024
Machine Learning Engineer,HCLTech,Remote,DevOps,430391,2,29-09-2025
Data Scientist,Wipro,Delhi,AI,531278,2,16-12-2025
Cloud Engineer,Amazon,Mumbai,Web Development,201755,1,06-06-2025
Data Analyst,Amazon,Remote,Analytics,1082314,4,17-01-2025
Frontend Developer,Cognizant,Delhi,DevOps,538160,2,10-06-2024
Backend Developer,Accenture,Mumbai,Software Development,1145552,4,07-11-2025
Software Developer,Google,Kolkata,Software Development,406576,2,17-04-2025
Backend Developer,Wipro,Mumbai,Analytics,1053747,4,22-10-2025
Full Stack Developer,Capgemini,Ahmedabad,Web Development,1440269,5,19-09-2024
Business Analyst,Google,Bangalore,Web Development,369925,1,04-03-2025
AI Engineer,Cognizant,Delhi,AI,260392,1,16-11-2025
Python Developer,TCS,Delhi,DevOps,414214,2,05-07-2025
DevOps Engineer,Infosys,Jaipur,Web Development,936721,4,05-06-2024
Cloud Engineer,Cognizant,Mumbai,Cloud,697389,3,24-03-2025
DevOps Engineer,Tech Mahindra,Gurgaon,DevOps,550554,2,21-08-2025
Data Analyst,Oracle,Delhi,Analytics,556145,2,10-07-2025
Data Analyst,Deloitte,Gurgaon,AI,686288,3,27-06-2025
Full Stack Developer,Accenture,Pune,Data Science,452486,2,10-08-2024
Machine Learning Engineer,Deloitte,Gurgaon,Cloud,979717,4,24-06-2025
Backend Developer,TCS,Jaipur,Cloud,511224,2,14-04-2025
Software Developer,Deloitte,Kolkata,Data Science,1405062,5,29-10-2025
Data Analyst,Deloitte,Hyderabad,Cloud,1585819,5,05-07-2025
DevOps Engineer,Google,Noida,Cloud,878314,3,22-03-2025
AI Engineer,HCLTech,Bangalore,Analytics,727407,3,08-08-2024
Business Analyst,Deloitte,Jaipur,AI,208632,1,24-03-2024
DevOps Engineer,Microsoft,Noida,Web Development,428759,2,01-06-2025
Cloud Engineer,Tech Mahindra,Hyderabad,Cloud,1414763,5,01-11-2024
Frontend Developer,Capgemini,Remote,Cloud,1545876,5,06-11-2024
DevOps Engineer,Cognizant,Remote,Cloud,936827,4,14-05-2024
Software Developer,Microsoft,Mumbai,AI,1316793,5,09-06-2024
Frontend Developer,Tech Mahindra,Chennai,AI,490204,2,26-10-2024
Cloud Engineer,Microsoft,Noida,Analytics,1167481,4,05-12-2024
DevOps Engineer,Zoho,Pune,Cloud,1562562,5,06-11-2025
Backend Developer,Deloitte,Mumbai,Analytics,1184746,4,14-01-2024
Machine Learning Engineer,Infosys,Pune,Web Development,807778,3,23-05-2024
Business Analyst,IBM,Mumbai,Data Science,687592,3,24-08-2025
Data Scientist,Oracle,Mumbai,Analytics,666651,3,04-07-2025
AI Engineer,Google,Noida,AI,1229347,5,21-06-2025
Frontend Developer,Cognizant,Jaipur,Cloud,1122922,4,04-10-2024
Data Scientist,IBM,Pune,Cloud,1428009,5,08-01-2025
Data Scientist,Accenture,Kolkata,DevOps,1013538,4,10-08-2025
Business Analyst,Wipro,Bangalore,Web Development,620694,3,01-08-2024
AI Engineer,Deloitte,Remote,Analytics,347660,1,24-12-2024
Data Scientist,Infosys,Ahmedabad,Cloud,549563,2,21-09-2025
Data Analyst,Deloitte,Mumbai,DevOps,590845,2,09-07-2024
Backend Developer,Deloitte,Kolkata,AI,915492,4,01-02-2024
DevOps Engineer,Tech Mahindra,Mumbai,Analytics,832379,3,19-12-2025
Data Analyst,HCLTech,Chennai,Cloud,594183,2,17-02-2024
Backend Developer,Oracle,Pune,Analytics,1057758,4,17-11-2024
Data Scientist,Microsoft,Bangalore,DevOps,898949,3,30-01-2025
Software Developer,Deloitte,Jaipur,AI,1341550,5,24-05-2024
Software Developer,Accenture,Jaipur,Data Science,545867,2,08-04-2025
Data Analyst,Zoho,Hyderabad,Analytics,686731,3,21-03-2025
DevOps Engineer,Zoho,Remote,Analytics,515088,2,15-10-2024
Python Developer,IBM,Hyderabad,DevOps,831440,3,21-08-2025
Machine Learning Engineer,IBM,Pune,Software Development,1026561,4,06-11-2025
Cloud Engineer,TCS,Chennai,AI,1458258,5,14-05-2025
Python Developer,Wipro,Gurgaon,AI,1250526,5,10-03-2025
Data Analyst,TCS,Mumbai,Software Development,827988,3,31-12-2024
Frontend Developer,TCS,Gurgaon,Software Development,849892,3,13-03-2025
Software Developer,Deloitte,Hyderabad,DevOps,512757,2,27-05-2024
Machine Learning Engineer,HCLTech,Noida,AI,822272,3,27-02-2024
Data Analyst,Oracle,Noida,Cloud,1104998,4,02-06-2024
Full Stack Developer,Capgemini,Noida,DevOps,645188,3,31-05-2024
AI Engineer,IBM,Hyderabad,AI,845485,3,27-06-2024
Cloud Engineer,Deloitte,Ahmedabad,Data Science,752406,3,16-11-2025
DevOps Engineer,Wipro,Kolkata,Data Science,948114,4,22-07-2024
Full Stack Developer,TCS,Gurgaon,Web Development,1372819,5,01-07-2025
Software Developer,Accenture,Jaipur,Cloud,335798,1,24-09-2024
Backend Developer,Infosys,Delhi,Web Development,507441,2,29-10-2024
Data Scientist,Amazon,Bangalore,Software Development,910967,4,07-08-2024
DevOps Engineer,Cognizant,Gurgaon,Web Development,1113204,4,02-11-2024
DevOps Engineer,Amazon,Gurgaon,Software Development,646224,3,08-04-2024
Machine Learning Engineer,Google,Bangalore,DevOps,380146,1,20-01-2024
Software Developer,Amazon,Chennai,Cloud,270838,1,17-09-2024
Business Analyst,Tech Mahindra,Mumbai,AI,376733,1,02-05-2025
Machine Learning Engineer,TCS,Jaipur,Analytics,876568,3,20-07-2025
DevOps Engineer,Deloitte,Jaipur,Analytics,1407079,5,29-05-2025
Machine Learning Engineer,Wipro,Pune,Web Development,363178,1,10-06-2024
DevOps Engineer,Google,Chennai,Software Development,1406424,5,24-05-2025
DevOps Engineer,IBM,Kolkata,Software Development,1046032,4,17-05-2024
DevOps Engineer,Amazon,Ahmedabad,DevOps,683782,3,24-07-2024
Data Analyst,Infosys,Remote,Data Science,478680,2,13-05-2024
Data Analyst,Google,Bangalore,Web Development,909049,4,27-05-2025
Software Developer,HCLTech,Delhi,Cloud,723272,3,18-07-2024
AI Engineer,Microsoft,Bangalore,Analytics,217721,1,08-07-2024
Machine Learning Engineer,Deloitte,Chennai,Cloud,1136438,4,09-02-2024
Machine Learning Engineer,Deloitte,Bangalore,Data Science,1543159,5,19-03-2025
Backend Developer,Microsoft,Jaipur,DevOps,484373,2,08-09-2024
Cloud Engineer,TCS,Gurgaon,DevOps,209500,1,08-10-2025
Data Scientist,Deloitte,Pune,Web Development,1327101,5,27-02-2024
Data Analyst,Google,Kolkata,Web Development,756452,3,26-07-2024
Data Analyst,Amazon,Mumbai,AI,1394359,5,06-02-2025
Full Stack Developer,Accenture,Delhi,Web Development,246349,1,05-05-2024
DevOps Engineer,Deloitte,Noida,Web Development,290847,1,29-11-2024
Python Developer,Infosys,Gurgaon,Data Science,1277288,5,20-05-2025
Frontend Developer,HCLTech,Ahmedabad,Analytics,262943,1,23-02-2024
Backend Developer,Google,Kolkata,Data Science,425475,2,24-12-2025
AI Engineer,Amazon,Kolkata,Cloud,343393,1,15-04-2025
Data Scientist,Tech Mahindra,Gurgaon,DevOps,1450281,5,03-02-2025
Business Analyst,Infosys,Jaipur,Software Development,914607,4,30-03-2024
Frontend Developer,HCLTech,Chennai,Analytics,377800,1,20-01-2025
Machine Learning Engineer,Accenture,Kolkata,DevOps,437342,2,02-05-2024
Frontend Developer,IBM,Remote,DevOps,1249271,5,18-07-2025
Frontend Developer,TCS,Jaipur,Software Development,523622,2,29-06-2025
Cloud Engineer,Tech Mahindra,Mumbai,DevOps,1410073,5,19-12-2024
Cloud Engineer,Amazon,Hyderabad,Analytics,670596,3,31-01-2025
AI Engineer,IBM,Remote,Cloud,1503408,5,05-02-2024
Business Analyst,Infosys,Pune,Data Science,473456,2,28-09-2025
Software Developer,Cognizant,Jaipur,AI,486229,2,18-03-2024
Backend Developer,Capgemini,Delhi,Analytics,1457459,5,13-01-2025
Data Scientist,Cognizant,Chennai,Analytics,1195566,4,19-09-2025
DevOps Engineer,IBM,Mumbai,Software Development,613699,3,08-06-2025
Cloud Engineer,IBM,Delhi,Cloud,459640,2,24-02-2025
Software Developer,Infosys,Bangalore,Cloud,399591,1,21-11-2024
DevOps Engineer,Tech Mahindra,Gurgaon,Cloud,504728,2,18-03-2024
DevOps Engineer,Accenture,Remote,AI,363387,1,12-09-2024
Full Stack Developer,HCLTech,Mumbai,DevOps,750125,3,22-01-2024
Business Analyst,Deloitte,Chennai,Software Development,1540607,5,05-04-2025
Business Analyst,Infosys,Delhi,Analytics,1104087,4,29-09-2024
Data Scientist,Infosys,Remote,Software Development,544351,2,17-11-2025
Full Stack Developer,Tech Mahindra,Delhi,Web Development,631847,3,07-09-2024
Backend Developer,Wipro,Ahmedabad,Cloud,895583,3,03-03-2024
Frontend Developer,Amazon,Chennai,DevOps,1098273,4,04-08-2025
Backend Developer,Zoho,Noida,Software Development,517994,2,05-02-2025
AI Engineer,TCS,Bangalore,Software Development,483058,2,25-07-2025
DevOps Engineer,HCLTech,Ahmedabad,Analytics,331499,1,24-03-2024
Cloud Engineer,Infosys,Delhi,AI,326845,1,10-07-2024
AI Engineer,Microsoft,Bangalore,AI,1176363,4,26-01-2025
Machine Learning Engineer,Cognizant,Jaipur,DevOps,271435,1,25-11-2025
Software Developer,Infosys,Pune,Software Development,235251,1,02-01-2024
Machine Learning Engineer,HCLTech,Delhi,Cloud,229324,1,23-01-2024
Frontend Developer,Microsoft,Pune,Software Development,270416,1,09-08-2025
Backend Developer,HCLTech,Remote,Analytics,1152169,4,29-06-2025
Software Developer,Amazon,Gurgaon,Analytics,649517,3,02-07-2024
Data Analyst,Zoho,Pune,Analytics,978940,4,12-12-2025
Machine Learning Engineer,Google,Chennai,Web Development,1127159,4,28-08-2025
Full Stack Developer,Microsoft,Chennai,Analytics,473723,2,25-07-2024
Software Developer,Infosys,Gurgaon,AI,531252,2,26-05-2024
DevOps Engineer,Oracle,Jaipur,Data Science,511082,2,29-11-2024
Frontend Developer,Microsoft,Pune,DevOps,849600,3,27-05-2025
Frontend Developer,Microsoft,Gurgaon,Cloud,935655,4,24-12-2024
Machine Learning Engineer,Tech Mahindra,Bangalore,Web Development,829506,3,02-03-2025
Data Analyst,IBM,Delhi,Web Development,964539,4,01-10-2024
Software Developer,Oracle,Delhi,Cloud,360549,1,08-04-2025
Python Developer,Microsoft,Ahmedabad,DevOps,1108601,4,16-09-2025
Machine Learning Engineer,Zoho,Ahmedabad,Web Development,805722,3,22-08-2025
Data Analyst,IBM,Pune,DevOps,461108,2,31-03-2024
Full Stack Developer,Deloitte,Ahmedabad,Cloud,319963,1,01-11-2024
Business Analyst,Infosys,Pune,Cloud,235134,1,10-10-2024
Data Analyst,Deloitte,Gurgaon,DevOps,1317520,5,04-07-2024
Data Scientist,IBM,Chennai,Web Development,243941,1,09-03-2024
Machine Learning Engineer,Oracle,Remote,Analytics,1131824,4,20-07-2025
AI Engineer,Accenture,Noida,Web Development,444695,2,08-03-2025
Backend Developer,Zoho,Chennai,AI,971889,4,23-06-2024
DevOps Engineer,Tech Mahindra,Gurgaon,AI,1542197,5,02-09-2025
DevOps Engineer,Zoho,Ahmedabad,Software Development,414391,2,05-07-2025
Software Developer,Capgemini,Ahmedabad,DevOps,598393,2,29-12-2024
Software Developer,Wipro,Jaipur,Web Development,679305,3,07-11-2024
Backend Developer,Zoho,Chennai,Web Development,1407749,5,19-07-2024
DevOps Engineer,Zoho,Remote,Analytics,486206,2,11-12-2024
Backend Developer,Cognizant,Chennai,Web Development,1256937,5,04-11-2025
Machine Learning Engineer,HCLTech,Gurgaon,AI,256928,1,07-05-2025
Machine Learning Engineer,Infosys,Delhi,Data Science,593129,2,14-08-2025
Python Developer,Tech Mahindra,Jaipur,Cloud,826155,3,22-10-2024
Cloud Engineer,Wipro,Hyderabad,Web Development,393899,1,01-07-2025
Business Analyst,Deloitte,Noida,Software Development,484607,2,08-06-2025
Software Developer,Amazon,Delhi,Software Development,437374,2,30-03-2024
Data Analyst,Cognizant,Noida,Cloud,1038922,4,24-10-2024
AI Engineer,Wipro,Delhi,DevOps,1148361,4,10-12-2025
AI Engineer,Accenture,Gurgaon,Analytics,624803,3,20-04-2024
Backend Developer,Infosys,Mumbai,Web Development,1233479,5,12-12-2025
Data Scientist,Accenture,Delhi,Data Science,206347,1,20-01-2024
AI Engineer,Infosys,Jaipur,DevOps,1585671,5,26-02-2025
Data Scientist,Capgemini,Hyderabad,Cloud,237177,1,29-09-2025
Software Developer,Google,Bangalore,AI,962701,4,14-08-2024
DevOps Engineer,Accenture,Bangalore,Data Science,637948,3,16-10-2025
Backend Developer,Oracle,Bangalore,Software Development,371008,1,25-08-2025
Data Analyst,Zoho,Kolkata,Data Science,1336697,5,22-06-2025
Business Analyst,Capgemini,Ahmedabad,Data Science,239431,1,21-04-2024
Data Scientist,IBM,Chennai,Data Science,779168,3,09-01-2025
DevOps Engineer,IBM,Jaipur,Web Development,279373,1,30-03-2024
AI Engineer,Infosys,Chennai,Web Development,720301,3,20-09-2025
Data Scientist,Microsoft,Delhi,AI,515164,2,09-10-2024
AI Engineer,IBM,Ahmedabad,AI,1226900,5,29-10-2025
Full Stack Developer,Oracle,Remote,Data Science,805251,3,09-10-2024
Python Developer,Deloitte,Jaipur,Analytics,887723,3,05-04-2025
Backend Developer,Capgemini,Delhi,Data Science,836804,3,06-08-2025
Cloud Engineer,Infosys,Hyderabad,Data Science,871995,3,30-11-2025
Software Developer,Oracle,Mumbai,Cloud,540470,2,26-03-2025
DevOps Engineer,Deloitte,Mumbai,DevOps,1411965,5,05-07-2024
Machine Learning Engineer,HCLTech,Chennai,AI,1396873,5,11-06-2025
AI Engineer,Tech Mahindra,Chennai,DevOps,953852,4,26-01-2024
DevOps Engineer,Cognizant,Mumbai,DevOps,493723,2,27-06-2025
Frontend Developer,HCLTech,Noida,Cloud,206019,1,21-08-2024
Full Stack Developer,HCLTech,Hyderabad,Data Science,1408208,5,03-06-2025
Software Developer,Zoho,Mumbai,Cloud,369821,1,05-08-2025
Machine Learning Engineer,Google,Pune,Software Development,579914,2,24-06-2025
Business Analyst,HCLTech,Pune,AI,1147142,4,06-05-2024
Machine Learning Engineer,Amazon,Delhi,Data Science,494097,2,28-08-2024
Business Analyst,Wipro,Noida,Software Development,851642,3,21-03-2024
AI Engineer,Wipro,Ahmedabad,DevOps,585638,2,16-05-2024
AI Engineer,Cognizant,Bangalore,Software Development,385523,1,20-07-2025
AI Engineer,Zoho,Jaipur,Data Science,403279,2,07-10-2025
Business Analyst,Accenture,Hyderabad,Analytics,912238,4,29-01-2024
Cloud Engineer,Cognizant,Ahmedabad,Data Science,1157310,4,09-04-2025
Frontend Developer,Infosys,Bangalore,Web Development,1575502,5,15-12-2025
Frontend Developer,Deloitte,Chennai,Software Development,728712,3,26-12-2025
Software Developer,Wipro,Ahmedabad,Web Development,1077277,4,12-09-2024
Full Stack Developer,Deloitte,Noida,DevOps,423505,2,15-01-2024
Backend Developer,Capgemini,Hyderabad,DevOps,796915,3,23-12-2024
Machine Learning Engineer,Microsoft,Pune,Software Development,739602,3,06-08-2025
Full Stack Developer,Wipro,Ahmedabad,Data Science,1352986,5,03-02-2024
Backend Developer,Deloitte,Pune,Cloud,846115,3,12-02-2024
Machine Learning Engineer,Capgemini,Pune,Analytics,489262,2,27-05-2025
Frontend Developer,Amazon,Noida,AI,1410838,5,28-02-2024
Frontend Developer,Tech Mahindra,Hyderabad,Analytics,1355660,5,31-12-2024
Business Analyst,Google,Hyderabad,Data Science,1239631,5,13-03-2025
Backend Developer,Infosys,Bangalore,DevOps,760435,3,11-10-2025
Software Developer,Amazon,Delhi,Data Science,572715,2,02-08-2025
Data Analyst,Capgemini,Pune,DevOps,1419321,5,21-08-2025
Full Stack Developer,Microsoft,Bangalore,AI,447447,2,18-09-2024
Backend Developer,Zoho,Bangalore,Analytics,997878,4,02-03-2025
Python Developer,Infosys,Delhi,AI,685360,3,03-06-2024
Data Analyst,Cognizant,Hyderabad,Cloud,1032705,4,01-09-2025
DevOps Engineer,Wipro,Noida,Software Development,1146835,4,17-09-2025
Frontend Developer,Infosys,Pune,Web Development,836885,3,27-03-2025
AI Engineer,IBM,Pune,Web Development,800081,3,05-01-2025
Backend Developer,Deloitte,Bangalore,Web Development,523642,2,08-07-2025
Backend Developer,Deloitte,Jaipur,Analytics,569190,2,21-02-2025
Full Stack Developer,Oracle,Gurgaon,Cloud,1019348,4,02-06-2025
Frontend Developer,Amazon,Bangalore,Web Development,665973,3,15-10-2025
Cloud Engineer,Microsoft,Remote,AI,567906,2,16-03-2024
Business Analyst,IBM,Pune,Data Science,824069,3,11-11-2025
Machine Learning Engineer,Wipro,Jaipur,DevOps,1528983,5,26-01-2025
Full Stack Developer,HCLTech,Ahmedabad,Cloud,1149515,4,12-11-2024
Software Developer,Cognizant,Delhi,Software Development,741992,3,24-07-2024
Business Analyst,HCLTech,Noida,Software Development,604653,3,13-10-2025
Software Developer,Zoho,Ahmedabad,Software Development,1141085,4,04-08-2025
Backend Developer,Wipro,Remote,AI,1423409,5,01-02-2025
DevOps Engineer,HCLTech,Pune,Software Development,469051,2,08-11-2024
Business Analyst,Infosys,Kolkata,Software Development,466854,2,10-03-2024
AI Engineer,Deloitte,Remote,DevOps,294967,1,19-07-2025
Software Developer,IBM,Hyderabad,Software Development,502535,2,25-04-2024
DevOps Engineer,Microsoft,Bangalore,Software Development,399506,1,28-08-2025
DevOps Engineer,Oracle,Delhi,Cloud,777682,3,18-02-2024
AI Engineer,Infosys,Hyderabad,Software Development,1316395,5,16-12-2024
Python Developer,Infosys,Noida,DevOps,338245,1,28-11-2024
Data Scientist,Zoho,Hyderabad,DevOps,1093219,4,26-05-2025
AI Engineer,Infosys,Chennai,Web Development,1390647,5,10-12-2024
Backend Developer,Capgemini,Chennai,Software Development,1167434,4,25-06-2025
Data Analyst,IBM,Kolkata,Analytics,1269659,5,16-03-2024
AI Engineer,Microsoft,Noida,Analytics,458221,2,20-09-2024
Business Analyst,Oracle,Noida,AI,1291618,5,15-06-2025
Frontend Developer,Capgemini,Chennai,Analytics,779020,3,25-10-2025
Data Analyst,IBM,Ahmedabad,DevOps,208400,1,01-01-2025
Python Developer,Tech Mahindra,Pune,Cloud,1118244,4,17-08-2025
Data Scientist,Oracle,Hyderabad,Cloud,1116793,4,30-04-2024
Cloud Engineer,Cognizant,Noida,Data Science,201461,1,13-11-2025
Data Analyst,IBM,Bangalore,Cloud,592469,2,13-02-2024
Data Scientist,Google,Mumbai,Data Science,255308,1,16-01-2024
Data Scientist,HCLTech,Chennai,Analytics,1424096,5,11-01-2025
Python Developer,Wipro,Chennai,Web Development,752100,3,08-11-2024
AI Engineer,Microsoft,Remote,Cloud,749168,3,01-03-2024
Python Developer,Zoho,Pune,Data Science,904731,4,26-03-2024
Cloud Engineer,IBM,Bangalore,Data Science,957580,4,15-06-2024
Cloud Engineer,TCS,Hyderabad,DevOps,938578,4,28-09-2024
Backend Developer,Deloitte,Ahmedabad,Data Science,806352,3,13-02-2025
Full Stack Developer,Capgemini,Kolkata,Web Development,1023831,4,04-10-2024
AI Engineer,Tech Mahindra,Hyderabad,AI,459370,2,12-02-2024
Data Scientist,Capgemini,Noida,Web Development,385055,1,17-06-2025
DevOps Engineer,Zoho,Delhi,Web Development,745383,3,09-07-2024
Machine Learning Engineer,Amazon,Ahmedabad,AI,1248685,5,13-08-2024
Backend Developer,Accenture,Kolkata,DevOps,1109629,4,18-06-2025
DevOps Engineer,IBM,Hyderabad,Web Development,509236,2,23-10-2025
AI Engineer,Google,Gurgaon,AI,1526888,5,16-03-2025
AI Engineer,HCLTech,Gurgaon,Web Development,1504333,5,29-05-2024
Data Analyst,Accenture,Delhi,AI,577682,2,02-04-2024
Software Developer,IBM,Pune,Software Development,792381,3,27-03-2025
Cloud Engineer,Capgemini,Hyderabad,AI,581916,2,12-03-2024
Business Analyst,Infosys,Noida,AI,940594,4,08-06-2024
Cloud Engineer,Google,Chennai,Software Development,568353,2,13-03-2024
Software Developer,Oracle,Pune,Web Development,1543007,5,15-12-2024
Python Developer,Deloitte,Gurgaon,Data Science,1029293,4,01-09-2024
DevOps Engineer,TCS,Jaipur,Software Development,1575994,5,24-10-2024
DevOps Engineer,Deloitte,Hyderabad,DevOps,1457762,5,28-06-2024
Frontend Developer,IBM,Jaipur,Software Development,624813,3,19-12-2024
Full Stack Developer,HCLTech,Jaipur,Web Development,520548,2,03-04-2025
Cloud Engineer,Cognizant,Pune,Software Development,926176,4,10-02-2024
Data Analyst,Microsoft,Chennai,Data Science,1128382,4,04-05-2025
DevOps Engineer,Accenture,Noida,Web Development,696209,3,05-02-2025
DevOps Engineer,Microsoft,Pune,Web Development,397069,1,11-09-2024
Machine Learning Engineer,Capgemini,Noida,Data Science,1030702,4,10-08-2024
DevOps Engineer,Google,Remote,AI,1436680,5,17-04-2025
Machine Learning Engineer,HCLTech,Kolkata,AI,496810,2,02-04-2025
Cloud Engineer,Capgemini,Delhi,Web Development,1264078,5,11-01-2025
Machine Learning Engineer,Microsoft,Gurgaon,Web Development,796136,3,27-09-2024
AI Engineer,HCLTech,Bangalore,Software Development,254186,1,18-04-2025
Backend Developer,Deloitte,Chennai,Cloud,307180,1,27-11-2025
Data Scientist,Infosys,Ahmedabad,DevOps,234772,1,07-04-2024
Business Analyst,TCS,Ahmedabad,Data Science,561527,2,17-05-2025
Backend Developer,IBM,Pune,DevOps,1030436,4,01-03-2025
Software Developer,Microsoft,Remote,Software Development,237204,1,17-02-2025
Machine Learning Engineer,Wipro,Ahmedabad,Analytics,1500614,5,10-10-2024
AI Engineer,Microsoft,Delhi,Software Development,492888,2,02-07-2025
Data Scientist,Zoho,Remote,Cloud,653642,3,02-12-2024
Cloud Engineer,Deloitte,Hyderabad,DevOps,914759,4,20-07-2025
Backend Developer,Deloitte,Remote,DevOps,1326407,5,21-09-2025
Machine Learning Engineer,Google,Hyderabad,DevOps,727407,3,16-04-2024
Backend Developer,Oracle,Mumbai,Software Development,983097,4,26-08-2024
Data Analyst,Zoho,Jaipur,Analytics,241532,1,25-08-2025
Machine Learning Engineer,Wipro,Pune,Cloud,398540,1,04-03-2025
DevOps Engineer,Wipro,Gurgaon,Software Development,1308212,5,24-06-2024
Frontend Developer,Google,Kolkata,Web Development,384878,1,03-01-2024
Full Stack Developer,IBM,Remote,Data Science,208459,1,29-05-2025
Backend Developer,Amazon,Delhi,Cloud,1480006,5,04-03-2024
Business Analyst,Wipro,Pune,DevOps,488469,2,04-10-2024
Frontend Developer,Wipro,Jaipur,Analytics,761728,3,22-04-2024
Frontend Developer,Zoho,Delhi,Analytics,566281,2,04-09-2024
Machine Learning Engineer,Cognizant,Bangalore,Cloud,1191277,4,03-04-2024
Software Developer,Capgemini,Hyderabad,Analytics,1114690,4,03-10-2024
Software Developer,Microsoft,Mumbai,Cloud,1389661,5,20-08-2025
Data Analyst,Zoho,Remote,Web Development,1140936,4,20-11-2024
Full Stack Developer,Oracle,Gurgaon,Data Science,1476263,5,14-07-2024
Backend Developer,Google,Chennai,Cloud,430777,2,02-08-2024
Backend Developer,Microsoft,Noida,Analytics,1583353,5,03-07-2025
Python Developer,Wipro,Jaipur,AI,534545,2,25-09-2025
Cloud Engineer,TCS,Delhi,AI,329494,1,13-02-2024
Cloud Engineer,Microsoft,Bangalore,Web Development,1121081,4,30-01-2024
Data Scientist,Zoho,Hyderabad,Web Development,686004,3,13-07-2024
Full Stack Developer,Microsoft,Pune,DevOps,1100585,4,13-04-2024
Cloud Engineer,Tech Mahindra,Chennai,Cloud,1470589,5,12-02-2024
Full Stack Developer,Deloitte,Jaipur,DevOps,1243908,5,06-07-2024
DevOps Engineer,Tech Mahindra,Jaipur,Web Development,946741,4,18-06-2025
Software Developer,TCS,Pune,Analytics,394479,1,10-08-2025
Python Developer,Tech Mahindra,Delhi,Data Science,437337,2,02-02-2025
Machine Learning Engineer,Wipro,Noida,AI,804068,3,05-02-2025
Cloud Engineer,Cognizant,Pune,Cloud,391750,1,06-04-2025
AI Engineer,Tech Mahindra,Delhi,Cloud,754886,3,09-12-2025
Frontend Developer,Deloitte,Remote,Data Science,1516006,5,19-09-2025
Machine Learning Engineer,Cognizant,Kolkata,Analytics,1083019,4,12-09-2025
Business Analyst,Accenture,Hyderabad,Cloud,954545,4,25-10-2024
AI Engineer,Capgemini,Ahmedabad,Analytics,1114386,4,14-07-2025
Backend Developer,Microsoft,Delhi,AI,1530638,5,16-08-2024
Cloud Engineer,Microsoft,Chennai,DevOps,417897,2,18-07-2025
Python Developer,Amazon,Ahmedabad,Analytics,1343305,5,31-12-2025
Software Developer,Amazon,Mumbai,Web Development,1072393,4,25-01-2024
Cloud Engineer,Oracle,Kolkata,DevOps,818212,3,08-05-2025
Frontend Developer,Microsoft,Bangalore,Web Development,1166807,4,14-09-2024
Data Scientist,Cognizant,Chennai,Analytics,403061,2,05-06-2025
AI Engineer,Accenture,Gurgaon,Software Development,1035826,4,12-05-2024
Python Developer,Wipro,Remote,Cloud,1060245,4,31-08-2025
Python Developer,TCS,Chennai,Web Development,1216976,5,24-05-2025
Cloud Engineer,Deloitte,Bangalore,Software Development,1160188,4,05-04-2025
Frontend Developer,Accenture,Mumbai,Data Science,354485,1,09-10-2024
Data Analyst,Tech Mahindra,Jaipur,Analytics,938511,4,05-06-2024
Machine Learning Engineer,Google,Bangalore,Cloud,1042185,4,19-03-2024
Full Stack Developer,Amazon,Bangalore,DevOps,400119,2,22-10-2025
AI Engineer,TCS,Ahmedabad,AI,758200,3,30-03-2025
AI Engineer,Tech Mahindra,Gurgaon,DevOps,851205,3,26-09-2025
Frontend Developer,Infosys,Bangalore,Analytics,1421505,5,22-08-2024
Cloud Engineer,Zoho,Ahmedabad,Analytics,1516946,5,24-03-2025
AI Engineer,Google,Pune,Data Science,228889,1,24-12-2025
Backend Developer,Cognizant,Pune,AI,927940,4,23-02-2025
Machine Learning Engineer,Infosys,Hyderabad,Software Development,1272369,5,26-02-2025
Machine Learning Engineer,Tech Mahindra,Delhi,Web Development,1264339,5,23-11-2024
Frontend Developer,Infosys,Bangalore,Software Development,490700,2,10-03-2024
Software Developer,Microsoft,Bangalore,Web Development,938516,4,03-04-2025
Machine Learning Engineer,Deloitte,Gurgaon,Analytics,209169,1,25-10-2024
Backend Developer,Accenture,Gurgaon,Data Science,337070,1,27-10-2024
Backend Developer,Google,Jaipur,DevOps,509449,2,13-10-2025
Backend Developer,Infosys,Delhi,Analytics,521137,2,06-10-2024
Frontend Developer,Cognizant,Delhi,Cloud,1582220,5,01-12-2024
Backend Developer,Amazon,Kolkata,Data Science,277723,1,25-10-2024
Frontend Developer,Google,Ahmedabad,Cloud,691817,3,07-08-2024
Business Analyst,Google,Pune,Software Development,741755,3,28-06-2024
Machine Learning Engineer,Cognizant,Delhi,Cloud,598711,2,23-01-2025
Frontend Developer,Infosys,Gurgaon,Software Development,255973,1,06-09-2025
Cloud Engineer,Deloitte,Gurgaon,Web Development,743380,3,09-08-2025
Full Stack Developer,IBM,Chennai,DevOps,943370,4,26-10-2025
Data Scientist,Infosys,Chennai,Data Science,240784,1,09-01-2024
Frontend Developer,Capgemini,Bangalore,DevOps,1569917,5,22-05-2025
Machine Learning Engineer,HCLTech,Noida,Software Development,1137880,4,25-01-2025
Business Analyst,Cognizant,Kolkata,AI,733127,3,17-05-2024
Machine Learning Engineer,IBM,Gurgaon,Software Development,1471978,5,31-12-2024
Business Analyst,Amazon,Noida,AI,341281,1,26-03-2025
Frontend Developer,Infosys,Noida,AI,1323524,5,22-05-2024
DevOps Engineer,Capgemini,Jaipur,Web Development,615032,3,06-04-2025
DevOps Engineer,IBM,Mumbai,Analytics,350233,1,25-04-2024
Backend Developer,Zoho,Mumbai,DevOps,486059,2,08-07-2024
Frontend Developer,Wipro,Bangalore,Cloud,1590888,5,07-06-2025
Full Stack Developer,Zoho,Gurgaon,Cloud,1281796,5,29-12-2024
AI Engineer,Tech Mahindra,Bangalore,Data Science,912735,4,27-01-2025
Business Analyst,Cognizant,Ahmedabad,DevOps,374453,1,01-03-2024
Software Developer,Google,Pune,AI,373435,1,27-04-2025
Full Stack Developer,TCS,Hyderabad,Data Science,693465,3,15-09-2024
Frontend Developer,Tech Mahindra,Jaipur,Analytics,623586,3,17-08-2025
Business Analyst,IBM,Kolkata,Analytics,402840,2,23-04-2025
Python Developer,Deloitte,Noida,Web Development,369786,1,04-10-2024
DevOps Engineer,IBM,Chennai,AI,230437,1,23-04-2025
Business Analyst,Amazon,Pune,Data Science,488543,2,05-09-2024
AI Engineer,Capgemini,Jaipur,Data Science,200694,1,28-12-2024
Data Scientist,Infosys,Ahmedabad,AI,1338982,5,15-01-2025
DevOps Engineer,HCLTech,Kolkata,AI,1161102,4,16-05-2024
Python Developer,Cognizant,Kolkata,Web Development,418829,2,23-10-2025
Cloud Engineer,Infosys,Remote,Software Development,1561242,5,03-06-2025
Business Analyst,Wipro,Mumbai,Analytics,1291709,5,28-09-2024
Data Scientist,Oracle,Kolkata,Web Development,257020,1,01-12-2024
Python Developer,Microsoft,Gurgaon,Analytics,893780,3,12-08-2025
AI Engineer,Oracle,Delhi,Web Development,226247,1,09-01-2025
Software Developer,Oracle,Gurgaon,Web Development,528246,2,16-05-2024
Software Developer,IBM,Ahmedabad,Cloud,975791,4,16-01-2024
Machine Learning Engineer,Cognizant,Delhi,AI,541444,2,21-10-2024
Machine Learning Engineer,Cognizant,Delhi,Web Development,277199,1,28-06-2024
DevOps Engineer,Google,Ahmedabad,Software Development,236458,1,09-12-2024
Data Scientist,IBM,Pune,Web Development,701628,3,28-01-2025
Full Stack Developer,Accenture,Hyderabad,Web Development,901966,4,23-12-2025
DevOps Engineer,Tech Mahindra,Chennai,AI,990620,4,26-02-2025
Cloud Engineer,Accenture,Ahmedabad,AI,1092568,4,18-09-2024
Software Developer,TCS,Pune,Analytics,944192,4,13-11-2025
AI Engineer,Capgemini,Pune,Cloud,431847,2,27-07-2025
Data Analyst,Capgemini,Remote,Software Development,1158133,4,02-01-2024
Backend Developer,IBM,Mumbai,Software Development,1099115,4,17-11-2025
Machine Learning Engineer,HCLTech,Mumbai,Web Development,455992,2,10-01-2024
Cloud Engineer,Oracle,Hyderabad,DevOps,415979,2,22-02-2024
Python Developer,Infosys,Delhi,AI,541293,2,19-10-2025
Business Analyst,TCS,Mumbai,Cloud,1402077,5,29-09-2025
Python Developer,Deloitte,Jaipur,Software Development,380946,1,20-03-2024
AI Engineer,Accenture,Ahmedabad,Software Development,1268551,5,12-09-2024
AI Engineer,Tech Mahindra,Mumbai,Data Science,1256008,5,27-05-2025
Machine Learning Engineer,Oracle,Jaipur,Analytics,851664,3,15-07-2024
Business Analyst,Tech Mahindra,Mumbai,Data Science,538983,2,25-07-2025
Python Developer,Oracle,Delhi,Software Development,469709,2,05-08-2024
Business Analyst,Wipro,Delhi,Analytics,1510122,5,13-12-2024
Data Analyst,Zoho,Hyderabad,Data Science,331807,1,10-05-2025
Backend Developer,HCLTech,Remote,Cloud,832579,3,13-08-2025
AI Engineer,Oracle,Noida,Data Science,1458775,5,13-10-2025
Cloud Engineer,IBM,Noida,Software Development,1066408,4,18-12-2025
Machine Learning Engineer,TCS,Mumbai,Software Development,430436,2,02-04-2024
Backend Developer,Accenture,Pune,Software Development,201222,1,03-03-2024
Data Scientist,Google,Chennai,DevOps,538747,2,03-01-2025
Software Developer,Wipro,Gurgaon,Web Development,341299,1,02-05-2024
Backend Developer,Microsoft,Chennai,Analytics,1117877,4,17-06-2025
Python Developer,Infosys,Jaipur,AI,1400742,5,12-06-2025
Full Stack Developer,Amazon,Hyderabad,Web Development,200514,1,03-05-2024
Cloud Engineer,Infosys,Gurgaon,DevOps,288744,1,07-04-2024
Machine Learning Engineer,HCLTech,Delhi,DevOps,322168,1,10-02-2025
Software Developer,TCS,Gurgaon,DevOps,219838,1,01-02-2024
DevOps Engineer,Oracle,Gurgaon,Cloud,243788,1,01-03-2025
DevOps Engineer,Wipro,Kolkata,Cloud,1219850,5,24-02-2025
Frontend Developer,Microsoft,Delhi,Cloud,238863,1,20-09-2024
Data Scientist,Wipro,Bangalore,Cloud,259973,1,16-07-2025
Cloud Engineer,TCS,Ahmedabad,Data Science,588103,2,11-11-2025
Backend Developer,Cognizant,Jaipur,Cloud,807208,3,01-07-2024
Full Stack Developer,HCLTech,Mumbai,Web Development,1288227,5,18-04-2024
Software Developer,IBM,Ahmedabad,DevOps,478882,2,17-11-2024
Frontend Developer,IBM,Noida,Web Development,1041224,4,04-09-2024
Machine Learning Engineer,Microsoft,Bangalore,Cloud,816651,3,03-05-2024
Data Analyst,Accenture,Kolkata,DevOps,1456158,5,10-01-2025
Frontend Developer,Deloitte,Noida,AI,1128446,4,14-04-2025
AI Engineer,Amazon,Noida,Data Science,387253,1,26-07-2024
DevOps Engineer,IBM,Kolkata,DevOps,1170661,4,04-03-2024
Python Developer,Zoho,Ahmedabad,Software Development,1118829,4,06-02-2024
Software Developer,Tech Mahindra,Kolkata,Cloud,240108,1,26-08-2025
Python Developer,Deloitte,Noida,Software Development,659978,3,25-08-2024
Frontend Developer,Accenture,Hyderabad,DevOps,928770,4,27-02-2024
Machine Learning Engineer,IBM,Bangalore,Analytics,1003801,4,22-01-2025
DevOps Engineer,Amazon,Mumbai,AI,1249494,5,04-06-2024
Frontend Developer,Oracle,Hyderabad,DevOps,1351748,5,22-11-2024
Data Analyst,Wipro,Remote,Software Development,1526772,5,20-05-2025
Cloud Engineer,Amazon,Mumbai,AI,307491,1,19-03-2025
Data Scientist,Deloitte,Delhi,Cloud,1598962,5,17-12-2024
DevOps Engineer,Wipro,Pune,Analytics,509876,2,26-12-2024
Cloud Engineer,Microsoft,Gurgaon,AI,388875,1,17-03-2024
Data Scientist,Microsoft,Remote,AI,1079760,4,31-10-2024
Business Analyst,HCLTech,Pune,Cloud,294073,1,10-02-2024
Data Scientist,Zoho,Bangalore,DevOps,533577,2,14-08-2024
Machine Learning Engineer,Infosys,Noida,Software Development,750849,3,08-07-2025
Frontend Developer,IBM,Jaipur,Web Development,1527273,5,29-05-2024
Full Stack Developer,Tech Mahindra,Bangalore,Software Development,1266091,5,31-08-2024
Python Developer,IBM,Hyderabad,Cloud,300376,1,22-03-2024
Frontend Developer,Accenture,Chennai,Web Development,539682,2,27-02-2024
Data Scientist,IBM,Mumbai,Cloud,1111705,4,29-09-2024
Business Analyst,Tech Mahindra,Pune,Data Science,302558,1,04-01-2024
Data Analyst,Capgemini,Gurgaon,Web Development,605530,3,23-10-2024
Python Developer,Zoho,Chennai,Web Development,365254,1,30-01-2024
Software Developer,Capgemini,Jaipur,Data Science,827288,3,26-02-2024
Data Analyst,IBM,Jaipur,Analytics,747669,3,01-02-2024
AI Engineer,Zoho,Jaipur,Data Science,693463,3,27-09-2024
Python Developer,Cognizant,Jaipur,Cloud,729848,3,10-02-2024
Backend Developer,Amazon,Delhi,Software Development,921441,4,14-08-2024
DevOps Engineer,Google,Delhi,Software Development,247275,1,12-10-2025
Full Stack Developer,Tech Mahindra,Kolkata,Web Development,212194,1,30-10-2025
Python Developer,Deloitte,Ahmedabad,Web Development,469525,2,06-05-2025
Software Developer,Deloitte,Kolkata,AI,1443768,5,25-09-2025
Python Developer,Accenture,Jaipur,Web Development,475364,2,28-04-2025
DevOps Engineer,IBM,Ahmedabad,AI,529296,2,07-09-2024
Machine Learning Engineer,Microsoft,Hyderabad,Data Science,1575017,5,05-04-2024
Frontend Developer,Oracle,Bangalore,Data Science,1479119,5,31-08-2025
Machine Learning Engineer,Microsoft,Hyderabad,Software Development,920770,4,21-08-2025
Business Analyst,Infosys,Delhi,Web Development,599789,2,02-02-2024
Python Developer,Deloitte,Ahmedabad,Cloud,1000054,4,24-10-2024
Business Analyst,Cognizant,Noida,Data Science,592055,2,21-03-2024
Data Scientist,Oracle,Pune,DevOps,368103,1,19-06-2024
Business Analyst,HCLTech,Hyderabad,Cloud,1279329,5,25-11-2024
DevOps Engineer,Infosys,Jaipur,Analytics,257286,1,20-12-2025
AI Engineer,Cognizant,Noida,Web Development,584638,2,30-06-2025
Data Analyst,HCLTech,Remote,DevOps,1424443,5,28-12-2024
Cloud Engineer,TCS,Ahmedabad,Cloud,1190081,4,18-05-2024
Full Stack Developer,HCLTech,Noida,DevOps,1519617,5,23-02-2024
Machine Learning Engineer,Amazon,Hyderabad,Data Science,432484,2,13-03-2024
DevOps Engineer,Capgemini,Pune,Software Development,1470674,5,07-12-2024
Python Developer,Zoho,Pune,Web Development,1145462,4,10-09-2025
AI Engineer,IBM,Hyderabad,DevOps,1599764,5,18-11-2024
Full Stack Developer,Google,Pune,DevOps,1226995,5,16-11-2025
Business Analyst,Microsoft,Pune,Cloud,1076589,4,02-10-2025
Cloud Engineer,HCLTech,Pune,AI,1137219,4,18-01-2025
Machine Learning Engineer,Accenture,Remote,DevOps,870426,3,24-08-2025
Software Developer,Microsoft,Jaipur,Analytics,376479,1,29-12-2024
Backend Developer,Accenture,Delhi,Analytics,249274,1,27-11-2025
Cloud Engineer,Zoho,Remote,Data Science,1315384,5,17-03-2024
Data Scientist,Accenture,Chennai,DevOps,554291,2,07-09-2025
Data Scientist,Accenture,Gurgaon,Data Science,1008010,4,16-04-2024
Machine Learning Engineer,HCLTech,Pune,Data Science,420895,2,28-09-2025
AI Engineer,Tech Mahindra,Remote,Data Science,657351,3,07-03-2024
Frontend Developer,Amazon,Gurgaon,Web Development,1490132,5,03-07-2025
Machine Learning Engineer,HCLTech,Chennai,Web Development,844472,3,28-03-2025
Business Analyst,Wipro,Chennai,Software Development,642923,3,26-05-2025
Data Analyst,Tech Mahindra,Remote,Data Science,489420,2,05-02-2024
Software Developer,Infosys,Mumbai,Data Science,950467,4,07-04-2025
Backend Developer,Amazon,Remote,Analytics,1299759,5,26-07-2025
Cloud Engineer,IBM,Ahmedabad,Software Development,301651,1,26-01-2025
Backend Developer,Infosys,Chennai,AI,830630,3,05-11-2025
Software Developer,Zoho,Bangalore,Web Development,382068,1,27-12-2024
Frontend Developer,Accenture,Hyderabad,DevOps,1154272,4,03-12-2025
Business Analyst,Infosys,Ahmedabad,Analytics,545259,2,02-06-2024
Data Scientist,TCS,Jaipur,Data Science,205147,1,09-02-2024
Machine Learning Engineer,Amazon,Ahmedabad,DevOps,739206,3,15-11-2024
Machine Learning Engineer,Cognizant,Bangalore,Analytics,241186,1,27-05-2024
Business Analyst,TCS,Jaipur,DevOps,967075,4,11-12-2025
Data Analyst,Accenture,Kolkata,Cloud,754284,3,09-02-2025
Business Analyst,TCS,Chennai,AI,1032304,4,28-07-2025
Data Analyst,Zoho,Pune,Web Development,404572,2,29-01-2024
Data Scientist,Capgemini,Bangalore,Software Development,450298,2,02-04-2025
Machine Learning Engineer,HCLTech,Mumbai,Web Development,474416,2,25-05-2025
Machine Learning Engineer,Oracle,Delhi,Web Development,428702,2,12-06-2025
Frontend Developer,Capgemini,Gurgaon,Data Science,475084,2,27-07-2024
Frontend Developer,IBM,Kolkata,DevOps,725716,3,31-08-2025
Data Analyst,Accenture,Ahmedabad,Analytics,216529,1,12-04-2024
Software Developer,Capgemini,Jaipur,Data Science,456473,2,09-03-2025
Software Developer,Amazon,Chennai,Software Development,683841,3,20-11-2024
Backend Developer,Google,Remote,Cloud,479050,2,29-07-2024
AI Engineer,Wipro,Pune,Data Science,555943,2,20-04-2024
Full Stack Developer,HCLTech,Pune,DevOps,1493481,5,08-09-2024
Data Scientist,Wipro,Noida,Software Development,593031,2,02-08-2024
Data Scientist,Zoho,Ahmedabad,Web Development,582629,2,07-12-2025
DevOps Engineer,Infosys,Ahmedabad,DevOps,534814,2,21-07-2024
Full Stack Developer,TCS,Bangalore,AI,1176202,4,31-03-2024
DevOps Engineer,Accenture,Delhi,Cloud,1061717,4,11-04-2024
Full Stack Developer,Wipro,Chennai,Web Development,1240392,5,02-11-2025
Python Developer,Capgemini,Mumbai,AI,438935,2,23-12-2024
Backend Developer,IBM,Delhi,Software Development,482516,2,22-04-2025
Business Analyst,TCS,Chennai,Data Science,1178850,4,21-10-2025
Frontend Developer,Infosys,Kolkata,Web Development,690410,3,04-08-2025
Backend Developer,Wipro,Delhi,DevOps,292454,1,28-12-2024
Cloud Engineer,Zoho,Remote,Cloud,1155218,4,09-04-2024
Business Analyst,Oracle,Mumbai,AI,488746,2,10-10-2024
Software Developer,Wipro,Delhi,AI,1209634,5,06-02-2024
Backend Developer,Google,Kolkata,Analytics,752086,3,17-03-2024
Full Stack Developer,Microsoft,Hyderabad,Software Development,984134,4,07-08-2024
Python Developer,Wipro,Hyderabad,AI,961858,4,19-12-2024
Frontend Developer,Deloitte,Noida,AI,550593,2,23-08-2024
Full Stack Developer,Oracle,Ahmedabad,AI,382321,1,12-05-2024
AI Engineer,IBM,Bangalore,Data Science,1569521,5,29-09-2025
Python Developer,Oracle,Kolkata,Analytics,1017996,4,21-09-2025
Data Analyst,Zoho,Pune,DevOps,1222685,5,27-08-2024
Software Developer,Wipro,Gurgaon,Data Science,881638,3,02-12-2024
Data Scientist,Deloitte,Mumbai,Web Development,614036,3,13-02-2024
Machine Learning Engineer,Google,Bangalore,DevOps,453790,2,17-04-2025
Data Scientist,Accenture,Pune,Data Science,869435,3,12-03-2025
Software Developer,Infosys,Chennai,Analytics,1286864,5,25-12-2024
AI Engineer,Tech Mahindra,Mumbai,Data Science,498630,2,13-12-2025
Python Developer,IBM,Hyderabad,Web Development,1071278,4,30-10-2025
AI Engineer,Zoho,Mumbai,Web Development,405103,2,26-12-2025
Machine Learning Engineer,Capgemini,Chennai,Cloud,1153667,4,30-04-2025
Backend Developer,Oracle,Delhi,Web Development,317551,1,14-10-2025
Software Developer,Wipro,Kolkata,Software Development,289147,1,25-12-2025
Data Scientist,Cognizant,Mumbai,Software Development,1016859,4,21-07-2025
Business Analyst,Deloitte,Hyderabad,Data Science,518862,2,27-01-2025
Backend Developer,Oracle,Chennai,AI,1566274,5,07-02-2025
Data Analyst,Infosys,Kolkata,Web Development,1030474,4,23-11-2024
Backend Developer,IBM,Chennai,AI,348112,1,23-03-2025
Data Analyst,Tech Mahindra,Hyderabad,Cloud,1184211,4,25-02-2025
Backend Developer,Infosys,Chennai,Web Development,1517118,5,21-10-2024
Business Analyst,Cognizant,Bangalore,Software Development,277868,1,30-03-2025
Frontend Developer,HCLTech,Noida,AI,728806,3,05-08-2025
Full Stack Developer,Oracle,Chennai,Analytics,1513518,5,05-02-2025
DevOps Engineer,IBM,Jaipur,AI,239247,1,07-10-2025
Full Stack Developer,IBM,Gurgaon,Web Development,387640,1,24-06-2024
Business Analyst,Wipro,Chennai,AI,1103875,4,20-02-2025
Full Stack Developer,Microsoft,Mumbai,Software Development,1010207,4,29-08-2025
Data Scientist,IBM,Hyderabad,DevOps,877933,3,08-02-2025
DevOps Engineer,Infosys,Hyderabad,AI,589857,2,04-02-2025
Backend Developer,Google,Pune,Analytics,1209246,5,01-11-2025
Cloud Engineer,Cognizant,Bangalore,Cloud,1416089,5,14-01-2024
Data Analyst,Oracle,Bangalore,Cloud,497410,2,27-02-2024
Software Developer,TCS,Pune,Cloud,1183497,4,03-07-2024
Data Analyst,Wipro,Chennai,Analytics,546573,2,12-06-2024
Data Analyst,Capgemini,Gurgaon,Software Development,1416864,5,19-03-2025
Data Analyst,Google,Kolkata,Cloud,301365,1,16-08-2025
DevOps Engineer,Deloitte,Noida,Data Science,275827,1,06-07-2024
Software Developer,HCLTech,Hyderabad,Software Development,507287,2,28-04-2025
Full Stack Developer,Tech Mahindra,Hyderabad,DevOps,349788,1,15-05-2025
Data Scientist,TCS,Kolkata,AI,1186475,4,05-05-2024
Python Developer,IBM,Bangalore,Software Development,810067,3,11-04-2024
Business Analyst,Oracle,Remote,DevOps,848348,3,23-08-2025
Frontend Developer,Microsoft,Jaipur,Software Development,1072324,4,23-09-2025
DevOps Engineer,Tech Mahindra,Noida,Cloud,787198,3,19-05-2024
Machine Learning Engineer,IBM,Kolkata,Cloud,555821,2,13-01-2024
Cloud Engineer,Infosys,Kolkata,Software Development,441105,2,22-06-2025
Python Developer,Capgemini,Pune,Data Science,964932,4,28-08-2025
Cloud Engineer,IBM,Mumbai,Data Science,230503,1,27-04-2025
Data Scientist,Infosys,Chennai,Analytics,353295,1,19-11-2025
AI Engineer,HCLTech,Kolkata,Cloud,1560552,5,17-11-2024
Frontend Developer,HCLTech,Hyderabad,Cloud,398798,1,26-10-2024
DevOps Engineer,Oracle,Delhi,DevOps,291129,1,23-10-2025
Machine Learning Engineer,Amazon,Ahmedabad,Cloud,1240825,5,06-03-2025
Machine Learning Engineer,Infosys,Kolkata,Analytics,366385,1,25-06-2024
Data Analyst,Microsoft,Hyderabad,Data Science,365487,1,28-03-2025
Python Developer,Zoho,Remote,AI,245347,1,20-03-2024
Data Analyst,Zoho,Kolkata,DevOps,1115592,4,18-09-2024
Data Scientist,Tech Mahindra,Remote,AI,836743,3,13-04-2025
Software Developer,Amazon,Jaipur,DevOps,835932,3,07-11-2024
Full Stack Developer,Amazon,Kolkata,Web Development,738297,3,20-06-2025
Frontend Developer,Deloitte,Kolkata,Software Development,1235391,5,02-07-2025
Software Developer,Microsoft,Bangalore,Analytics,880275,3,23-01-2024
DevOps Engineer,Cognizant,Chennai,DevOps,625446,3,15-07-2024
Machine Learning Engineer,Oracle,Ahmedabad,AI,605206,3,08-05-2024
Software Developer,HCLTech,Remote,Web Development,861833,3,28-03-2024
Cloud Engineer,Microsoft,Hyderabad,Cloud,639216,3,09-03-2024
Full Stack Developer,TCS,Ahmedabad,AI,541185,2,05-09-2025
Business Analyst,Infosys,Chennai,Software Development,896236,3,10-04-2024
Frontend Developer,Google,Bangalore,Data Science,1560038,5,02-04-2024
Data Analyst,Deloitte,Chennai,AI,361918,1,29-05-2024
Backend Developer,Microsoft,Gurgaon,Cloud,1424682,5,18-09-2025
Business Analyst,Deloitte,Jaipur,AI,1444377,5,19-11-2025
Software Developer,IBM,Gurgaon,Cloud,492379,2,12-11-2025
AI Engineer,Cognizant,Chennai,DevOps,1332861,5,12-10-2025
DevOps Engineer,Accenture,Delhi,DevOps,893286,3,27-05-2024
Backend Developer,Infosys,Jaipur,Web Development,625956,3,28-06-2025
Python Developer,HCLTech,Jaipur,Data Science,404403,2,06-05-2024
AI Engineer,Cognizant,Mumbai,DevOps,389293,1,17-01-2025
Data Analyst,Microsoft,Pune,Analytics,1426072,5,14-09-2024
Frontend Developer,Google,Gurgaon,DevOps,1056077,4,01-05-2024
Cloud Engineer,Infosys,Bangalore,Software Development,1070364,4,10-02-2024
Backend Developer,Capgemini,Chennai,AI,885565,3,25-01-2025
Frontend Developer,Infosys,Remote,DevOps,936901,4,09-04-2024
Machine Learning Engineer,Capgemini,Noida,Cloud,466518,2,15-07-2024
AI Engineer,Deloitte,Kolkata,Data Science,409323,2,09-08-2024
Data Scientist,IBM,Gurgaon,Software Development,1006979,4,30-11-2025
Backend Developer,Cognizant,Pune,Software Development,229748,1,01-05-2025
Backend Developer,IBM,Mumbai,Analytics,251870,1,03-08-2024
Data Analyst,IBM,Remote,Analytics,315076,1,11-04-2025
Data Scientist,Oracle,Noida,Cloud,483689,2,17-05-2025
Business Analyst,Accenture,Noida,Data Science,1194137,4,19-10-2025
Backend Developer,Cognizant,Ahmedabad,DevOps,327776,1,31-12-2025
Backend Developer,Google,Delhi,Data Science,632767,3,01-02-2024
Data Analyst,IBM,Remote,AI,1214742,5,06-04-2024
Frontend Developer,HCLTech,Jaipur,Web Development,301186,1,28-06-2024
Frontend Developer,Amazon,Ahmedabad,Cloud,1292753,5,10-11-2024
Data Analyst,Cognizant,Chennai,AI,1072523,4,27-08-2024
Frontend Developer,Zoho,Pune,Data Science,1186050,4,16-09-2024
Python Developer,Deloitte,Noida,AI,217237,1,01-06-2024
Backend Developer,Zoho,Delhi,DevOps,228906,1,13-08-2024
Data Analyst,Zoho,Remote,Software Development,832836,3,26-08-2025
Data Analyst,IBM,Hyderabad,Cloud,1167087,4,21-05-2025
Frontend Developer,Deloitte,Ahmedabad,AI,1485388,5,07-07-2025
DevOps Engineer,IBM,Mumbai,Software Development,797382,3,14-04-2024
Business Analyst,TCS,Kolkata,DevOps,1207621,5,03-12-2025
AI Engineer,Wipro,Kolkata,Web Development,1236190,5,02-08-2024
Frontend Developer,Google,Gurgaon,Analytics,942999,4,23-11-2024
Data Scientist,Zoho,Chennai,Analytics,440763,2,10-02-2025
Backend Developer,IBM,Remote,Software Development,638005,3,18-09-2025
Frontend Developer,Accenture,Chennai,Cloud,830030,3,23-07-2025
Data Scientist,Microsoft,Remote,Software Development,635322,3,05-07-2024
Cloud Engineer,Capgemini,Mumbai,Web Development,1438182,5,21-10-2025
Machine Learning Engineer,Cognizant,Mumbai,Web Development,1331619,5,08-02-2024
Data Analyst,Wipro,Jaipur,Web Development,842554,3,14-09-2024
Data Scientist,Tech Mahindra,Delhi,Analytics,1546610,5,10-08-2025
Data Scientist,Deloitte,Chennai,DevOps,777293,3,13-03-2024
Backend Developer,Capgemini,Gurgaon,Software Development,579219,2,02-04-2025
Machine Learning Engineer,Microsoft,Pune,Cloud,1327126,5,31-10-2025
Data Scientist,IBM,Jaipur,DevOps,395649,1,26-02-2024
Data Scientist,Tech Mahindra,Mumbai,Analytics,738901,3,11-06-2025
Machine Learning Engineer,Capgemini,Bangalore,AI,653712,3,24-05-2024
Backend Developer,Deloitte,Delhi,Software Development,1357239,5,09-02-2025
Data Scientist,TCS,Remote,AI,335255,1,05-10-2024
Business Analyst,Google,Jaipur,Data Science,354141,1,29-11-2025
Business Analyst,Microsoft,Mumbai,Cloud,646432,3,05-02-2024
Backend Developer,Cognizant,Jaipur,DevOps,1368603,5,11-10-2024
Software Developer,Cognizant,Ahmedabad,Cloud,473080,2,24-08-2024
Data Scientist,IBM,Delhi,Data Science,336547,1,13-01-2024
Data Scientist,Deloitte,Bangalore,AI,242054,1,08-11-2024
Backend Developer,Accenture,Hyderabad,Data Science,526461,2,03-11-2025
Data Scientist,Microsoft,Kolkata,Cloud,1344817,5,23-11-2025
Cloud Engineer,Capgemini,Pune,Data Science,604562,3,22-02-2025
Business Analyst,Google,Remote,Data Science,806694,3,21-05-2024
Data Analyst,IBM,Chennai,AI,1589439,5,26-06-2025
Python Developer,Oracle,Pune,Analytics,520233,2,02-01-2025
Machine Learning Engineer,Amazon,Jaipur,Data Science,1506212,5,11-02-2024
Cloud Engineer,Tech Mahindra,Kolkata,DevOps,885166,3,14-02-2024
Data Scientist,Tech Mahindra,Noida,DevOps,499018,2,03-10-2025
AI Engineer,TCS,Ahmedabad,DevOps,276493,1,05-11-2025
Frontend Developer,Wipro,Noida,Analytics,435847,2,28-11-2025
Data Scientist,Zoho,Gurgaon,Software Development,883494,3,26-08-2025
Machine Learning Engineer,Infosys,Pune,DevOps,1445318,5,17-08-2025
Backend Developer,HCLTech,Mumbai,DevOps,440140,2,13-11-2024
AI Engineer,Cognizant,Delhi,Web Development,389129,1,21-12-2024
Python Developer,HCLTech,Jaipur,Analytics,688752,3,11-06-2025
Machine Learning Engineer,Tech Mahindra,Delhi,AI,731917,3,12-07-2025
DevOps Engineer,Zoho,Hyderabad,Web Development,962387,4,20-02-2025
Machine Learning Engineer,Deloitte,Noida,Analytics,498438,2,16-01-2025
Frontend Developer,Wipro,Delhi,Data Science,405094,2,19-10-2024
Machine Learning Engineer,Infosys,Gurgaon,AI,425282,2,10-08-2024
Machine Learning Engineer,Microsoft,Remote,Analytics,372322,1,19-03-2025
Python Developer,Oracle,Bangalore,Analytics,749201,3,08-12-2024
DevOps Engineer,Amazon,Noida,AI,1136275,4,04-01-2024
Data Analyst,Accenture,Remote,Cloud,240741,1,27-02-2024
Data Analyst,Deloitte,Hyderabad,Cloud,1134865,4,01-06-2025
Frontend Developer,Microsoft,Bangalore,Software Development,1217861,5,22-07-2025
Backend Developer,Zoho,Delhi,AI,541625,2,01-05-2025
Full Stack Developer,Cognizant,Delhi,Cloud,644411,3,25-06-2025
Python Developer,Accenture,Ahmedabad,Cloud,1238770,5,05-01-2024
Full Stack Developer,Tech Mahindra,Chennai,Cloud,1499404,5,07-06-2024
Backend Developer,Deloitte,Noida,Cloud,474643,2,07-11-2025
Data Scientist,IBM,Gurgaon,Cloud,1431708,5,03-12-2025
Backend Developer,Google,Chennai,Data Science,937665,4,17-10-2025
Cloud Engineer,Capgemini,Remote,Analytics,1113043,4,22-05-2025
Data Analyst,Microsoft,Jaipur,Analytics,301086,1,11-06-2024
Python Developer,Cognizant,Kolkata,DevOps,920661,4,11-04-2024
Cloud Engineer,Infosys,Remote,Cloud,474923,2,18-11-2025
DevOps Engineer,Cognizant,Ahmedabad,AI,482084,2,02-01-2024
AI Engineer,Capgemini,Bangalore,AI,806339,3,22-10-2024
Data Scientist,Zoho,Pune,Analytics,1369064,5,09-09-2025
Python Developer,Microsoft,Delhi,DevOps,776316,3,24-10-2025
Data Scientist,Wipro,Ahmedabad,Cloud,479264,2,12-04-2025
Backend Developer,Accenture,Gurgaon,Software Development,1161992,4,20-07-2024
Software Developer,Microsoft,Delhi,DevOps,671337,3,22-01-2025
Data Scientist,Accenture,Ahmedabad,Data Science,1095374,4,08-05-2024
AI Engineer,Cognizant,Mumbai,AI,620905,3,23-06-2025
Software Developer,Amazon,Remote,Analytics,1025983,4,22-02-2024
AI Engineer,Oracle,Jaipur,Web Development,932680,4,20-04-2024
Business Analyst,Wipro,Ahmedabad,Software Development,760393,3,26-04-2025
AI Engineer,Deloitte,Mumbai,Cloud,266331,1,10-08-2025
Data Scientist,Cognizant,Noida,Software Development,1159358,4,12-12-2025
Backend Developer,HCLTech,Bangalore,DevOps,662860,3,06-07-2025
Full Stack Developer,Zoho,Gurgaon,AI,791913,3,22-07-2025
Software Developer,Infosys,Jaipur,Data Science,988157,4,17-06-2024
Backend Developer,Cognizant,Bangalore,Analytics,487857,2,24-06-2024
DevOps Engineer,Oracle,Bangalore,Cloud,1523822,5,14-05-2025
Software Developer,Capgemini,Gurgaon,Analytics,807014,3,28-09-2025
Cloud Engineer,Wipro,Jaipur,Analytics,537332,2,12-03-2024
Data Analyst,Capgemini,Delhi,Web Development,585439,2,17-01-2024
Software Developer,Oracle,Jaipur,Analytics,555409,2,09-01-2025
Business Analyst,Amazon,Noida,Cloud,1404439,5,09-12-2024
Backend Developer,Capgemini,Gurgaon,Analytics,804404,3,19-04-2024
Frontend Developer,Accenture,Pune,Software Development,1030564,4,26-08-2025
AI Engineer,Zoho,Kolkata,Data Science,1010870,4,29-10-2025
Machine Learning Engineer,Accenture,Mumbai,DevOps,1017976,4,24-01-2025
Data Analyst,Deloitte,Gurgaon,Data Science,985407,4,31-08-2024
Python Developer,Microsoft,Pune,Software Development,602911,3,20-03-2024
Data Analyst,Capgemini,Pune,Data Science,1543086,5,01-06-2025
Software Developer,Accenture,Mumbai,AI,1282714,5,01-02-2024
Cloud Engineer,TCS,Kolkata,Web Development,339514,1,03-02-2025
Frontend Developer,Wipro,Chennai,Web Development,1438216,5,27-04-2025
Business Analyst,Amazon,Kolkata,Cloud,213412,1,05-06-2025
DevOps Engineer,Amazon,Gurgaon,DevOps,1131987,4,01-05-2025
Cloud Engineer,Capgemini,Mumbai,Analytics,985897,4,10-03-2024
Machine Learning Engineer,Google,Hyderabad,DevOps,779810,3,11-05-2024
AI Engineer,Microsoft,Chennai,Analytics,393594,1,14-11-2024
Business Analyst,HCLTech,Hyderabad,DevOps,390865,1,03-10-2025
Cloud Engineer,IBM,Noida,Cloud,1118100,4,27-09-2025
Data Analyst,Amazon,Mumbai,Analytics,1250852,5,15-09-2025
Machine Learning Engineer,Capgemini,Ahmedabad,Cloud,1517960,5,27-12-2025
Data Scientist,Amazon,Delhi,Analytics,716094,3,20-11-2024
Data Analyst,Infosys,Bangalore,AI,909302,4,17-05-2025
Business Analyst,HCLTech,Delhi,AI,238793,1,08-05-2025
Machine Learning Engineer,Oracle,Kolkata,DevOps,1423873,5,25-01-2025
Data Analyst,Capgemini,Bangalore,DevOps,255367,1,28-11-2024
Business Analyst,Oracle,Noida,Data Science,250347,1,15-03-2025
Frontend Developer,Infosys,Ahmedabad,AI,1100659,4,07-11-2025
Data Analyst,Accenture,Pune,AI,449002,2,15-01-2025
Data Analyst,Microsoft,Pune,DevOps,1467627,5,02-04-2024
Full Stack Developer,Zoho,Noida,AI,732785,3,03-01-2024
DevOps Engineer,IBM,Remote,DevOps,416965,2,14-05-2025
Business Analyst,Infosys,Noida,Software Development,1066449,4,24-03-2025
Business Analyst,HCLTech,Hyderabad,Software Development,1223759,5,15-12-2024
Business Analyst,Wipro,Pune,DevOps,1499279,5,02-10-2024
Backend Developer,Capgemini,Gurgaon,Cloud,471659,2,17-10-2025
Business Analyst,Infosys,Mumbai,DevOps,1001033,4,22-02-2025
Python Developer,Zoho,Delhi,Analytics,1170754,4,28-06-2024
Backend Developer,Zoho,Remote,Web Development,227243,1,31-12-2025
Backend Developer,Cognizant,Hyderabad,Software Development,530881,2,29-09-2024
Data Scientist,Deloitte,Gurgaon,Data Science,1314846,5,29-12-2025
Backend Developer,Wipro,Pune,Cloud,1121531,4,10-02-2025
Machine Learning Engineer,Oracle,Delhi,Data Science,486132,2,27-11-2025
Python Developer,Zoho,Hyderabad,Analytics,215842,1,30-08-2025
AI Engineer,Microsoft,Kolkata,Software Development,876368,3,07-07-2025
Machine Learning Engineer,Accenture,Chennai,Cloud,878238,3,05-03-2024
Full Stack Developer,Wipro,Ahmedabad,Software Development,733975,3,13-05-2024
Full Stack Developer,Google,Pune,DevOps,532054,2,24-09-2025
DevOps Engineer,Capgemini,Chennai,Data Science,460694,2,22-06-2025
Software Developer,Microsoft,Noida,Software Development,937935,4,23-01-2025
Machine Learning Engineer,Amazon,Kolkata,Web Development,302034,1,26-06-2025
Business Analyst,Tech Mahindra,Pune,Analytics,469238,2,16-01-2024
Cloud Engineer,Microsoft,Gurgaon,Web Development,360445,1,22-11-2025
Software Developer,HCLTech,Hyderabad,Cloud,395600,1,06-06-2024
AI Engineer,HCLTech,Jaipur,DevOps,576917,2,09-11-2024
Cloud Engineer,Capgemini,Noida,Data Science,1078157,4,03-03-2025
Software Developer,Cognizant,Remote,Cloud,366333,1,27-05-2024
Frontend Developer,TCS,Delhi,DevOps,1501888,5,08-08-2025
Data Scientist,Zoho,Chennai,Web Development,272818,1,20-03-2025
Software Developer,Amazon,Noida,AI,546164,2,02-01-2025
DevOps Engineer,Tech Mahindra,Kolkata,Web Development,709237,3,17-05-2024
Business Analyst,Oracle,Kolkata,Software Development,527973,2,19-08-2025
Python Developer,Amazon,Kolkata,Cloud,650557,3,17-06-2025
Machine Learning Engineer,TCS,Hyderabad,DevOps,1203683,5,30-12-2025
Business Analyst,Wipro,Pune,DevOps,1249619,5,14-08-2025
Data Analyst,Deloitte,Chennai,AI,1203542,5,02-12-2025
Full Stack Developer,Microsoft,Gurgaon,Analytics,328152,1,25-07-2025
Frontend Developer,Google,Hyderabad,Data Science,310755,1,11-07-2025
Data Analyst,Accenture,Noida,Cloud,1478356,5,23-07-2024
Business Analyst,Zoho,Remote,DevOps,734864,3,21-08-2024
Frontend Developer,TCS,Hyderabad,AI,684626,3,18-02-2025
Cloud Engineer,Infosys,Jaipur,Software Development,599466,2,13-09-2025
Data Scientist,Infosys,Remote,Cloud,867339,3,09-09-2024
Machine Learning Engineer,Accenture,Noida,Cloud,267317,1,18-11-2025
DevOps Engineer,Capgemini,Kolkata,Cloud,1245155,5,13-11-2025
DevOps Engineer,Google,Gurgaon,Analytics,325162,1,11-03-2024
Business Analyst,Capgemini,Bangalore,DevOps,1497011,5,30-08-2025
Cloud Engineer,Capgemini,Jaipur,Analytics,401096,2,09-02-2025
Backend Developer,TCS,Kolkata,Analytics,1014156,4,17-09-2025
DevOps Engineer,Microsoft,Pune,DevOps,778209,3,18-04-2024
DevOps Engineer,Wipro,Noida,AI,1425812,5,29-06-2025
AI Engineer,Capgemini,Bangalore,Data Science,690383,3,22-05-2025
DevOps Engineer,Accenture,Remote,Web Development,1333910,5,17-06-2024
Business Analyst,TCS,Chennai,Analytics,226437,1,07-11-2024
Data Scientist,Deloitte,Gurgaon,Data Science,1152821,4,03-01-2025
Backend Developer,Amazon,Delhi,Data Science,271490,1,23-08-2024
Data Scientist,Google,Kolkata,Software Development,1521798,5,19-03-2025
Business Analyst,Amazon,Kolkata,AI,1494359,5,04-05-2024
Machine Learning Engineer,Zoho,Bangalore,Analytics,1501947,5,14-02-2024
Data Scientist,Oracle,Bangalore,Data Science,656954,3,25-07-2024
Backend Developer,Oracle,Pune,AI,1351112,5,24-04-2025
Business Analyst,Zoho,Ahmedabad,Analytics,1518255,5,12-11-2025
Frontend Developer,Google,Mumbai,Cloud,1123697,4,26-04-2025
Business Analyst,IBM,Noida,Analytics,1382390,5,04-09-2025
Frontend Developer,Capgemini,Noida,DevOps,1524680,5,13-01-2025
Software Developer,Deloitte,Jaipur,Web Development,742467,3,30-01-2025
Full Stack Developer,Deloitte,Noida,Analytics,592499,2,02-07-2024
DevOps Engineer,Google,Remote,Software Development,373545,1,03-06-2024
AI Engineer,Google,Kolkata,Data Science,860529,3,24-10-2025
Python Developer,Cognizant,Gurgaon,DevOps,212834,1,24-10-2024
Full Stack Developer,Accenture,Bangalore,Web Development,699303,3,21-08-2025
Business Analyst,Google,Jaipur,DevOps,698510,3,03-06-2024
DevOps Engineer,HCLTech,Ahmedabad,Cloud,454225,2,15-11-2024
Cloud Engineer,IBM,Chennai,Web Development,319368,1,27-06-2025
Full Stack Developer,Tech Mahindra,Kolkata,Web Development,728921,3,26-06-2024
Full Stack Developer,Capgemini,Noida,Cloud,863468,3,10-12-2024
Business Analyst,Wipro,Remote,Software Development,1205846,5,13-10-2024
Business Analyst,HCLTech,Remote,Data Science,508186,2,09-05-2024
Machine Learning Engineer,Infosys,Jaipur,Software Development,292034,1,26-01-2025
Python Developer,Accenture,Remote,AI,372978,1,22-12-2024
Machine Learning Engineer,Capgemini,Remote,Web Development,1395252,5,08-07-2024
AI Engineer,Cognizant,Remote,Analytics,352312,1,13-11-2024
Data Analyst,IBM,Kolkata,Software Development,1078849,4,20-10-2024
Python Developer,Microsoft,Pune,DevOps,479314,2,05-03-2024
DevOps Engineer,Cognizant,Remote,Software Development,1400231,5,10-01-2025
Data Analyst,TCS,Pune,Cloud,449929,2,09-09-2025
Data Scientist,Capgemini,Delhi,Data Science,867332,3,05-01-2025
Frontend Developer,Wipro,Jaipur,Software Development,761514,3,20-01-2025
Frontend Developer,Amazon,Kolkata,Cloud,599761,2,12-11-2025
Python Developer,Capgemini,Delhi,Software Development,967314,4,28-10-2025
AI Engineer,Amazon,Gurgaon,Data Science,1017281,4,05-07-2025
Python Developer,IBM,Gurgaon,Analytics,588757,2,30-01-2025
DevOps Engineer,Infosys,Kolkata,Analytics,1059202,4,22-03-2024
Data Scientist,Microsoft,Gurgaon,Cloud,1494226,5,10-05-2025
Python Developer,Zoho,Ahmedabad,Cloud,940840,4,20-07-2025
Software Developer,Zoho,Kolkata,AI,1053335,4,08-04-2024
Software Developer,IBM,Kolkata,Cloud,1275744,5,18-10-2024
Machine Learning Engineer,Google,Noida,Web Development,1122287,4,30-01-2025
Business Analyst,Zoho,Remote,Data Science,369141,1,02-04-2025
Data Analyst,HCLTech,Jaipur,Data Science,1387861,5,05-04-2025
Cloud Engineer,Amazon,Mumbai,Analytics,319188,1,05-10-2025
Full Stack Developer,Google,Kolkata,Data Science,842612,3,24-06-2024
Backend Developer,Infosys,Gurgaon,Web Development,343267,1,21-02-2024
AI Engineer,Cognizant,Remote,Analytics,1150896,4,31-08-2024
Frontend Developer,HCLTech,Chennai,Cloud,657002,3,27-12-2024
DevOps Engineer,Deloitte,Gurgaon,AI,1596669,5,26-02-2024
Cloud Engineer,Deloitte,Noida,Data Science,1031288,4,15-08-2024
Full Stack Developer,Capgemini,Noida,Software Development,875016,3,02-11-2025
Machine Learning Engineer,Capgemini,Noida,Cloud,296900,1,21-02-2025
Software Developer,Wipro,Kolkata,Cloud,358589,1,25-03-2024
Python Developer,Cognizant,Bangalore,Web Development,503607,2,31-05-2025
Data Analyst,Zoho,Gurgaon,Analytics,434791,2,05-02-2024
Data Analyst,Microsoft,Pune,AI,1177124,4,16-10-2024
Software Developer,IBM,Jaipur,Data Science,968895,4,09-03-2024
Frontend Developer,Capgemini,Bangalore,Web Development,538021,2,01-03-2025
Full Stack Developer,Oracle,Kolkata,Analytics,352442,1,03-08-2025
Backend Developer,Tech Mahindra,Jaipur,AI,540823,2,17-08-2025
Full Stack Developer,Wipro,Noida,Software Development,288324,1,05-09-2025
Data Scientist,IBM,Bangalore,AI,656810,3,13-11-2025
Machine Learning Engineer,Infosys,Gurgaon,Web Development,610877,3,02-12-2025
Python Developer,Google,Jaipur,Software Development,534080,2,20-08-2024
Data Scientist,Accenture,Gurgaon,Data Science,914192,4,24-09-2025
Machine Learning Engineer,Wipro,Mumbai,DevOps,760888,3,03-07-2025
Cloud Engineer,Capgemini,Jaipur,Analytics,1339536,5,15-01-2025
Backend Developer,Tech Mahindra,Kolkata,Analytics,1311522,5,16-09-2025
Cloud Engineer,HCLTech,Gurgaon,DevOps,830585,3,28-02-2024
Cloud Engineer,Capgemini,Delhi,Cloud,582739,2,16-07-2025
DevOps Engineer,Deloitte,Pune,Analytics,245468,1,16-11-2024
Backend Developer,Infosys,Kolkata,Analytics,1442739,5,25-07-2025
Full Stack Developer,Deloitte,Delhi,DevOps,1594040,5,30-07-2025
Cloud Engineer,Cognizant,Hyderabad,DevOps,1147776,4,17-07-2024
Machine Learning Engineer,Amazon,Chennai,Data Science,1575210,5,02-07-2025
Data Analyst,Wipro,Chennai,Web Development,1443399,5,15-07-2024
Machine Learning Engineer,Infosys,Delhi,Analytics,256878,1,13-11-2024
AI Engineer,Zoho,Kolkata,Web Development,531886,2,21-10-2025
DevOps Engineer,Microsoft,Bangalore,Web Development,632848,3,01-09-2025
Data Analyst,Infosys,Pune,Cloud,372595,1,13-05-2024
Full Stack Developer,Wipro,Remote,DevOps,1104191,4,27-09-2024
DevOps Engineer,Tech Mahindra,Gurgaon,Analytics,441129,2,09-04-2025
Cloud Engineer,IBM,Ahmedabad,DevOps,1012476,4,21-05-2024
Machine Learning Engineer,Oracle,Pune,DevOps,732377,3,02-10-2025
Frontend Developer,HCLTech,Gurgaon,Data Science,1417941,5,02-12-2024
AI Engineer,Oracle,Remote,Web Development,1199152,4,04-04-2024
Python Developer,Deloitte,Remote,DevOps,529038,2,22-04-2025
Cloud Engineer,IBM,Remote,Cloud,295488,1,03-04-2025
Software Developer,Oracle,Ahmedabad,DevOps,239809,1,06-12-2024
Business Analyst,Cognizant,Jaipur,AI,600723,3,30-07-2024
Cloud Engineer,Amazon,Remote,Data Science,540802,2,29-10-2024
Data Scientist,Zoho,Bangalore,Cloud,644085,3,28-04-2025
Data Analyst,Infosys,Gurgaon,Data Science,955390,4,06-05-2024
DevOps Engineer,IBM,Noida,Analytics,333247,1,22-07-2024
Python Developer,Capgemini,Bangalore,Analytics,457070,2,18-08-2024
Python Developer,Amazon,Hyderabad,Analytics,1296988,5,26-03-2024
Backend Developer,HCLTech,Ahmedabad,AI,496495,2,03-03-2025
AI Engineer,IBM,Ahmedabad,Data Science,1216247,5,05-06-2025
Data Analyst,Tech Mahindra,Kolkata,Software Development,644182,3,20-06-2024
Data Analyst,IBM,Jaipur,Cloud,277977,1,29-10-2024
Machine Learning Engineer,Accenture,Bangalore,DevOps,967199,4,12-12-2025
Backend Developer,Google,Chennai,AI,529211,2,31-01-2025
DevOps Engineer,Zoho,Ahmedabad,AI,299061,1,13-05-2024
Business Analyst,Wipro,Remote,Software Development,209119,1,11-02-2025
DevOps Engineer,Capgemini,Delhi,AI,877672,3,02-04-2024
Machine Learning Engineer,IBM,Jaipur,Analytics,290260,1,30-01-2024
Cloud Engineer,IBM,Kolkata,Data Science,243756,1,18-03-2024
AI Engineer,Cognizant,Kolkata,Software Development,632030,3,05-10-2024
Frontend Developer,Tech Mahindra,Bangalore,AI,367067,1,15-02-2025
Full Stack Developer,Google,Delhi,Data Science,1109355,4,08-12-2024
Frontend Developer,Tech Mahindra,Gurgaon,AI,455148,2,03-04-2024
Python Developer,TCS,Pune,Data Science,234927,1,15-04-2025
Backend Developer,Google,Ahmedabad,AI,864325,3,25-07-2024
Python Developer,Tech Mahindra,Delhi,Web Development,379143,1,17-03-2024
Machine Learning Engineer,Accenture,Kolkata,Data Science,1477143,5,26-12-2024
Software Developer,Wipro,Ahmedabad,Software Development,357086,1,22-11-2024
Software Developer,Zoho,Noida,Analytics,668798,3,06-12-2024
Backend Developer,TCS,Hyderabad,Web Development,859912,3,23-09-2024
DevOps Engineer,Microsoft,Kolkata,Analytics,201654,1,15-12-2024
Business Analyst,IBM,Ahmedabad,AI,1083511,4,16-06-2025
Full Stack Developer,Amazon,Mumbai,Cloud,285351,1,04-02-2025
Full Stack Developer,Microsoft,Gurgaon,Cloud,503310,2,20-04-2025
Full Stack Developer,Zoho,Bangalore,Analytics,900333,4,24-05-2024
Data Scientist,Accenture,Hyderabad,DevOps,231250,1,01-06-2024
Business Analyst,TCS,Chennai,Data Science,1249956,5,10-06-2025
Frontend Developer,Google,Ahmedabad,AI,373414,1,19-12-2024
Python Developer,Infosys,Gurgaon,Cloud,537337,2,14-06-2025
Cloud Engineer,Oracle,Kolkata,Software Development,1554341,5,30-12-2024
Backend Developer,HCLTech,Pune,Data Science,600400,3,15-01-2025
Python Developer,Google,Bangalore,AI,638786,3,27-02-2024
Business Analyst,Wipro,Jaipur,Web Development,401068,2,12-01-2025
Cloud Engineer,Oracle,Hyderabad,DevOps,593545,2,14-11-2024
Machine Learning Engineer,Microsoft,Chennai,Cloud,214792,1,25-10-2025
Software Developer,Oracle,Pune,DevOps,497778,2,16-04-2024
AI Engineer,Microsoft,Bangalore,Data Science,481653,2,02-01-2025
Python Developer,Capgemini,Mumbai,Web Development,362187,1,21-12-2024
Full Stack Developer,Amazon,Hyderabad,AI,647043,3,26-09-2025
Data Scientist,HCLTech,Delhi,Analytics,559948,2,03-06-2024
Cloud Engineer,Capgemini,Noida,Cloud,1172764,4,02-09-2024
Data Scientist,Accenture,Remote,Cloud,299680,1,23-11-2025
Software Developer,Accenture,Remote,DevOps,1194622,4,17-02-2024
Data Scientist,Oracle,Mumbai,AI,352482,1,22-02-2025
Cloud Engineer,Wipro,Hyderabad,Analytics,628180,3,12-07-2024
Business Analyst,Amazon,Gurgaon,Web Development,1318752,5,24-04-2025
Frontend Developer,HCLTech,Ahmedabad,Cloud,650226,3,21-10-2025
Frontend Developer,Capgemini,Chennai,Analytics,1123534,4,29-03-2025
Python Developer,Cognizant,Remote,Data Science,508773,2,22-07-2024
Machine Learning Engineer,TCS,Gurgaon,Web Development,882912,3,11-07-2025
Cloud Engineer,Deloitte,Gurgaon,Data Science,240986,1,26-05-2025
Cloud Engineer,Wipro,Noida,Cloud,636910,3,29-07-2024
DevOps Engineer,Tech Mahindra,Kolkata,Web Development,1057374,4,20-07-2024
Business Analyst,Microsoft,Delhi,Web Development,344906,1,02-01-2024
AI Engineer,Tech Mahindra,Delhi,AI,1434538,5,27-04-2025
AI Engineer,Infosys,Gurgaon,Data Science,1360032,5,22-12-2025
Backend Developer,Tech Mahindra,Bangalore,Software Development,1535609,5,24-09-2024
Data Analyst,Infosys,Gurgaon,DevOps,510054,2,12-05-2025
DevOps Engineer,IBM,Gurgaon,Cloud,556613,2,26-06-2025
Backend Developer,HCLTech,Bangalore,Software Development,249637,1,19-01-2025
Python Developer,TCS,Mumbai,Analytics,1139698,4,31-08-2025
Cloud Engineer,Oracle,Remote,Cloud,1549932,5,13-11-2024
DevOps Engineer,Amazon,Remote,AI,864947,3,01-06-2025
Full Stack Developer,Deloitte,Hyderabad,Web Development,825047,3,25-04-2024
Business Analyst,HCLTech,Remote,Web Development,631986,3,17-12-2024
Python Developer,TCS,Kolkata,AI,879332,3,15-07-2024
AI Engineer,Google,Remote,AI,206258,1,28-04-2024
Python Developer,Oracle,Pune,Web Development,859983,3,06-02-2025
Machine Learning Engineer,HCLTech,Gurgaon,AI,1075662,4,18-07-2024
Frontend Developer,IBM,Ahmedabad,DevOps,738571,3,24-02-2024
Frontend Developer,Cognizant,Gurgaon,Software Development,208876,1,05-05-2024
Business Analyst,Infosys,Bangalore,Web Development,781243,3,07-02-2025
Full Stack Developer,Accenture,Noida,Analytics,206102,1,01-07-2024
Full Stack Developer,Microsoft,Chennai,Analytics,258011,1,27-04-2025
Full Stack Developer,Infosys,Jaipur,Data Science,523771,2,08-12-2025
Machine Learning Engineer,Google,Remote,Analytics,452913,2,14-10-2025
Frontend Developer,Amazon,Kolkata,Web Development,486263,2,22-09-2024
Cloud Engineer,Zoho,Pune,AI,441492,2,13-06-2024
Frontend Developer,Zoho,Chennai,Data Science,796942,3,06-11-2024
Machine Learning Engineer,HCLTech,Remote,Analytics,761107,3,28-11-2024
Data Analyst,Accenture,Remote,Data Science,251053,1,24-11-2024
DevOps Engineer,Infosys,Mumbai,Web Development,992907,4,06-08-2024
Data Scientist,Cognizant,Pune,Web Development,270631,1,15-04-2024
Data Analyst,Cognizant,Hyderabad,DevOps,321569,1,31-08-2024
Backend Developer,Capgemini,Noida,Analytics,879051,3,10-09-2024
Business Analyst,TCS,Mumbai,DevOps,525294,2,09-10-2024
Business Analyst,Cognizant,Remote,Analytics,310968,1,19-02-2025
Cloud Engineer,HCLTech,Chennai,Analytics,848473,3,17-10-2024
Machine Learning Engineer,Oracle,Chennai,DevOps,1519832,5,17-12-2025
Backend Developer,IBM,Kolkata,AI,212389,1,06-07-2025
Full Stack Developer,Capgemini,Kolkata,DevOps,1145418,4,23-02-2025
Frontend Developer,IBM,Gurgaon,Web Development,1515588,5,16-04-2025
DevOps Engineer,Accenture,Chennai,Data Science,982828,4,21-08-2024
Data Scientist,Wipro,Ahmedabad,Web Development,400095,2,27-06-2025
Cloud Engineer,Google,Remote,Analytics,1061227,4,24-05-2025
Backend Developer,Oracle,Noida,AI,402304,2,17-11-2024
Software Developer,HCLTech,Kolkata,Software Development,843466,3,09-11-2024
Data Scientist,Accenture,Pune,Software Development,260333,1,18-10-2024
Business Analyst,Accenture,Hyderabad,Analytics,682364,3,05-04-2024
Machine Learning Engineer,Oracle,Bangalore,Data Science,1077211,4,03-03-2025
AI Engineer,Capgemini,Mumbai,Software Development,983764,4,26-01-2024
Backend Developer,Microsoft,Noida,DevOps,1020681,4,16-12-2025
AI Engineer,Cognizant,Bangalore,DevOps,326671,1,31-08-2025
Machine Learning Engineer,Deloitte,Bangalore,DevOps,365964,1,26-06-2024
DevOps Engineer,IBM,Jaipur,Analytics,606719,3,14-05-2024
Python Developer,Oracle,Kolkata,Analytics,1282078,5,02-07-2025
Python Developer,Zoho,Delhi,Analytics,1345025,5,24-10-2025
Cloud Engineer,HCLTech,Kolkata,Software Development,226995,1,21-01-2024
Software Developer,Deloitte,Jaipur,Cloud,418923,2,28-02-2025
Cloud Engineer,Wipro,Chennai,Software Development,1166209,4,14-05-2025
Business Analyst,Capgemini,Mumbai,Software Development,447476,2,05-05-2025
Python Developer,Infosys,Delhi,AI,1094321,4,19-10-2024
Backend Developer,Accenture,Gurgaon,Data Science,808887,3,15-11-2024
Backend Developer,Microsoft,Mumbai,Software Development,570937,2,24-12-2025
Frontend Developer,Accenture,Remote,DevOps,470697,2,30-01-2025
Full Stack Developer,Accenture,Hyderabad,Web Development,1267259,5,23-08-2024
Business Analyst,Tech Mahindra,Hyderabad,Web Development,425639,2,31-05-2025
Software Developer,Infosys,Pune,DevOps,486285,2,13-06-2024
Data Analyst,HCLTech,Gurgaon,Software Development,928350,4,14-05-2024
Frontend Developer,Microsoft,Chennai,Data Science,1210162,5,02-03-2025
Full Stack Developer,Cognizant,Jaipur,Software Development,1317053,5,17-08-2025
Cloud Engineer,Oracle,Hyderabad,Data Science,1282330,5,08-06-2025
DevOps Engineer,Amazon,Delhi,DevOps,619184,3,27-06-2024
Backend Developer,IBM,Chennai,Web Development,1363443,5,12-04-2024
Cloud Engineer,HCLTech,Remote,Software Development,589605,2,08-02-2024
Software Developer,Tech Mahindra,Gurgaon,Software Development,786916,3,20-01-2024
Backend Developer,Accenture,Ahmedabad,Software Development,572145,2,05-03-2024
Business Analyst,Accenture,Delhi,AI,259593,1,20-05-2024
Python Developer,Tech Mahindra,Gurgaon,AI,561819,2,13-10-2025
Full Stack Developer,Zoho,Noida,Web Development,901547,4,01-10-2025
Cloud Engineer,Cognizant,Hyderabad,Analytics,309434,1,09-11-2024
Software Developer,Microsoft,Bangalore,AI,1038282,4,29-01-2025
Machine Learning Engineer,Microsoft,Chennai,Data Science,936636,4,27-04-2024
Full Stack Developer,Capgemini,Jaipur,AI,575872,2,21-02-2024
Business Analyst,Wipro,Bangalore,Software Development,236608,1,28-11-2024
Frontend Developer,Microsoft,Pune,AI,1448903,5,17-08-2024
Cloud Engineer,Microsoft,Ahmedabad,Data Science,1009787,4,19-03-2024
DevOps Engineer,IBM,Kolkata,Software Development,632752,3,12-03-2024
Python Developer,Amazon,Ahmedabad,AI,725257,3,20-03-2024
Data Scientist,Oracle,Pune,DevOps,356970,1,18-11-2025
Python Developer,Oracle,Jaipur,DevOps,1381739,5,21-08-2025
Full Stack Developer,Cognizant,Delhi,Web Development,1210100,5,15-09-2024
Software Developer,IBM,Bangalore,Cloud,808486,3,10-12-2025
AI Engineer,IBM,Mumbai,DevOps,235406,1,15-02-2024
Business Analyst,Infosys,Kolkata,Web Development,860902,3,08-12-2024
AI Engineer,Wipro,Chennai,DevOps,1133606,4,03-10-2024
AI Engineer,HCLTech,Gurgaon,DevOps,1302174,5,14-04-2025
Python Developer,IBM,Bangalore,Software Development,221873,1,08-04-2024
Frontend Developer,Google,Noida,Data Science,1101880,4,16-01-2025
AI Engineer,Zoho,Mumbai,AI,506700,2,06-12-2025
Data Analyst,Microsoft,Mumbai,DevOps,1086605,4,29-06-2024
Machine Learning Engineer,Google,Jaipur,DevOps,468281,2,12-04-2024
Machine Learning Engineer,Capgemini,Remote,Data Science,1206660,5,14-12-2025
Backend Developer,Google,Remote,Data Science,581035,2,13-04-2025
Machine Learning Engineer,Microsoft,Jaipur,Software Development,330149,1,31-01-2024
Business Analyst,Deloitte,Hyderabad,Web Development,523911,2,01-09-2025
Machine Learning Engineer,Google,Hyderabad,Software Development,835900,3,02-04-2025
Frontend Developer,Capgemini,Pune,AI,1374395,5,13-11-2025
Backend Developer,IBM,Mumbai,Data Science,1454971,5,05-01-2025
AI Engineer,Tech Mahindra,Mumbai,Data Science,251647,1,12-01-2025
Python Developer,IBM,Bangalore,Data Science,915858,4,20-11-2025
AI Engineer,Google,Mumbai,DevOps,843826,3,02-10-2025
Data Scientist,Microsoft,Pune,Analytics,313339,1,22-01-2025
DevOps Engineer,Tech Mahindra,Chennai,Web Development,827482,3,31-10-2024
Python Developer,Cognizant,Remote,Data Science,390825,1,26-11-2024
AI Engineer,Cognizant,Bangalore,Web Development,339211,1,03-11-2025
Software Developer,HCLTech,Hyderabad,Web Development,1007977,4,04-10-2025
Python Developer,IBM,Jaipur,Data Science,700704,3,24-11-2024
Machine Learning Engineer,Zoho,Kolkata,Cloud,515815,2,02-08-2024
DevOps Engineer,Infosys,Ahmedabad,Software Development,448839,2,04-03-2024
Machine Learning Engineer,Google,Delhi,Web Development,297520,1,11-10-2024
AI Engineer,IBM,Noida,Cloud,1102332,4,16-05-2025
Backend Developer,Zoho,Remote,Data Science,1572726,5,18-11-2025
Software Developer,Zoho,Pune,DevOps,511950,2,25-01-2025
DevOps Engineer,Wipro,Chennai,Data Science,360359,1,19-05-2025
DevOps Engineer,Amazon,Kolkata,DevOps,923104,4,08-08-2025
Machine Learning Engineer,IBM,Bangalore,Cloud,1520256,5,26-07-2024
Cloud Engineer,Infosys,Hyderabad,Cloud,614608,3,12-09-2025
Frontend Developer,Microsoft,Jaipur,Software Development,256334,1,24-06-2025
Backend Developer,Capgemini,Noida,Web Development,1442865,5,31-08-2024
Data Analyst,Wipro,Noida,Cloud,573089,2,08-12-2025
Business Analyst,Wipro,Remote,Web Development,674189,3,08-04-2024
Full Stack Developer,IBM,Remote,Data Science,699022,3,06-02-2024
Software Developer,Google,Kolkata,Software Development,367833,1,31-08-2024
Software Developer,Cognizant,Noida,Analytics,310767,1,01-07-2024
Machine Learning Engineer,Cognizant,Kolkata,Cloud,421666,2,04-01-2024
Frontend Developer,HCLTech,Chennai,AI,1594280,5,18-11-2024
Python Developer,IBM,Bangalore,Cloud,264957,1,03-11-2024
Data Analyst,Deloitte,Mumbai,Software Development,479475,2,04-03-2025
Data Scientist,Cognizant,Gurgaon,Web Development,268923,1,11-01-2025
Data Scientist,Infosys,Remote,DevOps,530845,2,29-12-2024
Machine Learning Engineer,Accenture,Kolkata,Cloud,1175560,4,29-06-2025
Full Stack Developer,Google,Gurgaon,AI,459957,2,10-09-2024
AI Engineer,IBM,Hyderabad,Web Development,323913,1,09-05-2024
Frontend Developer,Deloitte,Chennai,Analytics,256685,1,27-12-2024
Data Scientist,Deloitte,Chennai,Data Science,865894,3,23-03-2024
Cloud Engineer,Infosys,Noida,AI,1188111,4,08-03-2024
Frontend Developer,IBM,Chennai,DevOps,957863,4,30-04-2025
Backend Developer,Tech Mahindra,Mumbai,Data Science,288595,1,30-08-2024
Full Stack Developer,Google,Jaipur,Data Science,750353,3,02-10-2024
Full Stack Developer,Wipro,Mumbai,Software Development,964988,4,27-04-2025
Software Developer,Zoho,Ahmedabad,Web Development,480922,2,27-01-2025
AI Engineer,Capgemini,Gurgaon,Data Science,526265,2,16-03-2024
Data Analyst,Deloitte,Pune,Software Development,1565992,5,28-03-2025
Cloud Engineer,TCS,Hyderabad,Web Development,736118,3,21-05-2025
Data Analyst,Google,Hyderabad,Software Development,583866,2,23-06-2025
Data Analyst,Wipro,Bangalore,Web Development,594893,2,01-11-2025
DevOps Engineer,Amazon,Noida,Web Development,427214,2,12-06-2024
Backend Developer,Google,Delhi,AI,302738,1,20-08-2024
Backend Developer,Tech Mahindra,Noida,DevOps,421015,2,24-03-2025
Python Developer,Cognizant,Hyderabad,Analytics,638476,3,12-09-2025
Business Analyst,Cognizant,Kolkata,Data Science,484119,2,19-03-2025
Frontend Developer,Oracle,Mumbai,Analytics,1078313,4,18-05-2024
AI Engineer,Wipro,Pune,Software Development,509557,2,21-11-2024
Cloud Engineer,Tech Mahindra,Ahmedabad,Analytics,739132,3,23-09-2024
Full Stack Developer,Cognizant,Delhi,AI,529360,2,08-07-2024
Business Analyst,Capgemini,Chennai,Cloud,426153,2,16-03-2025
Backend Developer,Google,Gurgaon,AI,245050,1,11-09-2025
Software Developer,Zoho,Gurgaon,Analytics,259883,1,28-03-2024
DevOps Engineer,Deloitte,Pune,Web Development,1088732,4,16-03-2024
AI Engineer,Wipro,Delhi,AI,1553423,5,25-12-2025
Full Stack Developer,Zoho,Jaipur,Web Development,814679,3,02-01-2024
DevOps Engineer,Zoho,Gurgaon,Web Development,255786,1,14-07-2025
Frontend Developer,HCLTech,Remote,AI,238531,1,01-11-2025
DevOps Engineer,Google,Mumbai,Cloud,913023,4,18-04-2025
AI Engineer,Wipro,Gurgaon,Data Science,626769,3,02-04-2025
Backend Developer,Cognizant,Mumbai,Web Development,1075653,4,06-01-2025
Machine Learning Engineer,TCS,Hyderabad,Web Development,1369986,5,07-09-2024
Business Analyst,Accenture,Noida,DevOps,925431,4,30-07-2025
Software Developer,IBM,Chennai,Web Development,912014,4,08-08-2024
Software Developer,Wipro,Delhi,Analytics,1216990,5,02-03-2025
Python Developer,TCS,Hyderabad,Software Development,230075,1,30-06-2024
Software Developer,Deloitte,Jaipur,Cloud,1435752,5,01-01-2026
Backend Developer,Deloitte,Pune,Cloud,814908,3,01-06-2025
Data Scientist,Amazon,Bangalore,Analytics,733716,3,20-10-2024
Cloud Engineer,Accenture,Remote,Analytics,699850,3,28-04-2024
Data Scientist,Amazon,Mumbai,Data Science,270999,1,24-06-2025
Frontend Developer,Microsoft,Mumbai,Software Development,274782,1,31-10-2024
Software Developer,Tech Mahindra,Kolkata,Cloud,677517,3,09-09-2024
Frontend Developer,IBM,Gurgaon,Data Science,453725,2,08-01-2024
AI Engineer,IBM,Ahmedabad,Cloud,1559073,5,27-01-2025
Backend Developer,Microsoft,Ahmedabad,Cloud,1091092,4,05-08-2025
Full Stack Developer,Capgemini,Mumbai,DevOps,1031338,4,18-07-2025
Backend Developer,Infosys,Ahmedabad,Analytics,915283,4,23-10-2024
Machine Learning Engineer,Zoho,Pune,Cloud,289010,1,13-01-2024
Full Stack Developer,Amazon,Gurgaon,Software Development,1586603,5,26-08-2024
Cloud Engineer,Amazon,Delhi,Cloud,338880,1,21-06-2024
Python Developer,Google,Bangalore,Cloud,574327,2,28-11-2024
Business Analyst,Google,Jaipur,Analytics,815108,3,11-05-2025
Data Scientist,Amazon,Pune,Analytics,1092557,4,01-11-2024
Full Stack Developer,Google,Hyderabad,Cloud,448413,2,11-09-2024
Full Stack Developer,Capgemini,Mumbai,Web Development,530919,2,07-03-2024
Python Developer,Wipro,Noida,Analytics,762084,3,04-02-2025
Frontend Developer,Wipro,Jaipur,Data Science,405389,2,15-12-2024
AI Engineer,Google,Jaipur,Cloud,599555,2,30-10-2025
AI Engineer,Wipro,Noida,Cloud,1182330,4,17-08-2025
Full Stack Developer,IBM,Delhi,Software Development,546145,2,31-10-2025
Python Developer,Capgemini,Gurgaon,Data Science,1514260,5,11-07-2025
Software Developer,HCLTech,Ahmedabad,AI,372699,1,12-04-2024
Data Scientist,HCLTech,Kolkata,AI,1418539,5,27-10-2024
AI Engineer,Cognizant,Mumbai,Web Development,547479,2,17-03-2025
Frontend Developer,HCLTech,Noida,Analytics,423983,2,11-12-2025
DevOps Engineer,Wipro,Bangalore,AI,1370759,5,24-06-2024
DevOps Engineer,Cognizant,Gurgaon,Software Development,666656,3,06-08-2024
Python Developer,Cognizant,Remote,Data Science,1127948,4,06-05-2024
Data Analyst,IBM,Pune,Web Development,399246,1,12-08-2024
Data Scientist,Amazon,Noida,Data Science,1141762,4,27-10-2025
Business Analyst,Microsoft,Jaipur,Web Development,324464,1,26-05-2025
Frontend Developer,Wipro,Remote,Analytics,536509,2,08-06-2025
Python Developer,HCLTech,Kolkata,Web Development,1521557,5,10-01-2024
AI Engineer,Oracle,Bangalore,DevOps,1417335,5,21-09-2025
Data Analyst,Deloitte,Delhi,DevOps,989004,4,16-09-2024
AI Engineer,Oracle,Noida,DevOps,899968,3,10-12-2025
Frontend Developer,Deloitte,Remote,DevOps,904551,4,24-07-2024
Data Scientist,Oracle,Jaipur,Cloud,487479,2,04-05-2025
Business Analyst,Deloitte,Mumbai,Software Development,1580295,5,17-02-2025
Data Analyst,Tech Mahindra,Kolkata,Data Science,1575080,5,31-07-2025
Frontend Developer,Deloitte,Remote,Web Development,1329561,5,20-03-2025
Full Stack Developer,Amazon,Hyderabad,Cloud,1465800,5,29-06-2024
Machine Learning Engineer,Cognizant,Remote,Data Science,435837,2,25-01-2024
Business Analyst,Deloitte,Jaipur,Analytics,730893,3,29-01-2025
Full Stack Developer,Amazon,Jaipur,Software Development,784985,3,12-09-2024
Data Analyst,Oracle,Ahmedabad,Web Development,1161750,4,28-03-2024
AI Engineer,Oracle,Kolkata,Web Development,326939,1,02-12-2025
DevOps Engineer,Tech Mahindra,Noida,AI,831527,3,03-05-2024
Software Developer,Oracle,Remote,Software Development,551477,2,01-06-2025
DevOps Engineer,Zoho,Hyderabad,Software Development,295696,1,17-02-2025
Frontend Developer,Zoho,Mumbai,Analytics,203376,1,01-10-2025
Data Scientist,Capgemini,Mumbai,Software Development,284615,1,15-11-2024
Backend Developer,TCS,Pune,Software Development,795905,3,16-09-2025
Data Analyst,Oracle,Chennai,Data Science,1497257,5,10-07-2025
Data Analyst,Accenture,Kolkata,DevOps,382359,1,12-05-2025
Python Developer,IBM,Noida,AI,731636,3,18-08-2025
Data Scientist,Tech Mahindra,Jaipur,AI,555484,2,15-11-2024
Frontend Developer,Deloitte,Jaipur,Software Development,807433,3,13-02-2025
Frontend Developer,Wipro,Ahmedabad,Software Development,1236719,5,14-04-2025
AI Engineer,Deloitte,Ahmedabad,Data Science,281519,1,27-11-2025
DevOps Engineer,Microsoft,Hyderabad,Analytics,1333472,5,04-12-2024
Software Developer,HCLTech,Pune,Web Development,1547099,5,17-09-2025
DevOps Engineer,Google,Delhi,DevOps,357464,1,29-12-2024
Backend Developer,Microsoft,Kolkata,Analytics,1141861,4,24-03-2024
Machine Learning Engineer,Capgemini,Jaipur,Cloud,616617,3,05-04-2024
Backend Developer,Tech Mahindra,Bangalore,Cloud,1493273,5,19-09-2025
Data Scientist,Capgemini,Pune,AI,704315,3,04-06-2024
Data Analyst,Zoho,Bangalore,Analytics,308502,1,12-10-2025
Python Developer,IBM,Gurgaon,Data Science,1343292,5,10-12-2025
Software Developer,Accenture,Mumbai,Software Development,1259775,5,22-12-2024
Python Developer,Amazon,Remote,Analytics,341716,1,02-10-2025
Cloud Engineer,Capgemini,Chennai,Web Development,1094160,4,06-02-2024
Data Analyst,Zoho,Pune,Analytics,421062,2,01-05-2024
DevOps Engineer,Infosys,Ahmedabad,Analytics,1477675,5,08-12-2024
Full Stack Developer,Cognizant,Remote,Data Science,1382998,5,08-12-2025
AI Engineer,Oracle,Chennai,Cloud,1058821,4,10-09-2025
Backend Developer,Oracle,Mumbai,AI,852170,3,17-08-2024
Machine Learning Engineer,HCLTech,Hyderabad,Web Development,454825,2,21-01-2024
Data Analyst,Tech Mahindra,Ahmedabad,Cloud,211646,1,08-10-2025
Data Scientist,Cognizant,Delhi,Data Science,1169944,4,24-04-2024
Data Analyst,Cognizant,Mumbai,Web Development,515480,2,01-06-2024
Machine Learning Engineer,TCS,Gurgaon,AI,888516,3,14-02-2024
Software Developer,HCLTech,Ahmedabad,Software Development,212496,1,22-01-2025
AI Engineer,Google,Pune,DevOps,861550,3,25-05-2025
Frontend Developer,HCLTech,Bangalore,Web Development,298660,1,06-06-2025
Data Scientist,TCS,Delhi,Web Development,1446258,5,07-06-2024
DevOps Engineer,Deloitte,Pune,Analytics,475805,2,20-11-2024
Business Analyst,Infosys,Remote,Cloud,718095,3,05-02-2024
Machine Learning Engineer,HCLTech,Delhi,AI,603982,3,09-08-2025
Backend Developer,Wipro,Hyderabad,Analytics,1232176,5,29-07-2025
Python Developer,Tech Mahindra,Delhi,Data Science,1135017,4,28-08-2024
Python Developer,Microsoft,Ahmedabad,DevOps,728615,3,17-03-2025
Frontend Developer,Cognizant,Mumbai,AI,285522,1,30-04-2025
Cloud Engineer,Wipro,Kolkata,AI,1103244,4,28-11-2025
Data Analyst,IBM,Jaipur,Cloud,1251924,5,13-02-2024
DevOps Engineer,Tech Mahindra,Remote,DevOps,993629,4,05-01-2024
Cloud Engineer,Capgemini,Hyderabad,Cloud,753665,3,27-12-2025
Business Analyst,Oracle,Delhi,AI,1014398,4,06-07-2025
Business Analyst,Accenture,Jaipur,DevOps,260347,1,11-12-2024
Python Developer,Tech Mahindra,Ahmedabad,Web Development,1312718,5,17-10-2024
Cloud Engineer,IBM,Ahmedabad,AI,897268,3,23-08-2024
Backend Developer,Google,Jaipur,Web Development,594025,2,22-11-2025
Python Developer,Tech Mahindra,Remote,Software Development,1566968,5,11-04-2025
AI Engineer,Microsoft,Jaipur,Data Science,1015739,4,12-12-2024
Data Analyst,Google,Kolkata,Analytics,1114346,4,28-09-2025
Python Developer,Amazon,Gurgaon,DevOps,1447090,5,04-07-2024
Business Analyst,Cognizant,Jaipur,AI,542227,2,30-04-2025
Python Developer,Infosys,Remote,Web Development,412954,2,12-05-2024
Business Analyst,Cognizant,Chennai,Cloud,1167135,4,30-05-2025
Backend Developer,IBM,Gurgaon,Analytics,1394296,5,28-03-2024
Python Developer,Tech Mahindra,Gurgaon,DevOps,299311,1,12-10-2024
AI Engineer,TCS,Chennai,Analytics,1399887,5,10-12-2025
Software Developer,Oracle,Delhi,DevOps,1384454,5,12-04-2025
DevOps Engineer,Deloitte,Pune,Software Development,1500579,5,12-02-2025
Data Analyst,HCLTech,Bangalore,Software Development,967556,4,31-12-2024
Business Analyst,Cognizant,Remote,DevOps,1353868,5,13-03-2024
Cloud Engineer,Wipro,Bangalore,Software Development,1544457,5,23-06-2024
Python Developer,TCS,Delhi,Software Development,1564797,5,03-12-2024
Data Analyst,Tech Mahindra,Ahmedabad,Analytics,806392,3,07-07-2025
Machine Learning Engineer,Deloitte,Pune,DevOps,1062006,4,05-11-2024
Full Stack Developer,Google,Jaipur,DevOps,1589110,5,30-03-2024
Software Developer,Tech Mahindra,Remote,Cloud,1407013,5,21-04-2024
Data Scientist,Google,Delhi,DevOps,450092,2,21-09-2025
Full Stack Developer,Infosys,Chennai,Data Science,1537675,5,05-08-2024
Full Stack Developer,Google,Mumbai,Analytics,702743,3,27-10-2024
Frontend Developer,Wipro,Ahmedabad,AI,514389,2,13-12-2024
Data Scientist,Tech Mahindra,Gurgaon,Data Science,900022,4,31-07-2025
Machine Learning Engineer,Zoho,Kolkata,Cloud,504530,2,02-04-2025
Business Analyst,Oracle,Pune,Web Development,1209910,5,04-01-2025
Full Stack Developer,HCLTech,Jaipur,DevOps,1024361,4,04-02-2025
Data Scientist,Oracle,Remote,Data Science,1099856,4,03-12-2025
Frontend Developer,Cognizant,Jaipur,DevOps,327689,1,13-11-2025
Software Developer,Zoho,Noida,Analytics,483939,2,14-02-2025
Full Stack Developer,Capgemini,Hyderabad,Web Development,1420178,5,04-10-2025
Machine Learning Engineer,Capgemini,Mumbai,DevOps,1430330,5,08-11-2025
Machine Learning Engineer,Deloitte,Noida,Data Science,585044,2,30-07-2025
Full Stack Developer,Wipro,Jaipur,Cloud,204196,1,07-02-2025
Software Developer,Oracle,Pune,Web Development,1570489,5,16-07-2025
Machine Learning Engineer,Cognizant,Chennai,DevOps,213245,1,09-04-2025
Python Developer,Accenture,Chennai,Web Development,1184944,4,23-03-2024
Machine Learning Engineer,Infosys,Hyderabad,Data Science,397102,1,04-05-2025
AI Engineer,Wipro,Pune,Software Development,299295,1,21-12-2025
Frontend Developer,Capgemini,Mumbai,Analytics,1470635,5,12-05-2025
Frontend Developer,Capgemini,Jaipur,AI,1479538,5,22-12-2025
Data Analyst,Wipro,Delhi,Cloud,1497078,5,27-07-2025
Full Stack Developer,HCLTech,Mumbai,Web Development,521908,2,12-05-2024
Python Developer,IBM,Kolkata,Analytics,1168499,4,28-04-2024
Frontend Developer,HCLTech,Jaipur,Analytics,815774,3,06-03-2025
Cloud Engineer,Tech Mahindra,Remote,DevOps,419060,2,15-01-2024
Full Stack Developer,HCLTech,Bangalore,Data Science,1067772,4,31-03-2025
Full Stack Developer,Amazon,Pune,Analytics,383473,1,13-01-2025
Frontend Developer,Amazon,Hyderabad,Analytics,253202,1,19-05-2024
Machine Learning Engineer,Amazon,Noida,DevOps,409839,2,04-11-2024
Data Scientist,TCS,Remote,Web Development,912922,4,24-10-2024
Python Developer,Amazon,Noida,Software Development,1168031,4,01-11-2024
DevOps Engineer,Accenture,Bangalore,Cloud,1409893,5,02-02-2024
Machine Learning Engineer,Amazon,Ahmedabad,Web Development,640681,3,07-11-2025
Cloud Engineer,TCS,Pune,DevOps,1060270,4,18-04-2024
Full Stack Developer,Deloitte,Noida,Analytics,1105918,4,29-11-2024
Business Analyst,Oracle,Pune,AI,791532,3,22-11-2024
AI Engineer,IBM,Noida,DevOps,869159,3,17-07-2024
Full Stack Developer,Deloitte,Hyderabad,Analytics,882397,3,06-05-2024
Cloud Engineer,Accenture,Mumbai,Data Science,1416286,5,07-07-2024
DevOps Engineer,Capgemini,Hyderabad,Analytics,391025,1,15-12-2024
Business Analyst,Zoho,Pune,Cloud,897370,3,04-09-2024
DevOps Engineer,Wipro,Mumbai,AI,843799,3,29-06-2024
Full Stack Developer,Amazon,Hyderabad,AI,640516,3,27-09-2025
AI Engineer,Microsoft,Mumbai,Web Development,392232,1,16-12-2025
Data Analyst,Wipro,Jaipur,Software Development,980419,4,12-07-2025
Machine Learning Engineer,Amazon,Delhi,Analytics,565707,2,29-12-2025
Cloud Engineer,Cognizant,Bangalore,Analytics,775892,3,25-06-2025
Backend Developer,Oracle,Gurgaon,Cloud,1078141,4,12-12-2025
Python Developer,Infosys,Bangalore,Data Science,545969,2,24-03-2025
Software Developer,Google,Gurgaon,AI,378327,1,11-08-2025
Cloud Engineer,Google,Remote,Software Development,590962,2,15-11-2025
Backend Developer,Accenture,Mumbai,Web Development,401762,2,08-12-2024
DevOps Engineer,Oracle,Delhi,Cloud,445321,2,04-05-2025
Software Developer,HCLTech,Kolkata,Software Development,1088572,4,29-12-2024
Software Developer,Microsoft,Bangalore,Cloud,1591701,5,02-10-2025
Machine Learning Engineer,HCLTech,Remote,Data Science,988180,4,21-07-2024
DevOps Engineer,IBM,Jaipur,Web Development,222345,1,29-11-2025
Data Analyst,HCLTech,Bangalore,Data Science,640139,3,06-10-2024
Data Scientist,Accenture,Kolkata,Data Science,312824,1,14-02-2025
Backend Developer,Oracle,Ahmedabad,Analytics,954191,4,09-09-2025
Machine Learning Engineer,Accenture,Pune,Data Science,226334,1,28-07-2025
Frontend Developer,Amazon,Gurgaon,Software Development,1562461,5,18-06-2025
DevOps Engineer,Infosys,Mumbai,Analytics,234124,1,02-05-2025
Backend Developer,Google,Pune,AI,420971,2,07-02-2024
Python Developer,Zoho,Pune,Web Development,261588,1,29-01-2025
DevOps Engineer,TCS,Kolkata,DevOps,1237105,5,24-01-2025
DevOps Engineer,Capgemini,Ahmedabad,Cloud,276459,1,15-07-2024
Data Scientist,Cognizant,Mumbai,Cloud,1369953,5,28-08-2024
Machine Learning Engineer,IBM,Gurgaon,AI,1208514,5,06-03-2025
AI Engineer,Google,Jaipur,AI,363651,1,19-11-2024
Frontend Developer,Accenture,Gurgaon,Data Science,532390,2,08-01-2025
AI Engineer,TCS,Gurgaon,Software Development,1573293,5,08-05-2025
Python Developer,Deloitte,Gurgaon,AI,438656,2,02-02-2025
Software Developer,Microsoft,Noida,DevOps,407914,2,08-10-2025
Backend Developer,Cognizant,Kolkata,Software Development,797247,3,22-11-2025
Machine Learning Engineer,Zoho,Jaipur,Software Development,1182480,4,14-04-2024
Software Developer,Google,Gurgaon,Web Development,410742,2,26-02-2024
Data Analyst,Zoho,Chennai,Cloud,1499419,5,04-01-2024
AI Engineer,Amazon,Noida,Cloud,393075,1,09-11-2024
Business Analyst,Wipro,Jaipur,Software Development,370831,1,23-05-2025
Cloud Engineer,Infosys,Kolkata,AI,669662,3,15-05-2025
DevOps Engineer,Wipro,Mumbai,Cloud,873517,3,26-03-2025
DevOps Engineer,Google,Bangalore,AI,815307,3,24-10-2025
Data Analyst,Deloitte,Kolkata,AI,1034981,4,06-02-2024
Data Scientist,Tech Mahindra,Bangalore,Analytics,626771,3,27-04-2024
Data Analyst,Zoho,Kolkata,Web Development,1198738,4,25-07-2025
Data Scientist,Microsoft,Pune,AI,283339,1,01-03-2024
Full Stack Developer,Oracle,Chennai,Cloud,845497,3,02-11-2024
Machine Learning Engineer,Microsoft,Delhi,Analytics,1444894,5,20-12-2024
Cloud Engineer,Deloitte,Mumbai,AI,1352167,5,08-07-2024
DevOps Engineer,Microsoft,Remote,Analytics,742919,3,12-04-2024
DevOps Engineer,Oracle,Jaipur,Cloud,1551108,5,16-11-2025
Machine Learning Engineer,Wipro,Ahmedabad,Data Science,1445097,5,28-08-2024
DevOps Engineer,Oracle,Hyderabad,Software Development,361033,1,10-12-2025
Data Analyst,IBM,Pune,DevOps,1210198,5,28-01-2025
Data Scientist,IBM,Pune,Data Science,438461,2,22-01-2025
Data Analyst,Google,Remote,Cloud,1428593,5,16-11-2024
Cloud Engineer,HCLTech,Mumbai,Cloud,333545,1,26-07-2025
Python Developer,Microsoft,Jaipur,Web Development,877222,3,26-02-2024
Cloud Engineer,Google,Mumbai,Software Development,1554883,5,02-02-2025
Business Analyst,HCLTech,Mumbai,Cloud,783679,3,29-07-2024
Frontend Developer,IBM,Bangalore,AI,1557915,5,02-07-2025
Data Analyst,Zoho,Chennai,Web Development,403940,2,29-02-2024
Backend Developer,Zoho,Hyderabad,Web Development,322777,1,24-09-2024
Full Stack Developer,IBM,Hyderabad,Software Development,467907,2,15-04-2025
Backend Developer,Deloitte,Kolkata,Cloud,1166161,4,28-04-2024
Backend Developer,Amazon,Kolkata,Software Development,671857,3,19-12-2024
Software Developer,Google,Ahmedabad,Data Science,924848,4,12-10-2025
DevOps Engineer,Accenture,Remote,Web Development,449745,2,28-01-2024
Machine Learning Engineer,TCS,Chennai,Web Development,706414,3,31-07-2025
Data Analyst,Google,Delhi,Analytics,598964,2,22-12-2025
Python Developer,Zoho,Delhi,DevOps,845568,3,20-02-2025
Python Developer,Tech Mahindra,Remote,Web Development,490789,2,23-01-2024
Machine Learning Engineer,Amazon,Mumbai,Data Science,1161312,4,15-06-2025
Full Stack Developer,Accenture,Bangalore,Software Development,239376,1,21-12-2024
Frontend Developer,Cognizant,Pune,Web Development,1406699,5,02-07-2025
Data Scientist,TCS,Gurgaon,Web Development,981696,4,14-11-2024
Data Scientist,Accenture,Ahmedabad,Web Development,1471094,5,11-08-2025
AI Engineer,Tech Mahindra,Gurgaon,Software Development,322408,1,10-05-2025
Full Stack Developer,Cognizant,Jaipur,AI,296590,1,19-03-2024
Data Scientist,HCLTech,Hyderabad,Web Development,1109554,4,12-12-2025
AI Engineer,Wipro,Delhi,DevOps,632013,3,03-11-2025
Full Stack Developer,Accenture,Ahmedabad,Software Development,295886,1,27-01-2024
AI Engineer,Zoho,Noida,Analytics,357762,1,11-03-2024
Frontend Developer,HCLTech,Noida,DevOps,591198,2,30-12-2025
Backend Developer,Infosys,Remote,Software Development,1495679,5,04-07-2024
Business Analyst,Microsoft,Mumbai,DevOps,248906,1,05-10-2025
Backend Developer,Google,Ahmedabad,Cloud,1170322,4,17-09-2025
Full Stack Developer,Accenture,Ahmedabad,Web Development,391849,1,27-10-2024
Machine Learning Engineer,Cognizant,Remote,AI,893043,3,19-02-2024
Cloud Engineer,IBM,Bangalore,Cloud,257173,1,03-08-2025
DevOps Engineer,TCS,Pune,Web Development,225551,1,28-03-2024
Full Stack Developer,Cognizant,Pune,Analytics,923638,4,11-04-2025
Data Analyst,Oracle,Hyderabad,Web Development,349419,1,21-12-2025
Cloud Engineer,Wipro,Gurgaon,Cloud,1464132,5,28-05-2024
Full Stack Developer,Deloitte,Hyderabad,Cloud,1232883,5,16-05-2024
Machine Learning Engineer,Google,Hyderabad,Web Development,1489363,5,01-10-2024
Software Developer,Wipro,Ahmedabad,DevOps,987148,4,02-11-2025
Data Scientist,Google,Mumbai,Data Science,580241,2,14-06-2024
Software Developer,Zoho,Chennai,Analytics,615134,3,02-01-2024
Software Developer,HCLTech,Delhi,Software Development,1155754,4,12-04-2024
DevOps Engineer,TCS,Gurgaon,Analytics,713957,3,04-01-2025
Data Scientist,Google,Noida,Web Development,1577064,5,24-12-2025
Data Scientist,HCLTech,Remote,Analytics,1004726,4,08-10-2025
Cloud Engineer,Google,Kolkata,Software Development,393983,1,12-01-2025
Machine Learning Engineer,Oracle,Gurgaon,Analytics,1211283,5,10-05-2024
Cloud Engineer,Zoho,Pune,AI,486559,2,18-02-2024
Cloud Engineer,Deloitte,Chennai,Analytics,297566,1,16-05-2025
Data Scientist,IBM,Noida,Web Development,871139,3,25-07-2024
Data Scientist,Amazon,Mumbai,Web Development,731642,3,03-07-2025
Python Developer,TCS,Mumbai,Software Development,830955,3,01-02-2024
AI Engineer,Capgemini,Jaipur,Software Development,593771,2,18-05-2025
DevOps Engineer,Wipro,Delhi,DevOps,475935,2,21-06-2024
Data Analyst,Google,Mumbai,AI,964597,4,30-10-2025
Data Analyst,IBM,Kolkata,Analytics,1171795,4,26-02-2025
Software Developer,Cognizant,Jaipur,Cloud,462086,2,30-06-2024
Frontend Developer,IBM,Pune,AI,1574978,5,30-08-2025
Machine Learning Engineer,Infosys,Jaipur,Software Development,1531903,5,25-04-2024
Data Scientist,Cognizant,Chennai,Analytics,1492361,5,06-09-2025
Frontend Developer,Tech Mahindra,Chennai,Cloud,1141218,4,26-03-2025
DevOps Engineer,Deloitte,Jaipur,Web Development,210447,1,02-06-2024
DevOps Engineer,Microsoft,Mumbai,Software Development,1164282,4,22-12-2025
Frontend Developer,IBM,Hyderabad,Software Development,816144,3,30-06-2025
Python Developer,Accenture,Remote,Web Development,541461,2,19-02-2025
Business Analyst,Cognizant,Chennai,DevOps,920462,4,07-12-2024
Backend Developer,Oracle,Gurgaon,Data Science,795986,3,17-05-2025
Data Analyst,Microsoft,Jaipur,Web Development,485401,2,20-05-2025
Python Developer,HCLTech,Ahmedabad,AI,968993,4,21-05-2024
Cloud Engineer,Wipro,Delhi,Software Development,725320,3,18-06-2025
Data Scientist,Wipro,Bangalore,Data Science,269089,1,30-12-2025
Full Stack Developer,Capgemini,Noida,Analytics,450834,2,09-02-2025
DevOps Engineer,Google,Bangalore,Cloud,545517,2,06-10-2024
Software Developer,Zoho,Jaipur,Data Science,1226171,5,10-04-2025
Python Developer,Oracle,Hyderabad,Cloud,434344,2,17-08-2024
Cloud Engineer,HCLTech,Chennai,AI,1098073,4,18-09-2025
Backend Developer,Infosys,Delhi,Software Development,1317747,5,27-04-2024
Full Stack Developer,Capgemini,Mumbai,DevOps,763288,3,27-11-2025
Software Developer,Google,Delhi,AI,277614,1,02-04-2024
AI Engineer,Google,Ahmedabad,AI,1095698,4,08-04-2024
DevOps Engineer,Accenture,Jaipur,Analytics,503423,2,25-07-2025
Data Analyst,Infosys,Delhi,Data Science,501983,2,20-09-2025
Backend Developer,Amazon,Mumbai,AI,274552,1,10-09-2024
Machine Learning Engineer,Deloitte,Jaipur,DevOps,1026144,4,10-06-2024
Data Analyst,Cognizant,Ahmedabad,Software Development,1503742,5,28-06-2024
Data Analyst,Capgemini,Hyderabad,Web Development,449451,2,07-04-2025
Python Developer,Capgemini,Jaipur,DevOps,1014045,4,02-03-2024
Backend Developer,Deloitte,Remote,Web Development,420790,2,20-10-2024
Business Analyst,Tech Mahindra,Jaipur,Data Science,394195,1,08-02-2024
Frontend Developer,Microsoft,Pune,Web Development,1593955,5,28-06-2024
Data Analyst,Infosys,Noida,DevOps,961665,4,09-05-2025
Software Developer,Accenture,Pune,Software Development,349905,1,08-02-2024
Frontend Developer,Cognizant,Pune,DevOps,1055091,4,29-05-2025
Cloud Engineer,HCLTech,Remote,Cloud,1084153,4,15-03-2025
Software Developer,Wipro,Remote,Cloud,1097922,4,14-03-2025
Frontend Developer,Capgemini,Jaipur,DevOps,1013844,4,20-07-2024
Business Analyst,Oracle,Kolkata,Web Development,788085,3,02-10-2024
Data Scientist,HCLTech,Pune,DevOps,334485,1,08-11-2025
Full Stack Developer,Capgemini,Remote,Data Science,1156289,4,15-02-2024
Frontend Developer,Wipro,Mumbai,Software Development,242525,1,18-12-2024
Data Analyst,Wipro,Delhi,Analytics,888394,3,06-01-2024
Software Developer,Oracle,Bangalore,Web Development,882830,3,26-03-2024
DevOps Engineer,HCLTech,Mumbai,AI,1043973,4,17-12-2024
Cloud Engineer,Google,Kolkata,Cloud,1060288,4,01-11-2025
Frontend Developer,Microsoft,Chennai,AI,857630,3,19-10-2024
Data Analyst,Accenture,Hyderabad,Cloud,411034,2,01-11-2024
Data Analyst,Cognizant,Remote,Software Development,429730,2,19-04-2025
Frontend Developer,Microsoft,Gurgaon,Web Development,1471498,5,24-05-2024
Machine Learning Engineer,Wipro,Jaipur,Web Development,981658,4,27-04-2025
Full Stack Developer,IBM,Noida,Cloud,1182992,4,31-12-2024
AI Engineer,IBM,Chennai,DevOps,625706,3,18-05-2025
Cloud Engineer,Infosys,Kolkata,Web Development,618928,3,26-05-2024
Cloud Engineer,Amazon,Hyderabad,DevOps,626130,3,26-11-2025
Machine Learning Engineer,Deloitte,Kolkata,AI,1557785,5,27-04-2025
DevOps Engineer,Tech Mahindra,Chennai,Analytics,550240,2,07-06-2025
Software Developer,Microsoft,Chennai,DevOps,301523,1,18-10-2025
Machine Learning Engineer,Capgemini,Remote,Cloud,330264,1,29-04-2024
DevOps Engineer,Amazon,Noida,Web Development,1494039,5,26-05-2024
Backend Developer,Wipro,Ahmedabad,Software Development,1127936,4,11-09-2024
DevOps Engineer,Microsoft,Gurgaon,Analytics,223516,1,21-09-2025
DevOps Engineer,TCS,Ahmedabad,Analytics,1316108,5,12-08-2025
Frontend Developer,Infosys,Delhi,Cloud,351452,1,18-04-2024
Full Stack Developer,Zoho,Gurgaon,Software Development,741876,3,07-01-2025
Frontend Developer,Cognizant,Delhi,Software Development,842690,3,24-07-2025
Frontend Developer,TCS,Bangalore,Software Development,1183332,4,14-03-2025
Backend Developer,Accenture,Gurgaon,Data Science,526933,2,30-10-2024
AI Engineer,IBM,Pune,Cloud,978323,4,06-03-2024
AI Engineer,Microsoft,Kolkata,Data Science,621657,3,15-01-2024
Frontend Developer,Oracle,Chennai,DevOps,853358,3,27-09-2025
Data Analyst,Deloitte,Hyderabad,Data Science,912893,4,28-09-2024
Cloud Engineer,Wipro,Hyderabad,Cloud,640897,3,04-02-2025
Business Analyst,HCLTech,Hyderabad,Web Development,367803,1,24-01-2024
Business Analyst,Cognizant,Chennai,Data Science,847646,3,25-07-2024
Frontend Developer,Zoho,Remote,DevOps,377455,1,11-07-2024
Frontend Developer,IBM,Remote,Software Development,1234070,5,18-01-2024
DevOps Engineer,Google,Remote,AI,692870,3,07-02-2025
Python Developer,Zoho,Delhi,Data Science,809360,3,25-02-2025
Cloud Engineer,Oracle,Pune,DevOps,207184,1,10-10-2024
Machine Learning Engineer,Zoho,Kolkata,AI,958522,4,08-01-2025
Software Developer,Google,Hyderabad,DevOps,880489,3,08-03-2025
Business Analyst,Google,Chennai,DevOps,1487552,5,18-02-2025
AI Engineer,Deloitte,Bangalore,DevOps,506924,2,18-03-2025
Software Developer,Microsoft,Chennai,DevOps,338036,1,20-05-2024
Software Developer,Oracle,Delhi,DevOps,240112,1,27-02-2024
Frontend Developer,Microsoft,Gurgaon,Web Development,605019,3,24-10-2025
DevOps Engineer,Tech Mahindra,Gurgaon,AI,435212,2,16-11-2025
Software Developer,Wipro,Ahmedabad,Analytics,228341,1,04-08-2024
Machine Learning Engineer,Infosys,Mumbai,DevOps,1565812,5,17-04-2025
Data Analyst,Infosys,Mumbai,DevOps,588659,2,16-11-2024
Python Developer,Wipro,Noida,AI,1355657,5,22-01-2024
Frontend Developer,Cognizant,Noida,DevOps,389711,1,24-06-2025
Python Developer,Amazon,Pune,Web Development,460925,2,10-10-2024
AI Engineer,Amazon,Bangalore,AI,1285341,5,14-02-2024
AI Engineer,Tech Mahindra,Remote,AI,542629,2,03-01-2024
Full Stack Developer,Capgemini,Kolkata,Cloud,792403,3,09-07-2024
Python Developer,Infosys,Pune,AI,357463,1,15-12-2025
AI Engineer,Oracle,Delhi,Data Science,1446408,5,20-10-2025
Frontend Developer,HCLTech,Kolkata,Software Development,203527,1,03-09-2025
Business Analyst,Zoho,Chennai,Software Development,509001,2,19-05-2025
Machine Learning Engineer,Amazon,Bangalore,Analytics,747402,3,13-05-2025
Full Stack Developer,HCLTech,Hyderabad,DevOps,1112169,4,18-09-2025
Software Developer,Infosys,Mumbai,Data Science,290940,1,12-08-2024
Business Analyst,Google,Ahmedabad,DevOps,1427191,5,05-10-2024
Business Analyst,Cognizant,Pune,Cloud,1017559,4,19-04-2024
Backend Developer,Tech Mahindra,Gurgaon,Web Development,1047560,4,12-01-2025
Machine Learning Engineer,Tech Mahindra,Noida,AI,512816,2,12-05-2025
Data Scientist,Zoho,Chennai,Analytics,1376639,5,11-06-2024
Machine Learning Engineer,Amazon,Chennai,Cloud,1021524,4,18-04-2025
Cloud Engineer,Tech Mahindra,Gurgaon,Cloud,941942,4,20-10-2024
Data Analyst,Zoho,Gurgaon,Analytics,743826,3,17-05-2024
DevOps Engineer,IBM,Chennai,AI,801788,3,02-11-2024
DevOps Engineer,Capgemini,Ahmedabad,Cloud,862906,3,23-03-2024
Machine Learning Engineer,Infosys,Kolkata,Web Development,1456722,5,29-03-2024
Python Developer,TCS,Gurgaon,DevOps,901150,4,14-04-2025
Business Analyst,Zoho,Remote,Data Science,210666,1,24-06-2024
Data Analyst,Deloitte,Delhi,AI,424634,2,27-08-2025
Cloud Engineer,Deloitte,Remote,AI,1559336,5,10-04-2025
DevOps Engineer,Capgemini,Pune,Web Development,612234,3,06-10-2025
DevOps Engineer,HCLTech,Ahmedabad,Software Development,289551,1,26-09-2025
Cloud Engineer,Infosys,Hyderabad,Cloud,616692,3,07-01-2025
Business Analyst,Zoho,Mumbai,DevOps,211091,1,14-10-2024
Frontend Developer,HCLTech,Bangalore,Analytics,839197,3,28-05-2025
Business Analyst,Wipro,Pune,Data Science,1134393,4,29-12-2024
Frontend Developer,Infosys,Chennai,Data Science,861860,3,24-04-2024
DevOps Engineer,Google,Noida,Software Development,1569887,5,27-03-2025
Python Developer,Cognizant,Remote,Software Development,1463069,5,16-04-2025
Full Stack Developer,Wipro,Delhi,DevOps,1488767,5,16-06-2025
Backend Developer,HCLTech,Chennai,Cloud,1537280,5,19-05-2024
Full Stack Developer,IBM,Gurgaon,AI,1174298,4,15-01-2025
Software Developer,Cognizant,Mumbai,Data Science,269014,1,05-06-2025
Software Developer,Oracle,Jaipur,Analytics,430946,2,02-12-2025
Python Developer,Deloitte,Remote,Analytics,1092628,4,24-03-2024
Full Stack Developer,Infosys,Pune,Analytics,244694,1,18-05-2025
Frontend Developer,IBM,Jaipur,Data Science,216720,1,19-08-2025
DevOps Engineer,Infosys,Ahmedabad,Cloud,490535,2,11-02-2025
Machine Learning Engineer,Oracle,Noida,Analytics,1527222,5,16-06-2024
Python Developer,Infosys,Noida,AI,707495,3,27-07-2025
AI Engineer,Cognizant,Hyderabad,Cloud,1161668,4,16-04-2024
Software Developer,Deloitte,Chennai,DevOps,365540,1,17-02-2024
Software Developer,Accenture,Noida,Data Science,914403,4,27-10-2024
Data Scientist,Cognizant,Kolkata,Web Development,475261,2,10-04-2024
Business Analyst,Accenture,Chennai,AI,1080725,4,04-03-2025
Cloud Engineer,IBM,Bangalore,Software Development,740154,3,27-11-2025
Business Analyst,Google,Mumbai,Analytics,293329,1,27-06-2025
Full Stack Developer,Oracle,Ahmedabad,Software Development,867828,3,12-12-2024
Python Developer,Zoho,Pune,DevOps,460026,2,08-10-2024
Cloud Engineer,Infosys,Kolkata,Analytics,1533954,5,20-01-2025
Frontend Developer,Deloitte,Gurgaon,DevOps,1022702,4,02-02-2024
AI Engineer,TCS,Ahmedabad,Software Development,211206,1,09-08-2024
Backend Developer,TCS,Bangalore,Web Development,287662,1,12-09-2024
Cloud Engineer,Cognizant,Mumbai,DevOps,371645,1,07-10-2024
Data Scientist,Zoho,Noida,Software Development,407129,2,31-08-2024
Frontend Developer,HCLTech,Noida,Analytics,444298,2,02-11-2025
Data Analyst,Amazon,Kolkata,Web Development,933881,4,01-09-2024
Frontend Developer,Accenture,Kolkata,DevOps,724474,3,18-05-2025
Data Analyst,Deloitte,Jaipur,Web Development,491820,2,24-09-2025
Backend Developer,IBM,Delhi,AI,460431,2,07-03-2025
Python Developer,Amazon,Noida,AI,360234,1,08-06-2024
Python Developer,IBM,Ahmedabad,Web Development,852250,3,20-05-2025
Data Scientist,IBM,Jaipur,Cloud,347085,1,09-05-2025
Software Developer,TCS,Gurgaon,DevOps,1351396,5,15-03-2024
Data Analyst,HCLTech,Gurgaon,Cloud,248614,1,27-07-2025
DevOps Engineer,TCS,Bangalore,Cloud,1207367,5,27-01-2024
Python Developer,Tech Mahindra,Bangalore,DevOps,634505,3,25-04-2024
Machine Learning Engineer,Cognizant,Remote,Analytics,842185,3,26-07-2024
Software Developer,Google,Jaipur,Analytics,802654,3,06-11-2025
Business Analyst,Infosys,Pune,DevOps,226010,1,24-02-2024
Data Analyst,Capgemini,Bangalore,Software Development,861798,3,03-10-2024
Data Analyst,Capgemini,Jaipur,Cloud,835686,3,20-07-2024
Cloud Engineer,Tech Mahindra,Jaipur,AI,749286,3,02-08-2025
Cloud Engineer,Oracle,Kolkata,Data Science,659352,3,06-05-2024
Data Scientist,Cognizant,Mumbai,Data Science,1392180,5,11-04-2025
Business Analyst,IBM,Chennai,Analytics,1572238,5,14-11-2025
Data Scientist,HCLTech,Gurgaon,Web Development,439720,2,08-08-2025
Machine Learning Engineer,TCS,Kolkata,Software Development,914626,4,23-09-2024
Frontend Developer,Google,Remote,Software Development,775298,3,16-09-2024
DevOps Engineer,Infosys,Pune,Software Development,1559957,5,16-10-2024
Cloud Engineer,Microsoft,Hyderabad,Software Development,1474770,5,14-09-2024
Cloud Engineer,IBM,Noida,Analytics,1318564,5,30-05-2025
Frontend Developer,Capgemini,Gurgaon,AI,999073,4,15-05-2024
DevOps Engineer,Wipro,Ahmedabad,AI,784996,3,05-11-2024
Full Stack Developer,Amazon,Bangalore,Web Development,1584326,5,26-06-2024
Business Analyst,Google,Jaipur,Analytics,297235,1,10-12-2024
Software Developer,Zoho,Kolkata,Software Development,438013,2,17-03-2024
DevOps Engineer,IBM,Jaipur,Cloud,220653,1,31-05-2025
Cloud Engineer,Oracle,Gurgaon,AI,883166,3,11-06-2024
Data Analyst,HCLTech,Kolkata,DevOps,1201899,5,06-06-2024
Software Developer,Cognizant,Kolkata,Data Science,605587,3,10-11-2024
Business Analyst,IBM,Ahmedabad,Data Science,843755,3,18-06-2025
DevOps Engineer,Cognizant,Jaipur,Cloud,526270,2,07-08-2024
Software Developer,Google,Noida,Web Development,1116450,4,05-03-2024
Frontend Developer,TCS,Mumbai,Web Development,716140,3,08-08-2024
DevOps Engineer,IBM,Delhi,Software Development,730422,3,25-04-2024
Business Analyst,Oracle,Ahmedabad,Analytics,389365,1,30-06-2024
DevOps Engineer,HCLTech,Ahmedabad,Analytics,1059266,4,01-06-2025
Cloud Engineer,Capgemini,Hyderabad,Data Science,332435,1,18-02-2025
Cloud Engineer,HCLTech,Jaipur,Analytics,1556169,5,05-01-2025
AI Engineer,Deloitte,Chennai,Cloud,440757,2,15-01-2025
Python Developer,Capgemini,Pune,Web Development,963268,4,27-10-2024
Backend Developer,Accenture,Noida,Cloud,1147611,4,26-01-2024
Machine Learning Engineer,Deloitte,Jaipur,DevOps,291606,1,29-07-2025
AI Engineer,Infosys,Mumbai,Cloud,518647,2,02-08-2025
AI Engineer,Cognizant,Pune,Cloud,689510,3,02-05-2024
DevOps Engineer,Tech Mahindra,Bangalore,Data Science,1301381,5,28-01-2024
Frontend Developer,Amazon,Gurgaon,Cloud,563882,2,02-05-2025
DevOps Engineer,Amazon,Hyderabad,DevOps,443039,2,30-06-2025
Cloud Engineer,Wipro,Hyderabad,Data Science,440577,2,26-12-2025
DevOps Engineer,Zoho,Pune,Software Development,548172,2,06-08-2024
Frontend Developer,Infosys,Bangalore,AI,866529,3,19-01-2025
Full Stack Developer,Capgemini,Ahmedabad,AI,1568558,5,08-08-2025
Machine Learning Engineer,Accenture,Hyderabad,DevOps,1073364,4,08-03-2024
Software Developer,Tech Mahindra,Delhi,Data Science,322438,1,19-02-2024
Cloud Engineer,Cognizant,Delhi,DevOps,427308,2,25-09-2024
Machine Learning Engineer,Oracle,Jaipur,Data Science,592961,2,07-12-2025
AI Engineer,Google,Hyderabad,Analytics,1049359,4,21-06-2025
DevOps Engineer,HCLTech,Kolkata,Data Science,1414019,5,22-04-2025
Machine Learning Engineer,Accenture,Remote,DevOps,1263795,5,08-06-2025
DevOps Engineer,Deloitte,Jaipur,Data Science,618614,3,09-01-2024
Cloud Engineer,Wipro,Gurgaon,Software Development,912745,4,18-04-2024
Data Analyst,Capgemini,Ahmedabad,Software Development,729185,3,14-07-2025
Software Developer,HCLTech,Mumbai,Analytics,479401,2,20-02-2025
Business Analyst,IBM,Kolkata,Cloud,365373,1,15-01-2025
AI Engineer,Infosys,Chennai,Cloud,1494265,5,24-01-2024
Data Scientist,Capgemini,Bangalore,Data Science,1557487,5,19-09-2025
Full Stack Developer,HCLTech,Remote,Analytics,1423216,5,12-02-2025
Full Stack Developer,Microsoft,Remote,Cloud,1031537,4,31-10-2025
Business Analyst,Microsoft,Jaipur,DevOps,1034119,4,09-07-2024
AI Engineer,Oracle,Noida,DevOps,223288,1,24-01-2025
Machine Learning Engineer,Tech Mahindra,Pune,DevOps,707502,3,03-11-2024
DevOps Engineer,Capgemini,Hyderabad,Analytics,1475347,5,30-04-2024
AI Engineer,HCLTech,Mumbai,Analytics,1514413,5,02-05-2025
Software Developer,Microsoft,Ahmedabad,DevOps,769932,3,02-04-2024
Software Developer,Infosys,Hyderabad,Software Development,375682,1,09-07-2025
Machine Learning Engineer,Cognizant,Mumbai,Data Science,677044,3,10-12-2024
Software Developer,Infosys,Gurgaon,Cloud,457353,2,28-08-2025
Business Analyst,Capgemini,Ahmedabad,Data Science,425003,2,03-03-2025
Python Developer,Capgemini,Remote,Data Science,1150247,4,19-04-2025
Full Stack Developer,Microsoft,Ahmedabad,AI,553392,2,06-12-2025
AI Engineer,Wipro,Chennai,Cloud,587182,2,24-03-2025
Backend Developer,Wipro,Mumbai,Analytics,610290,3,08-11-2025
AI Engineer,Amazon,Hyderabad,AI,1281736,5,21-03-2024
Software Developer,Wipro,Ahmedabad,Data Science,406307,2,11-02-2025
Software Developer,Cognizant,Remote,Cloud,460955,2,01-10-2024
Backend Developer,IBM,Gurgaon,Analytics,613830,3,25-11-2024
Full Stack Developer,HCLTech,Noida,Web Development,1493979,5,27-06-2024
Backend Developer,HCLTech,Remote,Software Development,828012,3,05-12-2024
Backend Developer,Cognizant,Mumbai,AI,213880,1,25-10-2024
Cloud Engineer,Amazon,Chennai,Analytics,870200,3,12-05-2025
Business Analyst,Microsoft,Jaipur,Software Development,548351,2,28-01-2024
AI Engineer,Microsoft,Noida,Data Science,856216,3,25-04-2025
Frontend Developer,IBM,Kolkata,Software Development,1093157,4,09-07-2025
DevOps Engineer,Capgemini,Chennai,Data Science,1273160,5,27-05-2025
Backend Developer,IBM,Chennai,Web Development,289881,1,21-08-2025
AI Engineer,Oracle,Noida,Web Development,219845,1,09-09-2025
Data Scientist,Capgemini,Bangalore,Software Development,1057174,4,22-10-2024
Frontend Developer,Wipro,Mumbai,Analytics,697873,3,08-07-2025
DevOps Engineer,Wipro,Pune,Web Development,1097150,4,07-02-2024
Full Stack Developer,Google,Remote,DevOps,688143,3,01-09-2025
Frontend Developer,Oracle,Jaipur,Analytics,1125245,4,17-10-2025
DevOps Engineer,Infosys,Hyderabad,Software Development,923924,4,21-05-2024
Python Developer,Capgemini,Noida,DevOps,902759,4,14-05-2024
AI Engineer,Infosys,Ahmedabad,AI,876426,3,02-08-2025
Business Analyst,Cognizant,Gurgaon,Data Science,1111014,4,26-10-2025
Data Scientist,HCLTech,Ahmedabad,Data Science,448202,2,24-07-2025
Backend Developer,Microsoft,Jaipur,AI,594631,2,28-02-2025
Software Developer,Deloitte,Jaipur,Software Development,883816,3,20-01-2025
Frontend Developer,HCLTech,Delhi,Software Development,1190191,4,31-12-2024
DevOps Engineer,Infosys,Chennai,Web Development,1211067,5,03-09-2025
DevOps Engineer,Google,Bangalore,Analytics,295335,1,01-06-2025
Cloud Engineer,Wipro,Ahmedabad,Software Development,366080,1,28-01-2025
Machine Learning Engineer,TCS,Jaipur,DevOps,823096,3,01-06-2024
DevOps Engineer,Capgemini,Bangalore,Software Development,520442,2,12-06-2024
Python Developer,Wipro,Delhi,Analytics,955599,4,25-05-2025
Data Scientist,TCS,Mumbai,Web Development,1225138,5,12-01-2025
Cloud Engineer,Microsoft,Ahmedabad,Software Development,1308269,5,30-08-2025
Cloud Engineer,Oracle,Pune,Software Development,921059,4,25-04-2025
Business Analyst,Wipro,Pune,Analytics,1413200,5,07-10-2025
Machine Learning Engineer,HCLTech,Noida,DevOps,739024,3,30-06-2025
Machine Learning Engineer,TCS,Jaipur,DevOps,1039869,4,21-08-2025
DevOps Engineer,Infosys,Noida,AI,257493,1,30-04-2025
Business Analyst,Google,Kolkata,DevOps,321226,1,10-03-2025
Machine Learning Engineer,Infosys,Gurgaon,Software Development,1510460,5,21-02-2025
Machine Learning Engineer,Wipro,Remote,Software Development,214557,1,14-10-2024
Full Stack Developer,IBM,Hyderabad,Web Development,834266,3,22-05-2025
Cloud Engineer,Infosys,Gurgaon,Analytics,463422,2,25-08-2025
Machine Learning Engineer,Cognizant,Mumbai,Web Development,551126,2,15-11-2025
Python Developer,Microsoft,Delhi,Web Development,695046,3,29-05-2024
Machine Learning Engineer,Microsoft,Bangalore,AI,1044928,4,09-01-2025
AI Engineer,IBM,Remote,DevOps,687819,3,07-01-2024
Machine Learning Engineer,IBM,Bangalore,Cloud,929924,4,12-02-2024
Cloud Engineer,Oracle,Hyderabad,Cloud,691798,3,06-09-2024
Data Analyst,Cognizant,Gurgaon,DevOps,1596586,5,29-10-2024
Frontend Developer,Cognizant,Delhi,Software Development,297268,1,18-01-2024
Cloud Engineer,Infosys,Chennai,Analytics,1205283,5,12-10-2025
Data Scientist,Zoho,Noida,Analytics,1180541,4,06-01-2024
Python Developer,Tech Mahindra,Gurgaon,Data Science,300761,1,26-01-2024
Frontend Developer,HCLTech,Noida,Software Development,455194,2,19-11-2025
Full Stack Developer,Tech Mahindra,Pune,Software Development,1523619,5,10-08-2025
Cloud Engineer,Infosys,Bangalore,Software Development,332658,1,21-04-2025
AI Engineer,Wipro,Bangalore,Data Science,1437762,5,22-12-2024
Backend Developer,Capgemini,Bangalore,Cloud,311687,1,24-03-2025
Full Stack Developer,Microsoft,Bangalore,Web Development,1569110,5,30-10-2024
Software Developer,Google,Noida,DevOps,1486131,5,23-02-2025
Full Stack Developer,Oracle,Ahmedabad,AI,328636,1,14-01-2024
Data Analyst,Deloitte,Ahmedabad,Software Development,784240,3,06-03-2025
Data Analyst,Amazon,Chennai,AI,1091017,4,08-12-2025
Cloud Engineer,TCS,Mumbai,Software Development,463894,2,10-06-2025
Business Analyst,Amazon,Remote,Web Development,1096952,4,02-09-2024
Data Analyst,Wipro,Noida,Analytics,311497,1,22-09-2025
Software Developer,Infosys,Bangalore,Software Development,210621,1,07-01-2024
Full Stack Developer,Infosys,Remote,Web Development,426947,2,01-07-2024
Machine Learning Engineer,HCLTech,Jaipur,DevOps,1503374,5,05-12-2024
AI Engineer,Capgemini,Ahmedabad,Cloud,977432,4,29-02-2024
Frontend Developer,Oracle,Pune,Data Science,1517796,5,05-09-2025
Frontend Developer,Zoho,Kolkata,DevOps,1240146,5,19-11-2024
AI Engineer,Google,Noida,Analytics,572218,2,03-07-2024
AI Engineer,Capgemini,Chennai,Analytics,522753,2,07-02-2024
Software Developer,Wipro,Gurgaon,AI,1494449,5,29-04-2024
DevOps Engineer,Capgemini,Pune,Analytics,239243,1,03-10-2025
Machine Learning Engineer,HCLTech,Jaipur,Cloud,1181664,4,30-06-2024
Data Analyst,Amazon,Chennai,DevOps,468400,2,29-08-2024
Software Developer,Tech Mahindra,Pune,Software Development,764182,3,25-10-2025
Full Stack Developer,IBM,Delhi,DevOps,427948,2,01-06-2024
Frontend Developer,Microsoft,Delhi,AI,1022134,4,12-11-2025
Data Analyst,Wipro,Jaipur,Data Science,772567,3,04-10-2024
DevOps Engineer,Oracle,Kolkata,Data Science,523492,2,09-08-2025
Business Analyst,Tech Mahindra,Mumbai,DevOps,527223,2,23-09-2025
Machine Learning Engineer,Infosys,Noida,Software Development,1355174,5,13-10-2024
Data Analyst,Wipro,Delhi,Data Science,1531877,5,06-04-2024
Python Developer,Zoho,Hyderabad,Data Science,1536683,5,08-06-2024
Python Developer,Infosys,Pune,Software Development,359256,1,24-01-2025
Backend Developer,Accenture,Remote,Software Development,714645,3,24-01-2025
Frontend Developer,Deloitte,Bangalore,DevOps,449459,2,23-07-2025
AI Engineer,Accenture,Hyderabad,Web Development,280501,1,15-08-2025
Cloud Engineer,Oracle,Noida,Web Development,414835,2,27-12-2024
AI Engineer,Tech Mahindra,Jaipur,Cloud,1141237,4,18-04-2025
Python Developer,Oracle,Kolkata,Web Development,509587,2,10-11-2024
Full Stack Developer,Capgemini,Pune,Software Development,587468,2,10-05-2024
AI Engineer,IBM,Pune,Analytics,1022828,4,12-09-2024
Business Analyst,TCS,Hyderabad,Software Development,722932,3,04-01-2024
AI Engineer,Microsoft,Noida,Data Science,1487346,5,28-11-2024
Business Analyst,Deloitte,Pune,Cloud,765815,3,11-03-2025
Python Developer,Tech Mahindra,Remote,Cloud,570102,2,26-03-2024
Frontend Developer,Oracle,Hyderabad,Software Development,290901,1,05-02-2024
Data Analyst,Deloitte,Chennai,Web Development,223044,1,19-05-2024
Python Developer,Oracle,Remote,Data Science,280988,1,14-05-2025
Full Stack Developer,Capgemini,Pune,Web Development,286065,1,19-09-2024
Python Developer,Tech Mahindra,Bangalore,Software Development,1132220,4,19-04-2024
Python Developer,Cognizant,Remote,Data Science,652975,3,22-01-2024
Data Scientist,Tech Mahindra,Noida,DevOps,674346,3,13-10-2025
Full Stack Developer,Tech Mahindra,Noida,Software Development,552052,2,31-01-2024
Frontend Developer,Tech Mahindra,Hyderabad,DevOps,845131,3,28-05-2024
Machine Learning Engineer,Cognizant,Pune,Cloud,1249936,5,12-10-2025
Data Scientist,Zoho,Hyderabad,DevOps,1436074,5,17-11-2024
Backend Developer,Oracle,Delhi,Data Science,1215668,5,02-01-2025
Software Developer,Infosys,Hyderabad,AI,580636,2,19-03-2025
Cloud Engineer,Infosys,Kolkata,Web Development,1031862,4,05-12-2025
Full Stack Developer,Cognizant,Remote,Cloud,830882,3,11-01-2024
Full Stack Developer,Wipro,Hyderabad,Web Development,270155,1,30-03-2025
Data Analyst,Zoho,Pune,Analytics,1383396,5,20-08-2025
Software Developer,Deloitte,Remote,DevOps,205690,1,26-09-2025
Frontend Developer,TCS,Kolkata,Software Development,210290,1,02-10-2024
DevOps Engineer,Amazon,Chennai,Cloud,639013,3,29-07-2024
Business Analyst,Accenture,Pune,DevOps,1256683,5,24-02-2025
Software Developer,Infosys,Pune,Analytics,219756,1,11-05-2024
Data Analyst,Oracle,Pune,AI,267195,1,14-05-2025
Backend Developer,Microsoft,Bangalore,Software Development,242916,1,03-02-2024
Data Analyst,Infosys,Pune,DevOps,379994,1,19-11-2025
Software Developer,Infosys,Remote,Analytics,1129824,4,29-12-2025
Machine Learning Engineer,Deloitte,Jaipur,DevOps,852484,3,02-07-2024
Frontend Developer,Amazon,Jaipur,DevOps,1034134,4,24-07-2025
Python Developer,Accenture,Noida,Software Development,1454038,5,17-11-2024
Software Developer,Amazon,Pune,AI,835288,3,21-07-2025
AI Engineer,Zoho,Mumbai,Data Science,355707,1,23-06-2024
Backend Developer,Tech Mahindra,Delhi,Analytics,1569323,5,12-02-2024
Business Analyst,Oracle,Pune,AI,1325971,5,27-10-2024
Business Analyst,Zoho,Mumbai,Software Development,1128603,4,10-04-2025
Software Developer,Deloitte,Kolkata,Software Development,828250,3,14-10-2025
Data Scientist,Cognizant,Mumbai,Data Science,1006354,4,09-07-2024
Data Analyst,Google,Remote,Web Development,546964,2,08-02-2024
Full Stack Developer,Oracle,Ahmedabad,DevOps,619882,3,01-06-2024
Full Stack Developer,Cognizant,Jaipur,Software Development,1275966,5,06-09-2025
DevOps Engineer,Cognizant,Gurgaon,Software Development,937132,4,22-05-2024
Data Analyst,Zoho,Delhi,Web Development,731809,3,20-02-2024
Business Analyst,HCLTech,Kolkata,Analytics,994765,4,24-05-2024
Frontend Developer,HCLTech,Ahmedabad,AI,995719,4,18-05-2024
Cloud Engineer,Tech Mahindra,Kolkata,Software Development,395081,1,16-10-2025
AI Engineer,HCLTech,Kolkata,Software Development,412639,2,14-11-2024
Data Analyst,Microsoft,Noida,AI,264342,1,08-11-2025
AI Engineer,Deloitte,Chennai,Web Development,1590623,5,18-03-2025
Full Stack Developer,Microsoft,Gurgaon,Analytics,1588101,5,16-07-2025
Data Analyst,Wipro,Ahmedabad,DevOps,433206,2,21-03-2024
Data Scientist,Google,Pune,Software Development,1175714,4,13-03-2025
AI Engineer,Oracle,Bangalore,DevOps,475075,2,17-07-2025
Data Analyst,Accenture,Gurgaon,Analytics,601845,3,02-09-2025
Frontend Developer,Zoho,Chennai,Cloud,1536745,5,27-06-2025
Backend Developer,Oracle,Bangalore,DevOps,341752,1,25-06-2024
Data Analyst,Infosys,Gurgaon,Data Science,802466,3,11-07-2024
Business Analyst,HCLTech,Ahmedabad,Cloud,944276,4,20-07-2025
Machine Learning Engineer,Zoho,Jaipur,AI,1514070,5,17-06-2025
DevOps Engineer,Google,Remote,Data Science,801977,3,08-06-2025
Frontend Developer,Zoho,Pune,Software Development,1161795,4,18-01-2025
Cloud Engineer,Accenture,Gurgaon,Analytics,1389292,5,13-04-2025
Machine Learning Engineer,Wipro,Delhi,Data Science,1256895,5,07-03-2024
DevOps Engineer,Cognizant,Bangalore,Analytics,1563091,5,11-10-2024
Python Developer,IBM,Mumbai,DevOps,591898,2,01-01-2025
Backend Developer,Deloitte,Kolkata,Software Development,1158516,4,16-02-2024
Software Developer,Zoho,Chennai,DevOps,891052,3,14-10-2024
Backend Developer,Deloitte,Mumbai,Analytics,886774,3,19-09-2025
Full Stack Developer,Infosys,Jaipur,DevOps,763282,3,24-09-2025
Cloud Engineer,Deloitte,Ahmedabad,DevOps,1433676,5,15-07-2024
Data Scientist,Amazon,Gurgaon,Data Science,653498,3,23-02-2024
Full Stack Developer,Microsoft,Mumbai,Software Development,1149278,4,27-05-2024
DevOps Engineer,Infosys,Pune,Data Science,1305677,5,04-11-2025
Data Analyst,Google,Bangalore,AI,342179,1,09-07-2025
Backend Developer,Zoho,Bangalore,Data Science,963030,4,20-02-2024
Frontend Developer,Accenture,Kolkata,Analytics,427452,2,05-05-2024
Full Stack Developer,Oracle,Bangalore,DevOps,1235559,5,22-01-2025
Data Scientist,Accenture,Noida,Data Science,503486,2,04-04-2025
Business Analyst,Cognizant,Noida,Cloud,970359,4,27-09-2025
DevOps Engineer,Tech Mahindra,Mumbai,Analytics,296057,1,26-06-2024
Business Analyst,Microsoft,Kolkata,Software Development,526719,2,13-05-2025
Frontend Developer,Infosys,Jaipur,DevOps,1166066,4,23-03-2025
AI Engineer,Deloitte,Noida,DevOps,651940,3,15-09-2024
Software Developer,Capgemini,Ahmedabad,Cloud,339557,1,31-08-2024
Data Analyst,Accenture,Hyderabad,AI,1269389,5,30-06-2025
Python Developer,TCS,Noida,DevOps,1362175,5,13-11-2024
Business Analyst,Accenture,Gurgaon,Data Science,1322128,5,03-03-2025
Business Analyst,Google,Bangalore,DevOps,434754,2,12-12-2025
AI Engineer,HCLTech,Jaipur,Cloud,297084,1,24-03-2025
AI Engineer,Oracle,Remote,Web Development,466949,2,25-12-2025
AI Engineer,Accenture,Remote,Software Development,1081000,4,28-07-2024
Business Analyst,TCS,Hyderabad,Analytics,1481462,5,05-04-2024
Frontend Developer,Capgemini,Ahmedabad,DevOps,1162396,4,31-10-2024
Machine Learning Engineer,Wipro,Gurgaon,AI,648068,3,07-01-2024
Backend Developer,Accenture,Hyderabad,DevOps,310723,1,14-02-2025
Data Analyst,Microsoft,Delhi,Cloud,263340,1,06-01-2024
DevOps Engineer,Accenture,Hyderabad,Software Development,442917,2,06-04-2024
Cloud Engineer,Tech Mahindra,Pune,Software Development,536995,2,13-12-2025
Full Stack Developer,Capgemini,Chennai,Data Science,217904,1,02-04-2024
Python Developer,HCLTech,Pune,Cloud,297041,1,20-09-2024
Machine Learning Engineer,Capgemini,Ahmedabad,AI,800167,3,01-12-2024
Data Analyst,Microsoft,Jaipur,Web Development,870120,3,05-07-2025
Machine Learning Engineer,Wipro,Bangalore,Data Science,529074,2,18-01-2024
Machine Learning Engineer,Zoho,Pune,Analytics,1362055,5,22-12-2024
Software Developer,TCS,Jaipur,Web Development,1150122,4,17-07-2025
Business Analyst,Deloitte,Hyderabad,AI,518416,2,05-01-2025
Backend Developer,Tech Mahindra,Delhi,Analytics,550179,2,20-03-2025
Full Stack Developer,Infosys,Gurgaon,Cloud,1219078,5,30-05-2024
Data Analyst,Accenture,Gurgaon,Software Development,272613,1,16-07-2025
Data Scientist,IBM,Chennai,Data Science,1506789,5,20-06-2024
Full Stack Developer,IBM,Ahmedabad,Cloud,356140,1,11-05-2025
Software Developer,Capgemini,Delhi,AI,294863,1,29-07-2025
AI Engineer,Wipro,Ahmedabad,DevOps,1177325,4,16-08-2025
DevOps Engineer,Zoho,Delhi,DevOps,1224194,5,10-01-2025
Full Stack Developer,Amazon,Delhi,Data Science,389305,1,08-03-2024
Software Developer,TCS,Remote,Web Development,404614,2,18-10-2025
Software Developer,HCLTech,Jaipur,Software Development,603230,3,13-09-2025
Cloud Engineer,Google,Bangalore,Software Development,1381065,5,21-10-2024
Business Analyst,Google,Noida,Software Development,511653,2,02-02-2025
Business Analyst,Infosys,Ahmedabad,Analytics,450953,2,24-02-2024
DevOps Engineer,Capgemini,Delhi,Data Science,446414,2,23-06-2025
Cloud Engineer,Google,Jaipur,AI,972847,4,05-12-2025
Data Analyst,Capgemini,Pune,Analytics,649125,3,24-06-2024
Python Developer,Deloitte,Bangalore,DevOps,819719,3,19-04-2025
Backend Developer,Cognizant,Chennai,Data Science,447530,2,26-01-2025
AI Engineer,Accenture,Remote,AI,538995,2,16-05-2025
DevOps Engineer,Microsoft,Jaipur,AI,1429758,5,20-02-2024
DevOps Engineer,Cognizant,Ahmedabad,Web Development,1384191,5,26-07-2024
Full Stack Developer,Capgemini,Pune,DevOps,1387643,5,26-05-2024
Python Developer,Wipro,Remote,DevOps,258413,1,11-02-2024
Machine Learning Engineer,Oracle,Pune,Cloud,1491955,5,25-09-2025
Data Scientist,IBM,Bangalore,Analytics,202424,1,22-07-2024
Software Developer,TCS,Kolkata,Data Science,244044,1,27-05-2025
Data Analyst,Deloitte,Chennai,AI,279021,1,16-02-2024
Frontend Developer,HCLTech,Chennai,Cloud,850701,3,13-05-2025
Software Developer,Accenture,Delhi,Cloud,1246934,5,18-12-2024
Data Analyst,Deloitte,Jaipur,Analytics,1317493,5,05-02-2025
Cloud Engineer,Tech Mahindra,Ahmedabad,Software Development,963271,4,02-04-2025
AI Engineer,Deloitte,Delhi,Web Development,1414027,5,25-08-2024
Machine Learning Engineer,Zoho,Jaipur,Web Development,412754,2,04-06-2024
DevOps Engineer,Amazon,Noida,Web Development,460015,2,07-12-2025
AI Engineer,TCS,Pune,Data Science,1555011,5,26-10-2025
Full Stack Developer,TCS,Hyderabad,Data Science,1496105,5,17-07-2025
DevOps Engineer,Capgemini,Gurgaon,Cloud,290822,1,21-01-2025
Software Developer,Oracle,Jaipur,DevOps,1009392,4,08-04-2024
Frontend Developer,Capgemini,Mumbai,Cloud,487438,2,10-05-2024
DevOps Engineer,Amazon,Delhi,Data Science,307500,1,17-10-2024
Frontend Developer,Microsoft,Gurgaon,Software Development,575015,2,25-02-2024
Frontend Developer,Oracle,Chennai,Data Science,656375,3,12-10-2024
Backend Developer,IBM,Kolkata,Data Science,483326,2,15-12-2024
Full Stack Developer,Google,Mumbai,AI,850652,3,28-06-2025
Data Scientist,Microsoft,Ahmedabad,Cloud,1272263,5,16-09-2025
Software Developer,Zoho,Delhi,Data Science,304670,1,10-02-2025
Full Stack Developer,Zoho,Gurgaon,Data Science,958545,4,25-02-2025
Cloud Engineer,HCLTech,Remote,Web Development,1103880,4,07-12-2024
Data Scientist,IBM,Noida,AI,780619,3,18-08-2025
DevOps Engineer,Wipro,Ahmedabad,Analytics,1428947,5,23-03-2025
Data Analyst,Accenture,Ahmedabad,Cloud,1595856,5,23-08-2024
Backend Developer,Deloitte,Delhi,Software Development,326123,1,28-05-2024
Frontend Developer,Capgemini,Kolkata,Cloud,711244,3,26-10-2025
Frontend Developer,Zoho,Ahmedabad,Data Science,1192914,4,11-11-2024
Business Analyst,Tech Mahindra,Ahmedabad,AI,539482,2,04-09-2024
DevOps Engineer,Infosys,Ahmedabad,Analytics,292364,1,12-01-2024
Python Developer,Oracle,Delhi,AI,1116298,4,10-01-2024
Frontend Developer,Zoho,Bangalore,Software Development,740188,3,14-02-2025
Machine Learning Engineer,HCLTech,Noida,Software Development,1473334,5,05-10-2024
Software Developer,IBM,Delhi,Software Development,460746,2,17-10-2025
Software Developer,IBM,Hyderabad,AI,539676,2,27-05-2025
Software Developer,Zoho,Noida,Analytics,1186305,4,30-05-2024
Software Developer,Wipro,Pune,AI,752370,3,15-01-2025
Frontend Developer,Deloitte,Chennai,Web Development,469733,2,11-11-2024
Backend Developer,Infosys,Remote,DevOps,739616,3,16-02-2024
Frontend Developer,IBM,Delhi,AI,381967,1,21-06-2025
AI Engineer,Microsoft,Jaipur,Cloud,523713,2,19-01-2024
Backend Developer,IBM,Pune,Cloud,496100,2,13-07-2024
Software Developer,Zoho,Hyderabad,Data Science,337591,1,13-08-2025
DevOps Engineer,Tech Mahindra,Kolkata,AI,1561327,5,01-04-2025
AI Engineer,Cognizant,Delhi,Analytics,1019341,4,01-12-2025
DevOps Engineer,Infosys,Jaipur,Cloud,1157293,4,19-09-2024
Data Analyst,Tech Mahindra,Delhi,Software Development,840966,3,16-04-2025
DevOps Engineer,Wipro,Gurgaon,Data Science,1323702,5,22-09-2024
Frontend Developer,Oracle,Chennai,Web Development,433261,2,06-05-2024
Machine Learning Engineer,Microsoft,Ahmedabad,Data Science,461984,2,03-01-2024
Business Analyst,HCLTech,Mumbai,Analytics,1018385,4,14-04-2024
Full Stack Developer,Amazon,Noida,AI,910955,4,13-12-2025
Software Developer,Deloitte,Remote,Analytics,1011042,4,01-02-2024
Data Scientist,Microsoft,Mumbai,DevOps,224045,1,06-04-2024
Machine Learning Engineer,IBM,Mumbai,Analytics,399161,1,28-01-2025
DevOps Engineer,Cognizant,Jaipur,Analytics,491864,2,09-07-2025
Business Analyst,Tech Mahindra,Jaipur,Web Development,1471406,5,05-02-2025
Software Developer,HCLTech,Noida,DevOps,222128,1,29-05-2025
Backend Developer,Wipro,Remote,DevOps,598453,2,12-07-2024
Python Developer,Microsoft,Chennai,Web Development,1561342,5,11-05-2025
Software Developer,Amazon,Noida,Cloud,802287,3,04-10-2024
Data Analyst,Tech Mahindra,Bangalore,Software Development,342886,1,22-04-2024
Full Stack Developer,Deloitte,Chennai,Web Development,1051839,4,03-05-2024
Python Developer,Cognizant,Bangalore,Analytics,402699,2,18-02-2024
Python Developer,Amazon,Gurgaon,AI,1042289,4,07-06-2024
Cloud Engineer,IBM,Remote,Analytics,443361,2,29-02-2024
Data Analyst,Oracle,Ahmedabad,Cloud,1177115,4,19-11-2024
Business Analyst,IBM,Pune,Software Development,1008064,4,29-07-2025
Data Analyst,Zoho,Remote,Analytics,986709,4,18-08-2025
Data Analyst,Zoho,Delhi,Cloud,1104689,4,20-03-2025
Data Analyst,IBM,Kolkata,Web Development,599679,2,25-07-2024
Cloud Engineer,Cognizant,Noida,Analytics,895996,3,23-05-2024
Backend Developer,HCLTech,Delhi,DevOps,1524716,5,11-03-2024
Business Analyst,Infosys,Jaipur,DevOps,743518,3,20-06-2025
Machine Learning Engineer,Capgemini,Chennai,DevOps,949779,4,17-05-2024
AI Engineer,Tech Mahindra,Hyderabad,Cloud,550024,2,02-09-2025
Machine Learning Engineer,Tech Mahindra,Ahmedabad,Software Development,710093,3,21-07-2025
DevOps Engineer,Oracle,Ahmedabad,Data Science,1474286,5,20-08-2024
Frontend Developer,Microsoft,Gurgaon,Cloud,777115,3,13-08-2025
DevOps Engineer,Accenture,Remote,Web Development,372434,1,27-06-2025
Data Analyst,IBM,Mumbai,Data Science,1225352,5,21-12-2024
Machine Learning Engineer,Deloitte,Jaipur,Data Science,361501,1,19-05-2024
Data Analyst,Cognizant,Kolkata,AI,1299122,5,26-03-2025
Machine Learning Engineer,HCLTech,Noida,DevOps,1084629,4,21-03-2024
Python Developer,Oracle,Remote,Data Science,645900,3,13-03-2025
Full Stack Developer,Wipro,Noida,Cloud,1413849,5,03-08-2024
Frontend Developer,Oracle,Ahmedabad,Web Development,310182,1,09-12-2025
Cloud Engineer,Infosys,Mumbai,AI,814579,3,24-09-2024
AI Engineer,Microsoft,Delhi,Software Development,1434263,5,18-06-2024
Data Scientist,Microsoft,Chennai,Software Development,1209971,5,29-11-2025
DevOps Engineer,Microsoft,Gurgaon,Web Development,584403,2,01-04-2024
Machine Learning Engineer,Zoho,Ahmedabad,Analytics,635293,3,29-01-2025
Software Developer,Deloitte,Chennai,Analytics,1413158,5,01-12-2025
Business Analyst,Google,Jaipur,Software Development,698865,3,15-12-2024
Business Analyst,Amazon,Bangalore,AI,1176607,4,19-10-2024
AI Engineer,Accenture,Remote,Web Development,852345,3,26-05-2025
Cloud Engineer,Cognizant,Pune,AI,568143,2,16-04-2024
Backend Developer,Capgemini,Kolkata,AI,210304,1,10-11-2025
Python Developer,HCLTech,Hyderabad,Data Science,1442283,5,31-08-2024
Business Analyst,Microsoft,Gurgaon,Cloud,543291,2,31-05-2025
Frontend Developer,Microsoft,Kolkata,DevOps,664619,3,06-03-2025
Frontend Developer,Accenture,Gurgaon,AI,1201462,5,25-10-2025
Data Analyst,Tech Mahindra,Pune,Data Science,741580,3,17-05-2025
Business Analyst,HCLTech,Pune,Analytics,1273477,5,07-08-2025
Python Developer,Wipro,Ahmedabad,Data Science,1403315,5,09-10-2024
Machine Learning Engineer,Zoho,Pune,Cloud,651841,3,12-02-2025
Data Analyst,IBM,Gurgaon,DevOps,1294604,5,31-10-2024
Data Scientist,Google,Mumbai,Cloud,1139854,4,17-05-2024
Backend Developer,Amazon,Gurgaon,Software Development,1070217,4,10-01-2024
Business Analyst,Amazon,Kolkata,Software Development,894625,3,20-06-2024
Data Analyst,Cognizant,Pune,Analytics,401793,2,28-02-2024
Python Developer,Capgemini,Bangalore,Analytics,1254072,5,11-06-2024
Python Developer,HCLTech,Pune,Analytics,322084,1,20-04-2025
Python Developer,TCS,Bangalore,Software Development,862974,3,15-10-2024
Full Stack Developer,Capgemini,Delhi,Web Development,403582,2,12-08-2025
Data Scientist,TCS,Hyderabad,Cloud,256592,1,25-10-2025
AI Engineer,Microsoft,Kolkata,Software Development,226604,1,28-06-2024
Cloud Engineer,Zoho,Remote,AI,256055,1,03-01-2025
Software Developer,Capgemini,Hyderabad,Cloud,589119,2,20-06-2025
Data Analyst,TCS,Bangalore,DevOps,863182,3,31-05-2024
DevOps Engineer,Microsoft,Jaipur,AI,453303,2,19-05-2024
Software Developer,Microsoft,Bangalore,Web Development,538168,2,10-06-2025
Business Analyst,TCS,Noida,Software Development,232027,1,13-02-2025
Data Analyst,Cognizant,Ahmedabad,Cloud,1299144,5,19-09-2025
AI Engineer,IBM,Kolkata,Analytics,980826,4,23-06-2025
Data Analyst,HCLTech,Hyderabad,Software Development,359132,1,30-04-2024
Cloud Engineer,Accenture,Ahmedabad,Cloud,580327,2,03-05-2024
Data Analyst,Amazon,Delhi,Software Development,622725,3,29-06-2024
Full Stack Developer,Accenture,Pune,AI,1001104,4,29-01-2024
Machine Learning Engineer,IBM,Delhi,AI,1556030,5,02-09-2025
Software Developer,Accenture,Noida,DevOps,1179990,4,26-10-2024
Full Stack Developer,Zoho,Remote,Data Science,260362,1,12-02-2025
Cloud Engineer,Infosys,Gurgaon,Web Development,650832,3,03-11-2025
Data Analyst,Microsoft,Kolkata,Software Development,902343,4,06-05-2025
Backend Developer,Accenture,Pune,Data Science,589062,2,18-08-2024
Data Analyst,HCLTech,Delhi,DevOps,674509,3,22-12-2025
Backend Developer,Microsoft,Remote,Data Science,633868,3,02-01-2025
AI Engineer,Google,Hyderabad,Cloud,1428158,5,26-08-2024
Python Developer,Wipro,Ahmedabad,DevOps,312256,1,05-12-2024
Frontend Developer,Infosys,Gurgaon,Software Development,1366234,5,06-11-2025
Data Analyst,Deloitte,Hyderabad,Software Development,1218808,5,19-02-2025
Data Scientist,Infosys,Kolkata,Web Development,860982,3,10-02-2024
DevOps Engineer,Oracle,Ahmedabad,DevOps,1031131,4,24-03-2025
Python Developer,Microsoft,Chennai,Data Science,905544,4,07-05-2025
Python Developer,Zoho,Mumbai,Web Development,623871,3,03-10-2024
Cloud Engineer,Deloitte,Bangalore,Cloud,542640,2,11-07-2024
Frontend Developer,IBM,Remote,Analytics,1035842,4,13-12-2024
Frontend Developer,Google,Ahmedabad,Analytics,464259,2,26-01-2024
Machine Learning Engineer,Capgemini,Chennai,Analytics,960131,4,08-09-2024
Business Analyst,Infosys,Delhi,Analytics,761326,3,01-08-2024
Machine Learning Engineer,Wipro,Mumbai,Cloud,249820,1,20-06-2025
Business Analyst,TCS,Noida,DevOps,336548,1,14-07-2024
Software Developer,Deloitte,Mumbai,Software Development,574010,2,09-08-2024
Full Stack Developer,Accenture,Remote,Cloud,426911,2,07-10-2024
Data Scientist,Microsoft,Hyderabad,Data Science,350250,1,17-12-2024
Full Stack Developer,Amazon,Ahmedabad,AI,448268,2,02-03-2024
Data Scientist,Capgemini,Gurgaon,AI,820851,3,09-06-2025
DevOps Engineer,Deloitte,Pune,DevOps,457684,2,16-05-2024
Business Analyst,IBM,Kolkata,AI,460097,2,12-11-2024
Business Analyst,HCLTech,Gurgaon,Software Development,1086221,4,23-05-2025
Backend Developer,Wipro,Ahmedabad,AI,371122,1,14-05-2025
Python Developer,Capgemini,Chennai,Data Science,1145989,4,17-03-2025
Data Analyst,TCS,Hyderabad,DevOps,1250410,5,24-12-2024
Software Developer,Microsoft,Jaipur,Cloud,661547,3,19-08-2025
Python Developer,IBM,Jaipur,Data Science,398694,1,05-09-2024
DevOps Engineer,Tech Mahindra,Pune,Web Development,240496,1,03-07-2024
Software Developer,Oracle,Delhi,Cloud,435146,2,18-01-2024
Frontend Developer,Google,Pune,Software Development,445966,2,15-04-2025
Python Developer,IBM,Remote,Cloud,676071,3,08-12-2024
Business Analyst,Oracle,Delhi,Analytics,1097513,4,03-12-2025
Business Analyst,HCLTech,Delhi,AI,387040,1,29-05-2024
Backend Developer,Deloitte,Kolkata,Analytics,1384935,5,24-08-2024
Data Analyst,Cognizant,Bangalore,AI,1567817,5,18-10-2024
DevOps Engineer,Accenture,Kolkata,DevOps,723056,3,17-01-2024
Frontend Developer,Amazon,Jaipur,Software Development,1140497,4,28-01-2025
Cloud Engineer,HCLTech,Remote,Cloud,685064,3,13-11-2025
Data Scientist,Google,Bangalore,Web Development,1199874,4,19-03-2025
Machine Learning Engineer,Microsoft,Remote,DevOps,1105876,4,07-06-2025
Backend Developer,Cognizant,Delhi,AI,1046851,4,04-11-2025
Cloud Engineer,HCLTech,Remote,Data Science,409119,2,28-06-2024
Software Developer,Microsoft,Noida,Analytics,1196438,4,24-09-2024
Frontend Developer,Cognizant,Kolkata,Analytics,711453,3,16-05-2025
Machine Learning Engineer,TCS,Ahmedabad,Cloud,920379,4,06-10-2024
Frontend Developer,Accenture,Noida,Data Science,581365,2,06-10-2025
Cloud Engineer,Infosys,Noida,AI,820812,3,12-05-2025
Python Developer,Amazon,Bangalore,Analytics,602919,3,17-08-2024
DevOps Engineer,Deloitte,Noida,Software Development,797743,3,15-01-2024
Machine Learning Engineer,Deloitte,Delhi,Web Development,630224,3,15-01-2025
Backend Developer,Tech Mahindra,Pune,Data Science,378584,1,12-03-2024
Full Stack Developer,Deloitte,Pune,AI,485776,2,30-07-2024
Frontend Developer,IBM,Delhi,Analytics,266823,1,25-05-2025
Business Analyst,Microsoft,Noida,Data Science,1032475,4,25-07-2025
Data Scientist,Amazon,Ahmedabad,Software Development,327321,1,04-09-2024
Data Analyst,Tech Mahindra,Ahmedabad,DevOps,1560357,5,10-07-2024
Data Scientist,HCLTech,Jaipur,Software Development,471101,2,26-07-2025
Cloud Engineer,Capgemini,Delhi,DevOps,592051,2,15-07-2024
Backend Developer,Tech Mahindra,Mumbai,Analytics,204435,1,13-05-2025
DevOps Engineer,Microsoft,Remote,Analytics,1197077,4,23-06-2025
DevOps Engineer,Wipro,Ahmedabad,Software Development,1046307,4,23-10-2025
Python Developer,Accenture,Bangalore,Software Development,212547,1,13-07-2024
Machine Learning Engineer,Amazon,Kolkata,Web Development,493872,2,14-09-2025
Business Analyst,Wipro,Hyderabad,Software Development,886126,3,30-09-2025
Python Developer,Oracle,Noida,Analytics,1376848,5,04-10-2025
Data Scientist,IBM,Chennai,Software Development,434891,2,06-07-2024
DevOps Engineer,Amazon,Kolkata,DevOps,866792,3,03-07-2024
Machine Learning Engineer,TCS,Mumbai,DevOps,525144,2,17-12-2025
DevOps Engineer,Capgemini,Chennai,Web Development,963212,4,19-01-2025
Backend Developer,Oracle,Mumbai,Web Development,867195,3,20-02-2025
Full Stack Developer,HCLTech,Mumbai,AI,921372,4,22-02-2025
Data Analyst,Capgemini,Remote,Analytics,835167,3,24-11-2025
Software Developer,HCLTech,Noida,Software Development,858898,3,17-09-2025
Data Analyst,Zoho,Hyderabad,DevOps,1389401,5,05-07-2025
Backend Developer,Tech Mahindra,Jaipur,Web Development,377014,1,01-07-2024
Data Scientist,HCLTech,Chennai,Analytics,215437,1,30-11-2024
Cloud Engineer,IBM,Jaipur,Software Development,1095175,4,21-06-2025
Business Analyst,TCS,Delhi,Software Development,226485,1,19-10-2024
Data Analyst,Accenture,Chennai,Web Development,939150,4,23-05-2024
Frontend Developer,Deloitte,Bangalore,Cloud,763228,3,02-01-2025
Machine Learning Engineer,Google,Noida,Web Development,1410126,5,06-04-2024
Software Developer,Tech Mahindra,Gurgaon,Cloud,230072,1,08-09-2024
Machine Learning Engineer,Google,Bangalore,Data Science,1115776,4,14-10-2025
AI Engineer,TCS,Gurgaon,DevOps,1282836,5,02-02-2024
Full Stack Developer,HCLTech,Noida,Cloud,1425403,5,05-07-2025
Full Stack Developer,Infosys,Ahmedabad,Data Science,721863,3,19-07-2025
Cloud Engineer,Wipro,Kolkata,Cloud,951744,4,10-01-2025
Machine Learning Engineer,Infosys,Gurgaon,Cloud,331328,1,05-01-2025
AI Engineer,Oracle,Hyderabad,AI,465337,2,23-07-2025
Business Analyst,Oracle,Bangalore,Analytics,644848,3,03-12-2025
Full Stack Developer,Zoho,Gurgaon,Data Science,323075,1,25-05-2025
Data Scientist,Google,Pune,Data Science,380732,1,15-10-2025
Software Developer,TCS,Mumbai,Analytics,512030,2,21-02-2024
Full Stack Developer,HCLTech,Bangalore,DevOps,577293,2,15-02-2025
Python Developer,Capgemini,Pune,Data Science,1146807,4,12-02-2024
Machine Learning Engineer,Amazon,Delhi,Data Science,564012,2,27-08-2025
AI Engineer,Capgemini,Delhi,AI,1429763,5,13-12-2024
AI Engineer,Accenture,Noida,Software Development,563646,2,04-03-2024
DevOps Engineer,Capgemini,Mumbai,Software Development,378255,1,16-03-2025
Software Developer,Oracle,Mumbai,AI,227155,1,05-12-2024
Python Developer,Accenture,Delhi,DevOps,876231,3,11-07-2024
AI Engineer,Accenture,Gurgaon,DevOps,795256,3,13-04-2025
DevOps Engineer,Tech Mahindra,Mumbai,Software Development,1272349,5,04-05-2024
Business Analyst,Amazon,Chennai,AI,1112293,4,26-08-2025
Full Stack Developer,Wipro,Bangalore,Data Science,1428987,5,20-06-2025
Backend Developer,IBM,Pune,Web Development,692784,3,24-05-2024
Data Analyst,Oracle,Chennai,Data Science,891097,3,31-07-2025
Business Analyst,Tech Mahindra,Chennai,Software Development,824946,3,15-07-2024
Software Developer,HCLTech,Kolkata,Analytics,648076,3,11-01-2024
Cloud Engineer,Accenture,Chennai,Analytics,1584728,5,31-10-2025
Business Analyst,IBM,Chennai,AI,996889,4,11-11-2024
DevOps Engineer,Microsoft,Kolkata,Data Science,216000,1,23-02-2024
Cloud Engineer,Oracle,Gurgaon,AI,880654,3,24-11-2024
Backend Developer,Tech Mahindra,Noida,Web Development,1313281,5,14-12-2025
Frontend Developer,Infosys,Delhi,DevOps,879033,3,02-06-2025
Data Scientist,Deloitte,Chennai,Cloud,425144,2,22-12-2024
Frontend Developer,Wipro,Remote,Software Development,911212,4,27-09-2024
Cloud Engineer,Zoho,Chennai,Cloud,478995,2,03-08-2025
Full Stack Developer,Oracle,Bangalore,Cloud,1560282,5,09-01-2025
Software Developer,Amazon,Bangalore,Cloud,847430,3,12-02-2024
Cloud Engineer,Infosys,Bangalore,Cloud,390344,1,14-02-2024
Data Scientist,Amazon,Kolkata,Web Development,302075,1,14-08-2025
Cloud Engineer,Google,Remote,Data Science,307687,1,10-07-2025
Backend Developer,Tech Mahindra,Hyderabad,Web Development,782975,3,10-08-2024
Cloud Engineer,Capgemini,Bangalore,DevOps,381308,1,18-06-2025
Software Developer,Tech Mahindra,Chennai,Web Development,285923,1,24-08-2025
DevOps Engineer,Capgemini,Jaipur,DevOps,1164508,4,10-03-2024
Python Developer,Infosys,Ahmedabad,Software Development,537740,2,02-09-2025
Business Analyst,Deloitte,Jaipur,Data Science,962215,4,02-06-2024
Frontend Developer,Tech Mahindra,Noida,AI,854156,3,17-11-2025
Backend Developer,Zoho,Gurgaon,Data Science,1082053,4,19-06-2025
DevOps Engineer,Google,Mumbai,AI,416941,2,19-01-2024
Business Analyst,TCS,Mumbai,Data Science,1102874,4,15-09-2024
Software Developer,Amazon,Bangalore,Software Development,1217348,5,18-01-2024
Software Developer,Accenture,Chennai,Software Development,791453,3,31-08-2025
Cloud Engineer,Amazon,Bangalore,Web Development,781743,3,23-06-2024
Backend Developer,TCS,Gurgaon,Data Science,1091970,4,19-12-2025
Full Stack Developer,Google,Delhi,Cloud,358514,1,07-08-2025
DevOps Engineer,Tech Mahindra,Noida,Software Development,621407,3,30-11-2024
Data Analyst,Oracle,Chennai,DevOps,227019,1,01-01-2026
Data Analyst,Deloitte,Noida,Data Science,330012,1,22-10-2024
DevOps Engineer,Tech Mahindra,Gurgaon,Web Development,372989,1,05-08-2025
Cloud Engineer,Tech Mahindra,Pune,Analytics,233011,1,16-06-2025
Data Analyst,TCS,Hyderabad,AI,619439,3,04-06-2025
Backend Developer,Accenture,Gurgaon,DevOps,1274787,5,02-02-2025
Software Developer,Microsoft,Mumbai,Analytics,849396,3,13-04-2025
AI Engineer,IBM,Hyderabad,Software Development,916341,4,06-07-2024
Python Developer,TCS,Ahmedabad,Cloud,811761,3,28-11-2025
Machine Learning Engineer,IBM,Kolkata,Web Development,350461,1,29-05-2024
Full Stack Developer,Cognizant,Ahmedabad,DevOps,1071754,4,24-05-2024
Business Analyst,Deloitte,Chennai,AI,470933,2,01-05-2025
Software Developer,Accenture,Hyderabad,Web Development,1571201,5,07-09-2024
AI Engineer,TCS,Hyderabad,Analytics,929189,4,01-11-2024
Business Analyst,Capgemini,Jaipur,Analytics,781239,3,20-12-2024
Full Stack Developer,IBM,Jaipur,Analytics,991666,4,01-07-2025
Machine Learning Engineer,Cognizant,Bangalore,DevOps,371307,1,01-02-2025
Full Stack Developer,Zoho,Delhi,Web Development,627127,3,28-06-2025
DevOps Engineer,HCLTech,Hyderabad,Software Development,972630,4,18-08-2025
Software Developer,Capgemini,Gurgaon,Analytics,819563,3,30-12-2024
Python Developer,Amazon,Gurgaon,DevOps,434533,2,12-12-2024
Full Stack Developer,Amazon,Noida,Web Development,551388,2,14-05-2024
Business Analyst,HCLTech,Mumbai,Data Science,968490,4,24-03-2025
DevOps Engineer,Google,Kolkata,Cloud,1525314,5,14-07-2024
Data Scientist,Infosys,Remote,Analytics,417380,2,12-12-2024
AI Engineer,TCS,Bangalore,AI,460458,2,22-10-2025
Machine Learning Engineer,Microsoft,Pune,Data Science,990564,4,31-03-2024
DevOps Engineer,Amazon,Delhi,Web Development,280358,1,05-06-2025
AI Engineer,Google,Ahmedabad,DevOps,1549694,5,15-05-2024
Data Scientist,Google,Pune,Cloud,681675,3,11-11-2024
DevOps Engineer,Amazon,Kolkata,DevOps,850917,3,15-10-2024
Backend Developer,Amazon,Kolkata,DevOps,1197425,4,12-11-2024
Full Stack Developer,Infosys,Hyderabad,Data Science,618490,3,16-05-2024
Backend Developer,Zoho,Chennai,Cloud,569272,2,14-02-2024
Cloud Engineer,Google,Gurgaon,Cloud,265916,1,09-05-2025
Software Developer,Infosys,Ahmedabad,Data Science,1131239,4,20-08-2025
AI Engineer,IBM,Hyderabad,Web Development,1247354,5,16-11-2024
Business Analyst,Tech Mahindra,Gurgaon,Data Science,255141,1,04-12-2025
DevOps Engineer,Infosys,Kolkata,Cloud,1084935,4,11-12-2024
AI Engineer,Zoho,Jaipur,Software Development,240051,1,14-10-2025
Business Analyst,IBM,Noida,Cloud,1253221,5,18-12-2024
Python Developer,Zoho,Remote,Analytics,664380,3,17-08-2025
Python Developer,Wipro,Kolkata,AI,340764,1,28-12-2025
Cloud Engineer,Wipro,Ahmedabad,DevOps,298233,1,29-07-2024
AI Engineer,Wipro,Kolkata,AI,262070,1,19-01-2024
Backend Developer,Infosys,Ahmedabad,Software Development,1161847,4,25-07-2024
Backend Developer,Zoho,Mumbai,Software Development,498494,2,27-12-2024
Software Developer,Infosys,Gurgaon,Software Development,283696,1,08-11-2024
Machine Learning Engineer,Amazon,Ahmedabad,Web Development,317786,1,23-05-2025
Business Analyst,Accenture,Noida,Cloud,445148,2,04-01-2025
Backend Developer,Infosys,Noida,Data Science,856349,3,15-11-2025
Business Analyst,Accenture,Mumbai,Software Development,599696,2,25-12-2024
Full Stack Developer,Accenture,Remote,AI,1584169,5,03-08-2024
Cloud Engineer,Amazon,Hyderabad,AI,769906,3,07-05-2025
Cloud Engineer,Tech Mahindra,Gurgaon,Software Development,835670,3,18-05-2025
Backend Developer,TCS,Remote,AI,851734,3,27-12-2024
Full Stack Developer,IBM,Bangalore,AI,1152444,4,06-09-2024
Python Developer,Microsoft,Ahmedabad,AI,684490,3,09-02-2025
DevOps Engineer,Wipro,Chennai,Software Development,575411,2,03-08-2024
Full Stack Developer,TCS,Jaipur,Software Development,1142276,4,05-05-2024
AI Engineer,Tech Mahindra,Hyderabad,Web Development,1164040,4,23-09-2024
Business Analyst,Deloitte,Gurgaon,AI,816122,3,16-03-2024
Frontend Developer,Deloitte,Remote,Data Science,529777,2,13-09-2024
Business Analyst,TCS,Hyderabad,Cloud,564019,2,27-12-2024
Software Developer,Accenture,Remote,Cloud,1089095,4,08-12-2024
Machine Learning Engineer,Tech Mahindra,Mumbai,Cloud,847075,3,03-06-2024
Python Developer,Cognizant,Remote,Cloud,593239,2,08-08-2025
AI Engineer,Microsoft,Jaipur,Software Development,1554279,5,09-12-2025
Data Scientist,TCS,Remote,Cloud,462363,2,11-06-2024
AI Engineer,Deloitte,Noida,AI,647361,3,28-06-2024
Software Developer,Capgemini,Mumbai,DevOps,355436,1,15-09-2024
AI Engineer,Oracle,Pune,Web Development,808777,3,28-01-2024
Frontend Developer,Zoho,Ahmedabad,DevOps,1145174,4,19-05-2025
Backend Developer,Wipro,Ahmedabad,Web Development,1205911,5,10-09-2024
Cloud Engineer,Google,Jaipur,Analytics,318179,1,07-07-2024
Machine Learning Engineer,Accenture,Delhi,DevOps,1211202,5,27-07-2024
Full Stack Developer,Cognizant,Gurgaon,Cloud,906732,4,17-10-2025
Software Developer,Deloitte,Jaipur,Web Development,292110,1,31-08-2024
Backend Developer,Oracle,Pune,Web Development,1006861,4,09-03-2025
DevOps Engineer,Capgemini,Hyderabad,DevOps,808740,3,01-08-2025
Data Analyst,Oracle,Jaipur,DevOps,728755,3,29-09-2024
Software Developer,TCS,Pune,Data Science,639053,3,22-04-2025
Python Developer,Zoho,Remote,Cloud,989513,4,13-05-2024
Data Scientist,IBM,Chennai,AI,550502,2,25-03-2025
Full Stack Developer,Deloitte,Hyderabad,Web Development,486895,2,22-03-2025
DevOps Engineer,Accenture,Jaipur,AI,219069,1,05-11-2024
Machine Learning Engineer,TCS,Delhi,DevOps,448692,2,17-03-2025
Business Analyst,Infosys,Delhi,Data Science,1426361,5,26-07-2025
Full Stack Developer,Wipro,Chennai,Web Development,339082,1,13-09-2025
Software Developer,Wipro,Noida,Web Development,1526231,5,25-05-2025
Cloud Engineer,Zoho,Delhi,AI,238977,1,14-03-2025
AI Engineer,TCS,Bangalore,DevOps,1047688,4,28-08-2024
Business Analyst,Google,Delhi,Web Development,1033797,4,26-12-2025
Cloud Engineer,TCS,Jaipur,Cloud,897107,3,31-01-2024
Machine Learning Engineer,Wipro,Gurgaon,DevOps,273991,1,23-03-2025
Full Stack Developer,Infosys,Chennai,Software Development,271878,1,08-07-2025
Backend Developer,Cognizant,Mumbai,DevOps,1077169,4,01-12-2025
Data Scientist,Infosys,Mumbai,Analytics,585318,2,25-01-2024
Data Scientist,Accenture,Delhi,DevOps,431369,2,26-03-2025
Software Developer,Cognizant,Chennai,DevOps,422729,2,14-09-2024
Software Developer,TCS,Hyderabad,Analytics,1068664,4,21-09-2024
Machine Learning Engineer,Oracle,Remote,DevOps,528964,2,06-09-2024
Data Scientist,Microsoft,Chennai,Cloud,1060930,4,07-10-2025
Data Scientist,Deloitte,Ahmedabad,Analytics,951265,4,08-11-2025
Machine Learning Engineer,Zoho,Noida,AI,1160494,4,11-06-2024
Backend Developer,Zoho,Pune,AI,378858,1,30-12-2024
Frontend Developer,TCS,Jaipur,Cloud,1122193,4,17-08-2024
AI Engineer,Capgemini,Delhi,Analytics,986112,4,16-07-2025
Cloud Engineer,IBM,Hyderabad,Data Science,485694,2,14-05-2024
Frontend Developer,Microsoft,Hyderabad,AI,328786,1,17-08-2024
Business Analyst,Microsoft,Delhi,Analytics,231332,1,02-12-2024
Data Scientist,Capgemini,Jaipur,Analytics,1039016,4,01-08-2024
Machine Learning Engineer,Cognizant,Hyderabad,Cloud,297120,1,27-03-2025
Frontend Developer,HCLTech,Mumbai,DevOps,1035722,4,06-05-2025
DevOps Engineer,Wipro,Hyderabad,Data Science,304530,1,04-02-2024
DevOps Engineer,Wipro,Chennai,DevOps,809768,3,23-10-2025
Full Stack Developer,Amazon,Pune,Web Development,479987,2,31-01-2025
Business Analyst,Capgemini,Bangalore,Web Development,1389738,5,07-10-2024
Frontend Developer,Accenture,Mumbai,Web Development,373531,1,27-05-2025
Software Developer,Tech Mahindra,Jaipur,DevOps,1133889,4,28-08-2025
Data Analyst,Zoho,Pune,Analytics,356958,1,03-08-2025
Cloud Engineer,TCS,Mumbai,AI,347785,1,27-07-2024
DevOps Engineer,Oracle,Gurgaon,DevOps,1328249,5,13-07-2025
Business Analyst,Wipro,Jaipur,Software Development,616238,3,23-05-2024
Data Analyst,Infosys,Gurgaon,Cloud,1427325,5,05-05-2024
Full Stack Developer,Cognizant,Bangalore,Data Science,1343232,5,13-08-2025
Business Analyst,Oracle,Ahmedabad,AI,426961,2,06-04-2024
DevOps Engineer,TCS,Ahmedabad,Analytics,236376,1,25-08-2024
Software Developer,Oracle,Kolkata,AI,465668,2,02-02-2025
AI Engineer,Deloitte,Mumbai,Cloud,374927,1,26-03-2024
Cloud Engineer,Deloitte,Hyderabad,Data Science,867279,3,26-11-2024
DevOps Engineer,HCLTech,Kolkata,Cloud,1175718,4,22-02-2024
Machine Learning Engineer,Accenture,Jaipur,AI,1061948,4,26-01-2024
Backend Developer,Capgemini,Mumbai,Data Science,284256,1,09-04-2024
Python Developer,Deloitte,Bangalore,DevOps,1111246,4,20-05-2025
AI Engineer,Google,Gurgaon,Cloud,487880,2,28-11-2024
Full Stack Developer,HCLTech,Kolkata,AI,1519602,5,13-10-2025
Software Developer,TCS,Pune,Web Development,1037995,4,01-05-2025
Software Developer,Infosys,Gurgaon,Analytics,1175364,4,27-07-2025
DevOps Engineer,Cognizant,Bangalore,Web Development,467104,2,01-08-2024
Machine Learning Engineer,TCS,Gurgaon,Web Development,1231304,5,26-08-2024
Frontend Developer,Amazon,Noida,Web Development,1587903,5,12-12-2025
Python Developer,Accenture,Pune,Analytics,200334,1,31-03-2024
DevOps Engineer,Google,Remote,Web Development,553752,2,04-06-2024
Software Developer,Oracle,Hyderabad,DevOps,1425411,5,27-05-2024
DevOps Engineer,Deloitte,Delhi,DevOps,1419515,5,29-01-2025
Cloud Engineer,Microsoft,Pune,AI,431931,2,19-03-2025
Frontend Developer,HCLTech,Remote,Analytics,678128,3,01-01-2026
Frontend Developer,Oracle,Mumbai,Data Science,1074227,4,16-06-2025
AI Engineer,Infosys,Hyderabad,Web Development,990739,4,09-06-2025
Software Developer,Amazon,Bangalore,Software Development,753795,3,30-10-2025
Machine Learning Engineer,Microsoft,Mumbai,Web Development,302644,1,31-12-2024
Full Stack Developer,Capgemini,Ahmedabad,Web Development,999629,4,19-09-2025
Data Scientist,Wipro,Pune,DevOps,964419,4,06-10-2024
Full Stack Developer,Capgemini,Ahmedabad,Software Development,502915,2,14-04-2025
Python Developer,Google,Hyderabad,Cloud,263383,1,22-04-2024
Frontend Developer,Cognizant,Remote,Data Science,268532,1,15-02-2024
Business Analyst,Oracle,Remote,Analytics,1004582,4,11-10-2025
Data Scientist,Amazon,Kolkata,Web Development,735446,3,27-10-2024
AI Engineer,Capgemini,Jaipur,DevOps,790681,3,27-02-2024
Data Analyst,Zoho,Bangalore,Cloud,554271,2,03-08-2025
DevOps Engineer,Google,Remote,Cloud,266525,1,11-06-2024
AI Engineer,Infosys,Remote,AI,1094950,4,28-05-2025
Software Developer,Tech Mahindra,Delhi,AI,1236268,5,18-05-2025
Business Analyst,IBM,Kolkata,Web Development,801871,3,18-10-2024
Cloud Engineer,Capgemini,Delhi,Software Development,1460300,5,23-03-2025
Data Analyst,Tech Mahindra,Remote,Analytics,391635,1,26-03-2025
Python Developer,Infosys,Pune,Web Development,1587367,5,08-01-2024
Data Analyst,Microsoft,Remote,DevOps,1242369,5,06-09-2025
DevOps Engineer,Infosys,Delhi,Data Science,209259,1,27-01-2024
Business Analyst,Amazon,Pune,Software Development,1447613,5,30-07-2025
Full Stack Developer,Google,Pune,Web Development,1573470,5,17-01-2024
Data Scientist,Deloitte,Ahmedabad,Web Development,764807,3,28-08-2025
Data Analyst,Tech Mahindra,Mumbai,Cloud,914627,4,30-10-2025
Cloud Engineer,Oracle,Ahmedabad,Cloud,1364518,5,08-09-2024
Full Stack Developer,Microsoft,Mumbai,Software Development,854009,3,05-04-2025
AI Engineer,Capgemini,Mumbai,Cloud,1565934,5,10-10-2025
Data Analyst,Capgemini,Remote,Cloud,270959,1,26-12-2024
Machine Learning Engineer,Oracle,Chennai,Data Science,1476271,5,10-11-2025
Machine Learning Engineer,TCS,Kolkata,AI,458470,2,17-05-2024
Data Scientist,Microsoft,Jaipur,AI,408826,2,24-02-2025
DevOps Engineer,Accenture,Bangalore,DevOps,1068671,4,14-01-2025
AI Engineer,Cognizant,Delhi,Web Development,382619,1,24-04-2025
Software Developer,Microsoft,Hyderabad,DevOps,1036031,4,12-10-2024
Cloud Engineer,Oracle,Remote,Analytics,1314109,5,19-08-2025
Data Analyst,Tech Mahindra,Mumbai,DevOps,1241683,5,16-12-2025
AI Engineer,Infosys,Pune,DevOps,293848,1,28-05-2024
AI Engineer,Accenture,Noida,Web Development,705415,3,01-10-2024
Python Developer,Cognizant,Remote,AI,989345,4,02-04-2025
Data Scientist,Oracle,Delhi,AI,610563,3,28-06-2024
Data Analyst,IBM,Mumbai,Software Development,277882,1,24-02-2025
Cloud Engineer,Capgemini,Delhi,Analytics,1197245,4,12-06-2024
Backend Developer,Cognizant,Pune,Analytics,1520036,5,11-10-2025
Data Scientist,IBM,Mumbai,Data Science,1292569,5,29-03-2025
Cloud Engineer,Cognizant,Remote,Web Development,210908,1,25-11-2024
DevOps Engineer,Cognizant,Noida,Analytics,803331,3,12-07-2025
AI Engineer,TCS,Bangalore,Web Development,237763,1,02-04-2025
Software Developer,Google,Kolkata,DevOps,1548208,5,17-06-2024
Machine Learning Engineer,TCS,Mumbai,DevOps,766374,3,18-09-2024
Data Analyst,Cognizant,Bangalore,Cloud,1457088,5,22-09-2025
DevOps Engineer,Oracle,Kolkata,Data Science,1365073,5,23-02-2024
Frontend Developer,Zoho,Kolkata,AI,780014,3,24-03-2024
Python Developer,Accenture,Noida,AI,1261924,5,14-06-2024
Backend Developer,Tech Mahindra,Ahmedabad,Analytics,310581,1,22-10-2025
Cloud Engineer,Microsoft,Jaipur,Data Science,396723,1,19-12-2024
Data Analyst,IBM,Noida,Analytics,795802,3,13-04-2024
Backend Developer,Wipro,Pune,Data Science,914600,4,28-03-2024
Full Stack Developer,IBM,Remote,Web Development,352639,1,17-03-2024
Data Scientist,Cognizant,Bangalore,Data Science,929177,4,17-07-2025
Data Scientist,Capgemini,Ahmedabad,Cloud,947783,4,19-07-2024
Data Scientist,HCLTech,Delhi,Software Development,1519773,5,25-02-2025
Cloud Engineer,Wipro,Ahmedabad,DevOps,289577,1,08-11-2024
Backend Developer,Amazon,Kolkata,Software Development,363373,1,26-04-2025
Full Stack Developer,Capgemini,Pune,DevOps,1132005,4,10-11-2025
Cloud Engineer,Capgemini,Gurgaon,Web Development,230279,1,26-04-2024
Full Stack Developer,Google,Gurgaon,Cloud,225068,1,10-03-2024
Data Analyst,IBM,Jaipur,Data Science,1055784,4,22-10-2024
Python Developer,HCLTech,Ahmedabad,Web Development,361839,1,24-12-2025
Backend Developer,Oracle,Pune,AI,278195,1,10-04-2025
Python Developer,IBM,Jaipur,Web Development,498332,2,02-10-2024
Backend Developer,Oracle,Delhi,AI,759173,3,24-04-2024
Data Analyst,HCLTech,Hyderabad,DevOps,1408326,5,31-01-2025
Machine Learning Engineer,Oracle,Noida,Analytics,352455,1,01-06-2024
Backend Developer,Tech Mahindra,Pune,Data Science,658259,3,08-01-2024
Python Developer,HCLTech,Hyderabad,Cloud,1420767,5,16-11-2025
Frontend Developer,HCLTech,Kolkata,AI,1310250,5,02-04-2024
Data Analyst,Amazon,Bangalore,Analytics,924991,4,18-09-2024
Business Analyst,Microsoft,Hyderabad,Analytics,1285507,5,21-08-2024
Full Stack Developer,Wipro,Remote,Web Development,1265348,5,08-07-2024
Business Analyst,Cognizant,Gurgaon,Data Science,202346,1,19-09-2024
Data Analyst,IBM,Pune,Cloud,590282,2,31-07-2025
Frontend Developer,Zoho,Pune,AI,783290,3,13-07-2025
Data Scientist,Infosys,Jaipur,Web Development,1194303,4,17-02-2024
Backend Developer,TCS,Pune,Analytics,503925,2,11-11-2025
Business Analyst,Oracle,Remote,Data Science,473383,2,09-05-2025
Cloud Engineer,Microsoft,Noida,Analytics,372931,1,22-09-2025
Software Developer,Infosys,Pune,DevOps,484876,2,18-10-2024
Software Developer,Microsoft,Kolkata,Data Science,1159035,4,11-08-2025
Backend Developer,Oracle,Kolkata,Cloud,1318832,5,22-08-2024
Software Developer,Cognizant,Pune,Web Development,1554750,5,22-10-2024
Frontend Developer,HCLTech,Bangalore,Software Development,1124332,4,26-05-2025
Business Analyst,Oracle,Ahmedabad,Cloud,230626,1,15-01-2024
Cloud Engineer,Oracle,Noida,Data Science,1559082,5,16-01-2024
Frontend Developer,Accenture,Remote,Analytics,254372,1,12-03-2025
Data Analyst,Zoho,Ahmedabad,DevOps,1364856,5,16-01-2024
AI Engineer,Cognizant,Mumbai,Data Science,341796,1,31-05-2025
DevOps Engineer,Google,Pune,DevOps,453869,2,22-04-2024
Backend Developer,Infosys,Bangalore,AI,355569,1,20-11-2024
Data Scientist,Amazon,Jaipur,Analytics,1159681,4,13-04-2024
AI Engineer,Wipro,Hyderabad,Cloud,1408079,5,01-09-2025
Software Developer,Amazon,Mumbai,Analytics,407218,2,28-06-2025
Python Developer,Wipro,Gurgaon,Data Science,1008154,4,17-02-2025
DevOps Engineer,Microsoft,Noida,Cloud,338767,1,10-09-2025
Machine Learning Engineer,Tech Mahindra,Remote,Cloud,1406098,5,10-06-2024
AI Engineer,Cognizant,Hyderabad,AI,1243790,5,11-11-2024
DevOps Engineer,Deloitte,Mumbai,Web Development,587190,2,26-06-2024
Data Scientist,Infosys,Pune,DevOps,443041,2,25-11-2024
Business Analyst,Accenture,Ahmedabad,Software Development,294678,1,24-02-2025
Data Scientist,Oracle,Gurgaon,Cloud,223373,1,10-06-2024
Software Developer,HCLTech,Jaipur,Data Science,315779,1,29-09-2025
AI Engineer,Google,Mumbai,Software Development,1405851,5,05-04-2024
Data Scientist,Tech Mahindra,Hyderabad,Software Development,343540,1,17-04-2025
Frontend Developer,HCLTech,Delhi,AI,540695,2,21-05-2025
Full Stack Developer,HCLTech,Kolkata,AI,205785,1,12-12-2025
AI Engineer,Google,Remote,Analytics,1112145,4,22-01-2024
DevOps Engineer,Oracle,Gurgaon,Cloud,453383,2,08-02-2024
Python Developer,Wipro,Ahmedabad,Data Science,559870,2,27-08-2024
Cloud Engineer,Infosys,Bangalore,AI,809270,3,03-02-2025
Business Analyst,Cognizant,Chennai,Cloud,977620,4,23-07-2025
AI Engineer,Deloitte,Ahmedabad,AI,253244,1,27-05-2024
DevOps Engineer,Microsoft,Ahmedabad,Software Development,1164475,4,08-01-2024
Software Developer,Wipro,Remote,Analytics,1137870,4,20-05-2024
DevOps Engineer,Infosys,Gurgaon,AI,467474,2,29-04-2024
Software Developer,Tech Mahindra,Chennai,Software Development,910647,4,13-02-2024
Python Developer,Tech Mahindra,Remote,AI,631778,3,12-11-2024
Frontend Developer,HCLTech,Jaipur,Analytics,1155532,4,04-11-2024
Backend Developer,Cognizant,Jaipur,DevOps,1505861,5,25-10-2024
Machine Learning Engineer,Deloitte,Gurgaon,Software Development,344791,1,24-12-2025
Frontend Developer,Infosys,Noida,AI,1143730,4,15-08-2025
Software Developer,Google,Delhi,Data Science,274164,1,13-01-2024
Machine Learning Engineer,Google,Jaipur,Data Science,1471490,5,25-08-2025
Data Analyst,Wipro,Pune,Web Development,502841,2,08-11-2025
AI Engineer,TCS,Pune,Cloud,742174,3,27-08-2025
Cloud Engineer,Accenture,Delhi,AI,534681,2,15-10-2025
Machine Learning Engineer,Google,Remote,Web Development,1191379,4,17-11-2024
Data Analyst,Capgemini,Hyderabad,Data Science,1249981,5,20-06-2025
Machine Learning Engineer,Zoho,Remote,Analytics,700233,3,30-08-2025
Backend Developer,Wipro,Ahmedabad,AI,565613,2,12-03-2024
Backend Developer,Microsoft,Delhi,Analytics,1336152,5,08-04-2024
AI Engineer,Google,Mumbai,Web Development,538401,2,15-10-2024
Machine Learning Engineer,Capgemini,Chennai,Cloud,928137,4,02-01-2024
DevOps Engineer,Accenture,Ahmedabad,Software Development,930399,4,20-06-2024
Data Scientist,Infosys,Pune,DevOps,371471,1,01-07-2024
Python Developer,Tech Mahindra,Hyderabad,Cloud,432230,2,02-01-2024
Software Developer,HCLTech,Noida,Data Science,909332,4,13-07-2025
Business Analyst,TCS,Chennai,DevOps,598522,2,10-01-2024
Business Analyst,TCS,Kolkata,Web Development,347216,1,02-04-2025
Business Analyst,HCLTech,Delhi,DevOps,604102,3,24-05-2024
Frontend Developer,HCLTech,Noida,Web Development,619335,3,10-10-2024
Full Stack Developer,TCS,Hyderabad,Software Development,1367279,5,09-03-2024
Full Stack Developer,Infosys,Gurgaon,AI,1284261,5,07-05-2024
Data Analyst,Capgemini,Delhi,Software Development,988586,4,05-07-2024
Software Developer,TCS,Mumbai,Data Science,1530327,5,14-10-2025
Business Analyst,Amazon,Remote,Analytics,204202,1,25-12-2024
Cloud Engineer,Amazon,Hyderabad,Software Development,724192,3,14-03-2024
Data Scientist,Cognizant,Ahmedabad,Cloud,1121119,4,17-10-2025
Data Analyst,Oracle,Mumbai,AI,1396105,5,09-01-2024
Business Analyst,HCLTech,Ahmedabad,Web Development,862389,3,02-09-2024
Full Stack Developer,Cognizant,Noida,Web Development,871910,3,12-02-2024
Machine Learning Engineer,Amazon,Remote,Analytics,975510,4,15-04-2025
Backend Developer,Google,Chennai,Web Development,956141,4,29-05-2025
Software Developer,TCS,Gurgaon,Cloud,262050,1,05-11-2025
Full Stack Developer,Microsoft,Ahmedabad,Analytics,230806,1,12-06-2025
Data Analyst,Accenture,Remote,Data Science,857487,3,02-05-2024
Cloud Engineer,TCS,Mumbai,DevOps,1041607,4,16-11-2025
AI Engineer,Google,Mumbai,DevOps,916523,4,24-03-2025
Full Stack Developer,TCS,Bangalore,Data Science,218739,1,17-08-2024
Python Developer,Cognizant,Gurgaon,Web Development,479213,2,27-04-2025
DevOps Engineer,Cognizant,Ahmedabad,AI,1274928,5,19-08-2025
Data Analyst,Zoho,Mumbai,Data Science,1176266,4,21-06-2025
Business Analyst,Zoho,Hyderabad,Cloud,1448466,5,15-02-2024
Frontend Developer,Deloitte,Hyderabad,Cloud,605922,3,30-12-2025
Software Developer,Oracle,Mumbai,Analytics,1533767,5,12-08-2025
Cloud Engineer,Wipro,Kolkata,AI,262174,1,09-02-2025
Software Developer,Zoho,Chennai,Data Science,1110159,4,09-07-2024
Backend Developer,Amazon,Pune,Software Development,286844,1,27-09-2025
Software Developer,Google,Gurgaon,Web Development,1416388,5,31-08-2025
Backend Developer,Google,Remote,AI,451675,2,14-12-2025
Backend Developer,IBM,Chennai,Web Development,465143,2,15-01-2025
Python Developer,Accenture,Remote,Data Science,342997,1,12-09-2024
Cloud Engineer,HCLTech,Bangalore,AI,674614,3,30-11-2025
Software Developer,Deloitte,Chennai,Data Science,953592,4,20-03-2025
Full Stack Developer,Capgemini,Chennai,Analytics,611271,3,22-03-2024
Business Analyst,Zoho,Noida,Cloud,273558,1,28-09-2025
Software Developer,Tech Mahindra,Chennai,Data Science,1166299,4,28-11-2025
Business Analyst,Amazon,Remote,Web Development,1324775,5,21-10-2024
Full Stack Developer,Tech Mahindra,Noida,Software Development,1031570,4,18-05-2025
Backend Developer,Cognizant,Noida,Analytics,575140,2,02-09-2025
Frontend Developer,Microsoft,Remote,AI,1350897,5,20-09-2024
Machine Learning Engineer,Infosys,Chennai,Cloud,409943,2,29-04-2025
Software Developer,IBM,Noida,AI,427269,2,17-04-2024
AI Engineer,Accenture,Ahmedabad,Data Science,846177,3,07-12-2024
Software Developer,Tech Mahindra,Mumbai,Data Science,1176381,4,04-04-2024
Data Analyst,Infosys,Bangalore,AI,1184066,4,15-03-2024
DevOps Engineer,Infosys,Delhi,AI,1023773,4,15-02-2024
Machine Learning Engineer,TCS,Remote,DevOps,504377,2,18-05-2024
Python Developer,Infosys,Ahmedabad,Analytics,288961,1,08-04-2025
Backend Developer,Deloitte,Pune,AI,1152662,4,16-02-2024
Data Scientist,Tech Mahindra,Ahmedabad,Data Science,961738,4,03-12-2024
Python Developer,IBM,Gurgaon,DevOps,303213,1,11-01-2025
Cloud Engineer,Wipro,Ahmedabad,Web Development,1407419,5,17-11-2024
AI Engineer,TCS,Kolkata,DevOps,608327,3,15-05-2025
Business Analyst,IBM,Gurgaon,Data Science,445278,2,23-05-2024
Data Scientist,Microsoft,Kolkata,Software Development,1003567,4,30-08-2025
Backend Developer,IBM,Mumbai,Web Development,1220957,5,27-12-2024
Full Stack Developer,Accenture,Pune,Web Development,894281,3,20-10-2025
Backend Developer,Capgemini,Noida,Analytics,1068252,4,19-12-2024
Cloud Engineer,TCS,Ahmedabad,Software Development,1172472,4,28-09-2024
Software Developer,Tech Mahindra,Gurgaon,AI,1271943,5,24-01-2025
Frontend Developer,Accenture,Ahmedabad,Cloud,257949,1,30-01-2025
Business Analyst,Amazon,Remote,Cloud,757157,3,08-01-2025
DevOps Engineer,Infosys,Pune,Data Science,1298988,5,15-02-2024
Data Scientist,Amazon,Noida,Analytics,933626,4,06-11-2025
Data Scientist,Accenture,Bangalore,DevOps,988686,4,11-02-2025
Software Developer,Infosys,Jaipur,Cloud,1047863,4,07-12-2024
Python Developer,Capgemini,Chennai,Web Development,262035,1,17-04-2025
Data Scientist,TCS,Remote,Cloud,380729,1,21-02-2025
Software Developer,Deloitte,Jaipur,Data Science,1038667,4,25-11-2025
Data Analyst,Cognizant,Bangalore,Software Development,681820,3,23-04-2024
Cloud Engineer,HCLTech,Jaipur,DevOps,538077,2,20-03-2024
Business Analyst,Capgemini,Kolkata,Data Science,444731,2,22-07-2024
Data Scientist,Google,Bangalore,Cloud,233529,1,22-03-2025
Cloud Engineer,Oracle,Bangalore,Software Development,736727,3,14-04-2024
Software Developer,Google,Pune,Software Development,1039584,4,28-06-2025
Cloud Engineer,TCS,Bangalore,Web Development,614113,3,01-01-2024
Full Stack Developer,Capgemini,Gurgaon,Web Development,1529445,5,13-09-2025
Backend Developer,Deloitte,Mumbai,Software Development,918428,4,30-05-2024
DevOps Engineer,IBM,Pune,DevOps,1252917,5,24-08-2024
Software Developer,Wipro,Bangalore,DevOps,1272013,5,22-08-2025
Backend Developer,Accenture,Delhi,Web Development,1219005,5,26-01-2025
Data Scientist,Capgemini,Kolkata,AI,873299,3,17-02-2025
Data Scientist,Tech Mahindra,Noida,Cloud,238650,1,04-09-2024
Data Analyst,Deloitte,Remote,Cloud,705646,3,10-10-2025
Data Scientist,HCLTech,Ahmedabad,Web Development,841991,3,07-02-2024
Data Scientist,Cognizant,Noida,Analytics,358248,1,22-11-2025
Cloud Engineer,TCS,Mumbai,DevOps,362466,1,30-05-2024
Frontend Developer,TCS,Gurgaon,Cloud,344461,1,18-12-2024
Business Analyst,Infosys,Noida,Software Development,796889,3,06-01-2025
Data Scientist,HCLTech,Delhi,Web Development,614415,3,25-09-2024
Full Stack Developer,Tech Mahindra,Hyderabad,Web Development,1441207,5,19-06-2024
DevOps Engineer,Zoho,Noida,Data Science,1468643,5,17-04-2025
Cloud Engineer,Capgemini,Hyderabad,DevOps,1507006,5,27-01-2025
Full Stack Developer,Oracle,Noida,DevOps,1520140,5,16-11-2025
Business Analyst,Zoho,Remote,DevOps,827256,3,21-11-2024
Backend Developer,Capgemini,Hyderabad,DevOps,1568231,5,18-06-2024
Software Developer,Cognizant,Gurgaon,Data Science,647814,3,11-11-2024
Business Analyst,Deloitte,Ahmedabad,Data Science,341205,1,02-01-2024
DevOps Engineer,Capgemini,Hyderabad,Analytics,591052,2,29-12-2025
Software Developer,IBM,Hyderabad,Web Development,252422,1,19-03-2024
DevOps Engineer,Capgemini,Noida,Web Development,408506,2,12-03-2024
Business Analyst,Microsoft,Gurgaon,AI,1357694,5,04-11-2025
Full Stack Developer,TCS,Bangalore,DevOps,868383,3,21-08-2024
Python Developer,TCS,Remote,Software Development,624621,3,18-09-2024
Full Stack Developer,Cognizant,Kolkata,Software Development,407253,2,07-08-2025
Python Developer,Google,Pune,DevOps,1442427,5,05-10-2025
Full Stack Developer,Wipro,Noida,DevOps,826081,3,31-12-2024
Software Developer,Accenture,Bangalore,DevOps,498538,2,03-05-2025
Frontend Developer,IBM,Kolkata,Software Development,902979,4,21-04-2024
DevOps Engineer,Deloitte,Pune,AI,385270,1,29-04-2025
DevOps Engineer,Microsoft,Jaipur,Software Development,1094088,4,24-01-2024
Cloud Engineer,HCLTech,Kolkata,Web Development,294602,1,07-09-2024
DevOps Engineer,IBM,Bangalore,AI,473060,2,24-02-2025
Cloud Engineer,TCS,Pune,AI,339169,1,31-10-2025
Full Stack Developer,Zoho,Delhi,Web Development,465886,2,03-06-2025
Python Developer,Accenture,Bangalore,AI,299751,1,31-12-2025
Full Stack Developer,IBM,Kolkata,DevOps,911324,4,05-09-2024
Machine Learning Engineer,Accenture,Gurgaon,Analytics,925396,4,09-10-2024
Python Developer,HCLTech,Kolkata,Cloud,842518,3,28-09-2025
Data Analyst,Google,Ahmedabad,Analytics,943722,4,28-01-2024
Cloud Engineer,Deloitte,Kolkata,DevOps,260548,1,12-10-2024
AI Engineer,TCS,Gurgaon,Software Development,333433,1,27-02-2025
Full Stack Developer,Google,Hyderabad,DevOps,230127,1,23-04-2025
Data Analyst,Zoho,Jaipur,AI,445092,2,20-02-2024
DevOps Engineer,Accenture,Noida,Data Science,898986,3,24-07-2024
Software Developer,Zoho,Delhi,Cloud,335764,1,19-01-2025
Data Analyst,Zoho,Chennai,Web Development,1273939,5,12-01-2024
Backend Developer,Infosys,Delhi,Analytics,372709,1,03-09-2025
Backend Developer,Wipro,Hyderabad,Web Development,565570,2,13-06-2025
Data Scientist,Infosys,Kolkata,Analytics,418599,2,28-12-2024
Full Stack Developer,Capgemini,Delhi,Software Development,1263763,5,06-05-2024
Machine Learning Engineer,Google,Hyderabad,DevOps,753113,3,18-05-2025
Python Developer,Google,Ahmedabad,Analytics,1575214,5,29-07-2024
Data Scientist,Tech Mahindra,Bangalore,Analytics,874516,3,23-01-2024
Business Analyst,Deloitte,Gurgaon,Software Development,1244265,5,12-08-2024
Data Analyst,Accenture,Ahmedabad,DevOps,363616,1,13-03-2025
Data Scientist,Amazon,Kolkata,Data Science,250137,1,25-01-2025
Business Analyst,IBM,Mumbai,Web Development,1451897,5,24-03-2025
DevOps Engineer,Accenture,Kolkata,AI,1511163,5,03-02-2024
Business Analyst,HCLTech,Jaipur,DevOps,476807,2,30-06-2025
Data Scientist,Zoho,Kolkata,AI,335782,1,21-04-2024
Data Scientist,Wipro,Mumbai,Software Development,284212,1,21-10-2025
Data Analyst,TCS,Ahmedabad,AI,1137926,4,18-06-2025
Data Analyst,Infosys,Chennai,AI,299245,1,11-04-2025
Backend Developer,Infosys,Noida,Web Development,382073,1,19-10-2024
Data Analyst,Tech Mahindra,Noida,Cloud,510452,2,29-05-2024
Business Analyst,Oracle,Hyderabad,DevOps,1214726,5,27-10-2024
Machine Learning Engineer,HCLTech,Delhi,Web Development,667683,3,12-06-2025
DevOps Engineer,Zoho,Hyderabad,Web Development,1546068,5,19-04-2024
Full Stack Developer,Wipro,Gurgaon,Web Development,1065295,4,11-07-2024
Backend Developer,Tech Mahindra,Pune,Software Development,327096,1,15-05-2024
DevOps Engineer,Cognizant,Gurgaon,Software Development,1473649,5,24-08-2025
Business Analyst,Tech Mahindra,Bangalore,Cloud,1382412,5,29-06-2024
Software Developer,Infosys,Jaipur,Analytics,337164,1,31-05-2025
Data Analyst,HCLTech,Remote,Analytics,1576571,5,15-11-2024
Data Analyst,Deloitte,Bangalore,Software Development,1475996,5,18-10-2025
Full Stack Developer,Infosys,Ahmedabad,Analytics,1328195,5,15-03-2024
Business Analyst,Microsoft,Gurgaon,DevOps,772361,3,24-08-2024
Full Stack Developer,TCS,Pune,Web Development,1190275,4,10-05-2024
Software Developer,Wipro,Remote,Software Development,595069,2,19-12-2025
Business Analyst,IBM,Mumbai,Data Science,1452181,5,01-12-2024
Software Developer,IBM,Pune,Web Development,1096494,4,22-03-2025
Data Analyst,Accenture,Mumbai,DevOps,1093576,4,07-04-2024
Backend Developer,HCLTech,Noida,Web Development,478742,2,08-10-2025
Data Analyst,Capgemini,Ahmedabad,AI,662624,3,14-11-2024
Python Developer,Microsoft,Mumbai,AI,521412,2,03-02-2025
Software Developer,IBM,Chennai,DevOps,1243676,5,19-12-2024
Full Stack Developer,Capgemini,Pune,Data Science,775594,3,15-11-2024
DevOps Engineer,Oracle,Hyderabad,DevOps,1317121,5,15-12-2025
Frontend Developer,Google,Noida,Software Development,444214,2,22-03-2025
Software Developer,Accenture,Pune,Analytics,1138169,4,02-10-2025
Business Analyst,Oracle,Delhi,Analytics,1453469,5,22-11-2024
Full Stack Developer,TCS,Delhi,Software Development,1312224,5,16-04-2024
Cloud Engineer,Google,Chennai,DevOps,338821,1,19-09-2025
Data Analyst,Tech Mahindra,Remote,DevOps,919802,4,06-05-2024
Business Analyst,Wipro,Chennai,Software Development,1474607,5,16-04-2025
AI Engineer,HCLTech,Noida,Web Development,581946,2,22-03-2024
Frontend Developer,Oracle,Ahmedabad,Data Science,206793,1,08-10-2024
Software Developer,Microsoft,Bangalore,Analytics,251816,1,03-08-2024
DevOps Engineer,HCLTech,Pune,AI,326169,1,22-01-2025
Python Developer,IBM,Delhi,Web Development,996097,4,01-10-2025
Cloud Engineer,Accenture,Bangalore,Data Science,220600,1,14-04-2024
Cloud Engineer,Deloitte,Ahmedabad,Software Development,1333123,5,16-06-2025
Backend Developer,Infosys,Delhi,Web Development,690305,3,20-11-2024
Full Stack Developer,Capgemini,Ahmedabad,Cloud,229742,1,05-10-2025
Machine Learning Engineer,Wipro,Bangalore,Data Science,527880,2,06-09-2024
Software Developer,Oracle,Delhi,Data Science,280721,1,30-08-2024
Frontend Developer,Cognizant,Delhi,Analytics,317336,1,21-04-2025
Data Scientist,Infosys,Hyderabad,AI,703221,3,16-12-2024
Python Developer,Infosys,Kolkata,AI,1440562,5,17-12-2024
Data Scientist,Cognizant,Gurgaon,Data Science,381928,1,03-07-2024
Frontend Developer,Tech Mahindra,Kolkata,AI,967479,4,17-12-2025
Frontend Developer,Accenture,Pune,Web Development,1153889,4,21-02-2025
Data Scientist,Accenture,Kolkata,Web Development,1049689,4,21-05-2024
Business Analyst,Capgemini,Delhi,Web Development,675505,3,01-03-2024
AI Engineer,Infosys,Noida,AI,916020,4,05-05-2025
Business Analyst,Cognizant,Mumbai,Web Development,593865,2,05-02-2025
Machine Learning Engineer,TCS,Jaipur,Analytics,304225,1,14-09-2024
Full Stack Developer,Amazon,Hyderabad,Software Development,1476589,5,08-08-2024
Data Analyst,Oracle,Jaipur,Data Science,1015622,4,06-06-2025
Business Analyst,Infosys,Chennai,Web Development,520022,2,15-01-2024
Cloud Engineer,IBM,Ahmedabad,Cloud,1138493,4,20-02-2025
Python Developer,Microsoft,Noida,Software Development,1305848,5,20-12-2025
Backend Developer,Tech Mahindra,Chennai,Web Development,1093846,4,05-05-2025
Data Analyst,Oracle,Pune,Analytics,1266974,5,16-04-2024
DevOps Engineer,Infosys,Bangalore,AI,460154,2,22-05-2024
Frontend Developer,TCS,Pune,Cloud,1343755,5,28-08-2025
Frontend Developer,Oracle,Noida,Cloud,1083401,4,01-09-2024
Backend Developer,Cognizant,Jaipur,AI,1597443,5,12-10-2025
Full Stack Developer,Infosys,Remote,AI,238531,1,09-09-2025
Data Scientist,Accenture,Jaipur,Analytics,916440,4,30-01-2024
DevOps Engineer,Deloitte,Ahmedabad,Web Development,449628,2,17-04-2025
Business Analyst,Tech Mahindra,Hyderabad,Cloud,798014,3,11-11-2024
Frontend Developer,TCS,Gurgaon,DevOps,1509783,5,21-10-2025
Data Analyst,Google,Ahmedabad,AI,859317,3,24-07-2024
Software Developer,Amazon,Noida,DevOps,1048862,4,24-01-2024
Frontend Developer,Accenture,Pune,Software Development,366216,1,25-12-2024
Cloud Engineer,Deloitte,Hyderabad,Software Development,822886,3,27-01-2025
Frontend Developer,Cognizant,Mumbai,Web Development,1336208,5,13-03-2024
Software Developer,Zoho,Mumbai,AI,289700,1,02-01-2025
Frontend Developer,Oracle,Delhi,Data Science,638676,3,27-01-2024
Backend Developer,Zoho,Remote,Analytics,468229,2,17-04-2025
Business Analyst,Microsoft,Delhi,Web Development,1145478,4,16-01-2024
Frontend Developer,Wipro,Remote,Software Development,1005169,4,24-02-2025
Python Developer,Infosys,Chennai,AI,602782,3,27-12-2025
Backend Developer,Capgemini,Bangalore,Data Science,357953,1,26-07-2025
Cloud Engineer,Google,Ahmedabad,Web Development,1537773,5,18-10-2024
Frontend Developer,Zoho,Chennai,Web Development,977528,4,20-04-2024
Frontend Developer,Wipro,Hyderabad,Software Development,229898,1,07-05-2025
Frontend Developer,Amazon,Jaipur,Software Development,1059403,4,19-06-2024
Frontend Developer,Wipro,Jaipur,Web Development,1167110,4,26-05-2025
Business Analyst,IBM,Bangalore,Analytics,1523949,5,21-09-2024
Data Analyst,Infosys,Chennai,Data Science,606816,3,30-04-2025
Machine Learning Engineer,Infosys,Gurgaon,AI,617546,3,14-02-2024
Business Analyst,Cognizant,Remote,Cloud,805593,3,16-10-2024
Business Analyst,HCLTech,Remote,AI,435471,2,16-04-2024
AI Engineer,Oracle,Bangalore,AI,295478,1,11-10-2025
Software Developer,Deloitte,Jaipur,AI,246193,1,14-03-2025
Python Developer,Cognizant,Bangalore,Web Development,302535,1,27-12-2024
Data Analyst,Zoho,Bangalore,Web Development,892294,3,10-06-2024
AI Engineer,Amazon,Delhi,Analytics,963780,4,05-08-2024
Backend Developer,Microsoft,Gurgaon,Cloud,655936,3,24-03-2024
AI Engineer,Amazon,Delhi,Analytics,1115700,4,07-12-2024
Cloud Engineer,Oracle,Bangalore,Analytics,490216,2,07-03-2024
Cloud Engineer,Deloitte,Mumbai,DevOps,856640,3,28-01-2024
Full Stack Developer,Amazon,Hyderabad,Software Development,562239,2,05-04-2024
Software Developer,Zoho,Ahmedabad,Analytics,958020,4,10-09-2024
Cloud Engineer,Oracle,Chennai,DevOps,314189,1,27-10-2025
Software Developer,Microsoft,Bangalore,Software Development,248130,1,26-08-2024
DevOps Engineer,Zoho,Kolkata,Analytics,217216,1,06-11-2025
Data Analyst,Zoho,Hyderabad,AI,1394968,5,08-02-2024
Data Analyst,Infosys,Delhi,Cloud,768094,3,11-09-2025
Software Developer,IBM,Ahmedabad,Software Development,1216285,5,23-01-2024
Machine Learning Engineer,Accenture,Bangalore,Data Science,430845,2,20-03-2025
Business Analyst,Google,Gurgaon,Data Science,637243,3,16-05-2025
Data Analyst,Accenture,Bangalore,Data Science,690934,3,30-06-2024
Business Analyst,Capgemini,Remote,DevOps,348783,1,14-04-2025
Full Stack Developer,TCS,Noida,Analytics,1382355,5,28-05-2025
Machine Learning Engineer,Amazon,Jaipur,Web Development,270152,1,08-08-2024
Backend Developer,IBM,Kolkata,Cloud,662844,3,03-06-2024
Python Developer,HCLTech,Delhi,Data Science,389455,1,14-11-2025
Software Developer,HCLTech,Ahmedabad,Web Development,377671,1,14-01-2025
Data Scientist,TCS,Delhi,Software Development,1272027,5,15-11-2025
Backend Developer,Amazon,Gurgaon,Data Science,1215932,5,22-10-2024
Frontend Developer,Amazon,Bangalore,Web Development,1511561,5,03-08-2024
Business Analyst,IBM,Hyderabad,Web Development,226804,1,03-07-2025
Business Analyst,TCS,Gurgaon,Analytics,795025,3,17-03-2024
Software Developer,Wipro,Hyderabad,Cloud,1081774,4,10-11-2024
Machine Learning Engineer,Wipro,Mumbai,Cloud,695172,3,19-01-2024
Data Scientist,HCLTech,Kolkata,Web Development,362895,1,13-07-2024
Machine Learning Engineer,Tech Mahindra,Chennai,DevOps,781288,3,13-01-2025
Frontend Developer,Cognizant,Pune,Web Development,1010294,4,21-08-2024
Frontend Developer,Capgemini,Pune,Data Science,238894,1,11-01-2024
Data Scientist,Amazon,Remote,Analytics,254884,1,13-05-2024
Machine Learning Engineer,TCS,Gurgaon,Web Development,766499,3,28-10-2024
Business Analyst,Cognizant,Jaipur,Cloud,371098,1,30-12-2024
AI Engineer,Wipro,Ahmedabad,AI,1523159,5,02-06-2025
Full Stack Developer,Zoho,Hyderabad,Cloud,1267581,5,15-11-2025
Business Analyst,IBM,Noida,Cloud,1594247,5,03-12-2024
Frontend Developer,Deloitte,Delhi,Data Science,1054914,4,05-08-2025
Business Analyst,Zoho,Gurgaon,Web Development,1398087,5,15-02-2024
Frontend Developer,TCS,Hyderabad,Cloud,416995,2,08-09-2024
Full Stack Developer,Cognizant,Hyderabad,Data Science,647299,3,02-11-2025
Software Developer,Accenture,Bangalore,Software Development,1000027,4,18-11-2025
Cloud Engineer,Google,Pune,DevOps,727587,3,27-02-2024
Data Scientist,Accenture,Chennai,Web Development,1390449,5,02-11-2025
Cloud Engineer,HCLTech,Remote,Software Development,1483565,5,28-02-2024
Software Developer,Capgemini,Delhi,Analytics,303232,1,28-01-2024
Machine Learning Engineer,Zoho,Mumbai,Cloud,1028479,4,04-04-2024
DevOps Engineer,Zoho,Chennai,DevOps,334050,1,08-04-2024
DevOps Engineer,Cognizant,Gurgaon,AI,767397,3,15-05-2024
Data Analyst,Wipro,Bangalore,DevOps,854963,3,26-01-2024
Business Analyst,Tech Mahindra,Gurgaon,Web Development,739140,3,20-06-2025
Frontend Developer,Capgemini,Pune,Web Development,505335,2,19-01-2024
Machine Learning Engineer,Wipro,Gurgaon,DevOps,499196,2,01-04-2024
AI Engineer,Accenture,Pune,Analytics,290612,1,01-10-2025
Software Developer,Google,Noida,Data Science,317943,1,06-08-2024
Python Developer,Microsoft,Chennai,DevOps,274606,1,06-01-2024
Data Scientist,Cognizant,Delhi,Web Development,1474096,5,26-04-2024
Software Developer,Deloitte,Delhi,Web Development,1158670,4,02-08-2024
Full Stack Developer,HCLTech,Remote,Cloud,493566,2,13-03-2024
Frontend Developer,HCLTech,Mumbai,DevOps,523294,2,14-02-2025
Full Stack Developer,Microsoft,Gurgaon,Cloud,887869,3,10-04-2025
Backend Developer,IBM,Gurgaon,DevOps,1025246,4,26-07-2025
Full Stack Developer,Zoho,Remote,Cloud,1194664,4,21-08-2024
Python Developer,Wipro,Noida,Web Development,1184391,4,20-04-2025
Cloud Engineer,HCLTech,Hyderabad,Data Science,1526471,5,17-10-2024
Python Developer,Tech Mahindra,Noida,DevOps,667387,3,13-06-2024
Business Analyst,Tech Mahindra,Remote,Web Development,441250,2,24-01-2025
Software Developer,Microsoft,Pune,Analytics,734938,3,30-10-2025
Cloud Engineer,Microsoft,Chennai,AI,761868,3,18-08-2024
Data Analyst,Oracle,Pune,Web Development,969767,4,08-02-2024
DevOps Engineer,Capgemini,Chennai,AI,805294,3,11-04-2025
DevOps Engineer,Google,Hyderabad,Web Development,587531,2,18-10-2025
Backend Developer,Amazon,Hyderabad,Cloud,475155,2,05-03-2025
DevOps Engineer,Cognizant,Mumbai,AI,313304,1,06-09-2025
Machine Learning Engineer,Zoho,Jaipur,Cloud,1206341,5,27-04-2025
Frontend Developer,Cognizant,Pune,Web Development,202552,1,03-05-2024
Full Stack Developer,Oracle,Jaipur,DevOps,736056,3,10-11-2024
Python Developer,Cognizant,Gurgaon,Web Development,1576850,5,12-08-2025
Software Developer,Amazon,Remote,Cloud,810470,3,01-12-2024
Data Analyst,Cognizant,Ahmedabad,Software Development,437158,2,06-10-2025
Backend Developer,HCLTech,Hyderabad,Cloud,409059,2,21-10-2025
Cloud Engineer,Cognizant,Remote,DevOps,747441,3,05-02-2024
Backend Developer,Capgemini,Chennai,AI,1373903,5,07-11-2025
DevOps Engineer,Microsoft,Mumbai,Web Development,1101107,4,19-10-2024
Machine Learning Engineer,Accenture,Hyderabad,DevOps,852153,3,14-02-2025
Data Analyst,Wipro,Delhi,AI,611195,3,15-10-2024
AI Engineer,Zoho,Chennai,Software Development,298927,1,31-03-2025
Data Scientist,Oracle,Chennai,DevOps,397648,1,01-02-2024
Cloud Engineer,Amazon,Bangalore,DevOps,1362974,5,27-10-2024
Backend Developer,Zoho,Delhi,AI,1283326,5,03-12-2024
Backend Developer,IBM,Bangalore,Software Development,1176309,4,04-08-2024
Backend Developer,Oracle,Gurgaon,Software Development,1208084,5,27-04-2025
AI Engineer,Accenture,Jaipur,Data Science,332042,1,17-01-2025
Business Analyst,Google,Pune,Analytics,250813,1,05-09-2025
Machine Learning Engineer,Accenture,Hyderabad,Cloud,1106676,4,21-05-2025
Data Scientist,Accenture,Mumbai,Data Science,369020,1,19-02-2025
Machine Learning Engineer,Wipro,Jaipur,Data Science,1192506,4,23-03-2025
Machine Learning Engineer,Google,Delhi,Analytics,712384,3,04-09-2024
Frontend Developer,Oracle,Bangalore,DevOps,1213608,5,28-02-2025
Data Scientist,Wipro,Ahmedabad,Analytics,1120238,4,10-08-2024
Cloud Engineer,Infosys,Chennai,DevOps,760890,3,10-08-2025
Cloud Engineer,Cognizant,Ahmedabad,Cloud,471654,2,07-11-2025
Business Analyst,TCS,Delhi,Data Science,1103500,4,07-05-2025
Data Scientist,Deloitte,Jaipur,Cloud,602257,3,27-01-2025
Cloud Engineer,Microsoft,Remote,Analytics,1112785,4,08-03-2024
Python Developer,Zoho,Remote,Software Development,254460,1,21-02-2024
Business Analyst,Google,Kolkata,Software Development,1319070,5,11-12-2025
Data Scientist,Google,Hyderabad,Web Development,1577106,5,29-07-2024
Python Developer,Google,Remote,DevOps,1050950,4,07-04-2025
Full Stack Developer,Amazon,Delhi,Analytics,1143950,4,09-06-2025
Data Analyst,Accenture,Noida,Software Development,862364,3,01-04-2025
Data Scientist,Google,Kolkata,Software Development,1300800,5,14-05-2024
Data Analyst,Tech Mahindra,Chennai,Analytics,313077,1,30-07-2024
Data Scientist,Microsoft,Delhi,Software Development,264509,1,24-12-2025
Software Developer,Oracle,Pune,Analytics,1076802,4,02-08-2025
Data Analyst,IBM,Gurgaon,Analytics,266132,1,20-04-2025
Cloud Engineer,IBM,Remote,Web Development,939251,4,01-01-2026
AI Engineer,IBM,Gurgaon,Data Science,682917,3,14-06-2024
DevOps Engineer,TCS,Bangalore,Analytics,1389880,5,22-10-2025
Frontend Developer,Wipro,Ahmedabad,AI,296225,1,07-11-2025
Python Developer,Cognizant,Chennai,Data Science,881095,3,19-04-2024
Cloud Engineer,Accenture,Mumbai,Analytics,378983,1,01-01-2026
Frontend Developer,Accenture,Chennai,Analytics,1562590,5,30-12-2024
Machine Learning Engineer,Google,Noida,Software Development,1318362,5,29-03-2025
Cloud Engineer,HCLTech,Remote,AI,1026041,4,04-02-2024
Frontend Developer,Zoho,Bangalore,Web Development,1194094,4,09-01-2025
Business Analyst,Microsoft,Ahmedabad,Analytics,514815,2,16-10-2025
DevOps Engineer,Tech Mahindra,Jaipur,Software Development,892085,3,02-09-2025
Data Analyst,HCLTech,Gurgaon,Data Science,1191594,4,30-12-2024
Data Analyst,Accenture,Delhi,Cloud,782771,3,12-07-2024
Data Scientist,IBM,Jaipur,Analytics,414055,2,21-03-2025
Data Analyst,Zoho,Chennai,Analytics,994139,4,10-06-2024
AI Engineer,Zoho,Ahmedabad,Analytics,890342,3,09-02-2025
Business Analyst,Deloitte,Bangalore,Analytics,1191783,4,01-12-2024
Backend Developer,Google,Hyderabad,Cloud,283448,1,24-01-2024
Software Developer,Wipro,Bangalore,Data Science,1310060,5,08-07-2025
Backend Developer,Amazon,Hyderabad,DevOps,815553,3,18-09-2025
Data Analyst,Deloitte,Mumbai,Web Development,1370372,5,06-06-2025
Cloud Engineer,HCLTech,Mumbai,Web Development,1144735,4,01-05-2024
Python Developer,Cognizant,Remote,Web Development,1177071,4,20-03-2024
Software Developer,Oracle,Pune,Software Development,361049,1,15-07-2024
Data Scientist,HCLTech,Remote,Cloud,1150337,4,25-03-2024
Python Developer,Infosys,Chennai,DevOps,1195725,4,28-06-2025
Software Developer,Amazon,Chennai,DevOps,820757,3,02-06-2024
Cloud Engineer,Capgemini,Kolkata,Software Development,544717,2,23-08-2024
Machine Learning Engineer,Oracle,Delhi,Software Development,889878,3,15-03-2025
AI Engineer,Accenture,Hyderabad,Cloud,1228320,5,02-03-2024
AI Engineer,Google,Kolkata,Web Development,651410,3,21-09-2024
Data Analyst,IBM,Mumbai,DevOps,1240062,5,10-11-2024
AI Engineer,TCS,Ahmedabad,Web Development,676898,3,29-12-2025
Frontend Developer,Amazon,Chennai,Cloud,1279554,5,09-06-2025
Python Developer,Accenture,Remote,Software Development,828429,3,03-09-2025
DevOps Engineer,Tech Mahindra,Noida,Data Science,1327548,5,11-06-2025
Cloud Engineer,Google,Noida,Cloud,1354276,5,18-03-2024
Cloud Engineer,Zoho,Remote,Software Development,302383,1,31-10-2024
Full Stack Developer,Zoho,Pune,AI,773772,3,23-04-2024
Full Stack Developer,Zoho,Kolkata,DevOps,956891,4,01-09-2025
Python Developer,Deloitte,Pune,Software Development,543624,2,29-06-2024
Frontend Developer,Zoho,Kolkata,Cloud,791511,3,08-11-2025
Software Developer,Accenture,Gurgaon,Analytics,992470,4,24-02-2024
Data Scientist,Cognizant,Pune,Software Development,1416286,5,11-09-2025
Software Developer,Infosys,Delhi,Web Development,280066,1,13-07-2024
Full Stack Developer,Accenture,Jaipur,Cloud,504160,2,22-05-2024
DevOps Engineer,Cognizant,Kolkata,Software Development,467248,2,06-12-2024
Data Scientist,Amazon,Bangalore,Analytics,759600,3,13-11-2024
Machine Learning Engineer,TCS,Noida,Data Science,375093,1,13-09-2025
Machine Learning Engineer,Accenture,Ahmedabad,DevOps,1479226,5,01-04-2025
Data Scientist,Infosys,Mumbai,Software Development,680317,3,02-06-2024
AI Engineer,Amazon,Jaipur,Cloud,1144554,4,21-06-2025
Python Developer,IBM,Gurgaon,Web Development,292807,1,23-10-2024
Python Developer,Deloitte,Pune,Web Development,1338329,5,01-07-2024
Python Developer,Infosys,Hyderabad,DevOps,798715,3,27-09-2024
Business Analyst,Amazon,Jaipur,Data Science,359166,1,10-08-2025
AI Engineer,Deloitte,Pune,AI,244253,1,07-10-2024
DevOps Engineer,Tech Mahindra,Pune,Web Development,458004,2,04-07-2025
Data Scientist,Oracle,Gurgaon,Analytics,1142009,4,27-12-2025
Software Developer,Infosys,Jaipur,Data Science,632929,3,09-11-2024
Data Scientist,Infosys,Noida,Cloud,1088561,4,07-12-2025
AI Engineer,Microsoft,Delhi,Data Science,440919,2,26-03-2025
Data Analyst,Deloitte,Jaipur,Data Science,657640,3,21-11-2024
Full Stack Developer,Cognizant,Pune,DevOps,1149691,4,06-03-2025
Python Developer,IBM,Chennai,Software Development,486427,2,26-06-2024
Machine Learning Engineer,Google,Remote,Analytics,1108239,4,29-12-2025
Backend Developer,IBM,Bangalore,Data Science,632146,3,16-01-2024
Data Analyst,Amazon,Gurgaon,DevOps,871959,3,17-07-2024
Machine Learning Engineer,Microsoft,Jaipur,AI,1477476,5,28-05-2025
Cloud Engineer,IBM,Pune,AI,619656,3,12-10-2025
Data Scientist,Capgemini,Hyderabad,Data Science,1117417,4,05-07-2024
Business Analyst,Oracle,Delhi,Cloud,873433,3,27-06-2025
Business Analyst,Accenture,Mumbai,DevOps,400561,2,27-01-2025
Data Scientist,Infosys,Pune,Cloud,830839,3,21-10-2024
Backend Developer,Deloitte,Mumbai,DevOps,1288114,5,17-11-2024
Backend Developer,IBM,Ahmedabad,Analytics,225225,1,16-11-2024
Software Developer,Microsoft,Pune,Software Development,808315,3,11-08-2025
DevOps Engineer,Accenture,Bangalore,DevOps,818199,3,22-06-2024
AI Engineer,Deloitte,Ahmedabad,DevOps,1162715,4,07-12-2025
Data Scientist,Google,Chennai,Web Development,539309,2,24-02-2024
Machine Learning Engineer,HCLTech,Noida,AI,274369,1,30-03-2024
Software Developer,HCLTech,Kolkata,AI,387044,1,30-09-2025
Cloud Engineer,Microsoft,Ahmedabad,AI,1068680,4,07-08-2025
AI Engineer,Wipro,Noida,Software Development,892191,3,06-10-2025
DevOps Engineer,Tech Mahindra,Remote,Software Development,1424108,5,28-04-2024
Python Developer,Oracle,Gurgaon,Cloud,244909,1,07-01-2024
Data Analyst,Cognizant,Noida,DevOps,593948,2,21-05-2025
Python Developer,Cognizant,Remote,Cloud,1081574,4,05-09-2025
Full Stack Developer,Google,Noida,Analytics,442974,2,12-06-2024
AI Engineer,Wipro,Ahmedabad,Analytics,1585706,5,21-10-2025
Data Scientist,IBM,Hyderabad,Cloud,565762,2,25-12-2024
Software Developer,TCS,Hyderabad,Cloud,1528492,5,19-07-2025
AI Engineer,Capgemini,Chennai,Analytics,304702,1,21-10-2024
Data Analyst,Accenture,Bangalore,Cloud,561534,2,18-10-2024
Data Scientist,Amazon,Gurgaon,AI,256876,1,08-07-2024
Data Scientist,Amazon,Gurgaon,Web Development,347275,1,14-08-2025
Backend Developer,Cognizant,Delhi,Software Development,1074210,4,14-11-2024
Data Scientist,Accenture,Kolkata,Web Development,1547233,5,25-04-2025
Machine Learning Engineer,IBM,Bangalore,Data Science,631354,3,08-07-2024
Full Stack Developer,Wipro,Kolkata,AI,537034,2,20-11-2025
DevOps Engineer,Deloitte,Mumbai,DevOps,497755,2,12-12-2024
Software Developer,Wipro,Jaipur,Data Science,680717,3,19-03-2025
Full Stack Developer,HCLTech,Pune,Analytics,1579802,5,10-08-2025
DevOps Engineer,IBM,Ahmedabad,Web Development,448090,2,28-10-2025
Backend Developer,Microsoft,Mumbai,Cloud,1162320,4,09-04-2024
DevOps Engineer,HCLTech,Chennai,DevOps,1127670,4,27-05-2025
Full Stack Developer,Infosys,Mumbai,Cloud,771417,3,17-03-2024
Machine Learning Engineer,Tech Mahindra,Bangalore,Web Development,744662,3,12-07-2025
Cloud Engineer,Cognizant,Ahmedabad,DevOps,730844,3,26-08-2025
Backend Developer,Deloitte,Mumbai,Analytics,258135,1,20-05-2024
Backend Developer,Cognizant,Ahmedabad,Data Science,227324,1,04-05-2025
DevOps Engineer,Accenture,Kolkata,Cloud,1007425,4,02-08-2024
Python Developer,Microsoft,Delhi,AI,1551590,5,12-11-2025
Business Analyst,Microsoft,Bangalore,Analytics,1066891,4,20-11-2024
DevOps Engineer,Infosys,Remote,Data Science,406299,2,01-07-2025
Business Analyst,Wipro,Gurgaon,Cloud,860705,3,21-10-2024
Frontend Developer,TCS,Mumbai,Software Development,661934,3,10-03-2024
Backend Developer,Capgemini,Noida,Analytics,1214186,5,07-09-2024
Python Developer,Google,Mumbai,Software Development,220489,1,06-02-2025
DevOps Engineer,Accenture,Bangalore,DevOps,469763,2,02-06-2025
AI Engineer,Cognizant,Ahmedabad,Analytics,866621,3,08-03-2024
Business Analyst,Wipro,Noida,Data Science,1558703,5,23-04-2025
AI Engineer,Tech Mahindra,Hyderabad,DevOps,536147,2,30-11-2024
DevOps Engineer,Accenture,Bangalore,Software Development,534795,2,13-04-2025
Cloud Engineer,Accenture,Bangalore,Data Science,240874,1,30-07-2024
Machine Learning Engineer,Amazon,Remote,Cloud,369451,1,15-02-2024
Backend Developer,Microsoft,Hyderabad,Data Science,356601,1,20-06-2025
Software Developer,Tech Mahindra,Mumbai,AI,1476487,5,05-09-2025
Python Developer,Deloitte,Ahmedabad,DevOps,1011865,4,16-05-2024
Software Developer,Tech Mahindra,Kolkata,DevOps,1052763,4,18-01-2024
Full Stack Developer,Accenture,Chennai,Web Development,455981,2,07-06-2025
AI Engineer,TCS,Kolkata,Data Science,567155,2,15-08-2024
Cloud Engineer,Wipro,Chennai,Cloud,547671,2,09-06-2024
Full Stack Developer,Cognizant,Mumbai,Data Science,232930,1,14-04-2024
Machine Learning Engineer,Deloitte,Chennai,Web Development,463450,2,31-03-2025
Software Developer,IBM,Kolkata,Data Science,1386715,5,25-04-2025
Data Scientist,Accenture,Remote,Analytics,1135226,4,18-05-2025
Software Developer,Zoho,Jaipur,Analytics,523021,2,30-08-2024
Python Developer,Capgemini,Hyderabad,DevOps,1538645,5,15-12-2025
Backend Developer,TCS,Pune,Data Science,476959,2,16-12-2024
Full Stack Developer,Oracle,Jaipur,Analytics,541455,2,18-08-2024
Machine Learning Engineer,Cognizant,Bangalore,Data Science,1243673,5,04-05-2025
AI Engineer,Wipro,Gurgaon,Software Development,1258865,5,06-03-2024
Data Analyst,TCS,Jaipur,Analytics,531807,2,09-09-2024
Data Scientist,Deloitte,Kolkata,Cloud,1377705,5,26-12-2024
Backend Developer,Capgemini,Mumbai,Software Development,452484,2,20-07-2025
Software Developer,Accenture,Jaipur,Software Development,1556612,5,19-02-2024
Python Developer,TCS,Gurgaon,DevOps,1004524,4,12-12-2025
Full Stack Developer,Oracle,Chennai,Web Development,617229,3,22-09-2025
Data Analyst,Zoho,Remote,Software Development,1545459,5,03-10-2024
Frontend Developer,Wipro,Kolkata,Software Development,782540,3,08-12-2024
Cloud Engineer,Cognizant,Kolkata,Cloud,335504,1,06-03-2025
Business Analyst,Infosys,Delhi,DevOps,466948,2,30-04-2025
Data Analyst,Microsoft,Chennai,Web Development,578000,2,02-06-2024
Business Analyst,Cognizant,Mumbai,Software Development,1279194,5,15-01-2025
Software Developer,Zoho,Chennai,Cloud,1092022,4,21-06-2024
Full Stack Developer,IBM,Gurgaon,Software Development,813677,3,09-01-2024
Data Analyst,Deloitte,Gurgaon,Software Development,236244,1,09-08-2025
Data Scientist,Google,Gurgaon,Web Development,699071,3,06-10-2024
Business Analyst,Microsoft,Remote,Software Development,1140447,4,22-02-2024
Full Stack Developer,Zoho,Gurgaon,DevOps,1112666,4,11-11-2024
DevOps Engineer,TCS,Ahmedabad,DevOps,1104995,4,21-04-2025
Data Scientist,TCS,Delhi,DevOps,522884,2,11-02-2025
Software Developer,Microsoft,Kolkata,AI,980032,4,26-04-2025
Data Scientist,IBM,Pune,DevOps,872710,3,27-02-2025
Data Scientist,Google,Gurgaon,Software Development,982693,4,23-02-2025
Backend Developer,Deloitte,Hyderabad,AI,204329,1,01-02-2024
DevOps Engineer,Wipro,Ahmedabad,Software Development,988807,4,24-08-2024
Data Scientist,Tech Mahindra,Hyderabad,Analytics,338586,1,17-08-2024
Full Stack Developer,Amazon,Noida,Data Science,1512534,5,26-07-2024
Cloud Engineer,Tech Mahindra,Hyderabad,Software Development,393391,1,03-01-2024
Data Scientist,Accenture,Chennai,AI,1544662,5,30-08-2024
DevOps Engineer,Deloitte,Kolkata,Software Development,402463,2,20-07-2025
AI Engineer,Capgemini,Mumbai,Cloud,1011159,4,25-07-2024
Business Analyst,Wipro,Delhi,DevOps,951115,4,09-10-2024
Software Developer,IBM,Ahmedabad,AI,1200306,5,03-12-2024
Data Scientist,Wipro,Jaipur,Data Science,1162608,4,26-06-2025
Software Developer,Cognizant,Mumbai,AI,738164,3,14-10-2024
AI Engineer,Wipro,Bangalore,Software Development,1486645,5,20-03-2024
Backend Developer,IBM,Mumbai,Data Science,623037,3,29-05-2025
Full Stack Developer,Amazon,Mumbai,DevOps,1437442,5,06-01-2025
Python Developer,HCLTech,Mumbai,Analytics,296660,1,02-07-2025
Cloud Engineer,Capgemini,Bangalore,Software Development,686301,3,27-08-2025
DevOps Engineer,IBM,Noida,Data Science,507702,2,13-05-2024
Backend Developer,HCLTech,Noida,Web Development,505920,2,24-06-2024
Cloud Engineer,HCLTech,Chennai,DevOps,274295,1,12-11-2025
Cloud Engineer,TCS,Bangalore,Web Development,1014550,4,19-04-2024
Frontend Developer,Zoho,Remote,Data Science,235058,1,28-08-2025
Machine Learning Engineer,Capgemini,Pune,DevOps,962932,4,19-12-2025
Backend Developer,TCS,Chennai,AI,245924,1,15-08-2024
Python Developer,Deloitte,Delhi,Analytics,219270,1,10-09-2025
Cloud Engineer,Zoho,Remote,AI,497781,2,14-06-2024
Cloud Engineer,Infosys,Pune,Web Development,1318013,5,21-12-2025
Business Analyst,Google,Chennai,Cloud,275453,1,08-04-2024
Software Developer,Accenture,Delhi,Software Development,371665,1,30-11-2025
Python Developer,HCLTech,Jaipur,Cloud,680389,3,10-05-2024
DevOps Engineer,TCS,Remote,Web Development,774134,3,07-07-2024
Cloud Engineer,Deloitte,Noida,Data Science,1148699,4,22-09-2025
DevOps Engineer,HCLTech,Hyderabad,DevOps,866914,3,22-01-2025
DevOps Engineer,Accenture,Chennai,Software Development,619651,3,31-12-2024
Business Analyst,TCS,Hyderabad,Analytics,1031759,4,08-02-2024
Frontend Developer,Accenture,Jaipur,DevOps,228240,1,26-05-2024
Machine Learning Engineer,Cognizant,Hyderabad,Software Development,1432285,5,25-08-2025
Full Stack Developer,Accenture,Noida,DevOps,580142,2,28-09-2024
Cloud Engineer,Deloitte,Noida,Data Science,1403773,5,27-12-2024
Data Analyst,TCS,Ahmedabad,Analytics,579949,2,05-12-2025
Data Analyst,Capgemini,Hyderabad,AI,426517,2,13-01-2025
DevOps Engineer,Infosys,Noida,Web Development,1066674,4,26-09-2024
Data Analyst,TCS,Bangalore,Data Science,408984,2,11-09-2024
Frontend Developer,Zoho,Mumbai,Data Science,840748,3,07-09-2024
Full Stack Developer,TCS,Chennai,Software Development,1041942,4,29-12-2024
Data Analyst,Zoho,Delhi,Cloud,1026592,4,12-08-2024
Cloud Engineer,Google,Kolkata,Data Science,641340,3,11-08-2025
Software Developer,Amazon,Kolkata,Data Science,485467,2,23-09-2024
Business Analyst,Oracle,Jaipur,Software Development,817629,3,12-04-2025
Data Scientist,Oracle,Kolkata,Web Development,956793,4,27-03-2024
Business Analyst,IBM,Noida,DevOps,884580,3,18-02-2024
Cloud Engineer,Infosys,Mumbai,AI,688752,3,29-11-2024
Data Scientist,Wipro,Bangalore,AI,671774,3,15-02-2024
DevOps Engineer,Microsoft,Mumbai,Cloud,1026805,4,31-05-2025
AI Engineer,Tech Mahindra,Remote,Analytics,1198225,4,24-03-2024
Backend Developer,Oracle,Jaipur,Analytics,1142513,4,26-12-2025
Software Developer,IBM,Delhi,Cloud,494417,2,23-06-2024
Machine Learning Engineer,Google,Jaipur,Web Development,586599,2,10-12-2024
Python Developer,TCS,Hyderabad,Analytics,360623,1,27-06-2025
Software Developer,Google,Chennai,Analytics,1242846,5,16-07-2024
Business Analyst,Capgemini,Hyderabad,Analytics,1471386,5,28-11-2025
Software Developer,Microsoft,Chennai,Data Science,889418,3,18-03-2024
Data Scientist,Tech Mahindra,Delhi,DevOps,803614,3,14-09-2024
Data Analyst,Cognizant,Delhi,Data Science,743515,3,19-08-2025
Business Analyst,HCLTech,Kolkata,Data Science,548156,2,29-09-2024
Full Stack Developer,Infosys,Jaipur,Analytics,1265679,5,08-11-2025
Data Scientist,Tech Mahindra,Pune,AI,1365924,5,05-10-2025
Python Developer,Oracle,Jaipur,DevOps,914917,4,12-02-2024
Python Developer,Amazon,Chennai,Cloud,342612,1,24-11-2024
Python Developer,TCS,Pune,Web Development,285040,1,29-06-2025
Machine Learning Engineer,Capgemini,Pune,AI,252472,1,04-07-2025
Software Developer,Wipro,Remote,Data Science,445637,2,04-02-2024
Backend Developer,Deloitte,Jaipur,Web Development,1388890,5,10-03-2024
AI Engineer,Microsoft,Gurgaon,AI,830191,3,16-02-2025
Software Developer,Oracle,Delhi,Data Science,365895,1,01-06-2024
Software Developer,Amazon,Chennai,Web Development,479603,2,28-04-2025
Data Analyst,Capgemini,Noida,AI,1502398,5,16-09-2024
Machine Learning Engineer,Microsoft,Remote,DevOps,944895,4,28-05-2024
Backend Developer,Google,Mumbai,Cloud,888266,3,01-02-2024
Machine Learning Engineer,Accenture,Bangalore,Analytics,560345,2,20-10-2024
Full Stack Developer,Microsoft,Bangalore,Software Development,208794,1,14-08-2025
Full Stack Developer,HCLTech,Remote,AI,1463028,5,20-01-2024
DevOps Engineer,Microsoft,Remote,AI,1477174,5,28-05-2024
Software Developer,Infosys,Mumbai,Cloud,1137018,4,18-04-2025
Machine Learning Engineer,IBM,Kolkata,Web Development,295491,1,08-11-2025
Data Scientist,Zoho,Kolkata,Web Development,693345,3,26-10-2025
Full Stack Developer,Cognizant,Bangalore,Data Science,703052,3,14-05-2024
Cloud Engineer,Microsoft,Ahmedabad,Analytics,805507,3,20-05-2024
DevOps Engineer,Tech Mahindra,Remote,Software Development,960163,4,23-05-2025
AI Engineer,Cognizant,Mumbai,Analytics,990527,4,01-02-2025
Business Analyst,Deloitte,Hyderabad,Data Science,1149434,4,10-08-2024
Python Developer,Wipro,Jaipur,AI,1026834,4,26-05-2025
Data Scientist,Zoho,Bangalore,DevOps,1118007,4,18-06-2024
Business Analyst,HCLTech,Delhi,Web Development,419759,2,29-01-2025
Cloud Engineer,Google,Hyderabad,DevOps,217002,1,29-02-2024
Cloud Engineer,Zoho,Remote,Software Development,1172599,4,11-10-2024
Python Developer,Cognizant,Pune,Cloud,1340383,5,07-12-2025
Cloud Engineer,Wipro,Kolkata,Cloud,668011,3,05-03-2024
Machine Learning Engineer,Zoho,Ahmedabad,Software Development,847772,3,03-09-2025
Machine Learning Engineer,Infosys,Hyderabad,AI,1009482,4,03-11-2025
Software Developer,Accenture,Remote,Software Development,748526,3,26-06-2024
Python Developer,HCLTech,Delhi,AI,620115,3,15-10-2025
DevOps Engineer,IBM,Noida,DevOps,698664,3,06-09-2025
Data Scientist,Microsoft,Ahmedabad,Analytics,315399,1,04-07-2024
AI Engineer,Amazon,Ahmedabad,Software Development,299392,1,07-11-2025
Python Developer,Amazon,Gurgaon,Cloud,1245669,5,21-12-2025
Data Analyst,Microsoft,Gurgaon,AI,1199467,4,19-12-2025
Python Developer,Infosys,Hyderabad,Data Science,566581,2,05-03-2025
Backend Developer,IBM,Mumbai,AI,506306,2,03-05-2025
Software Developer,TCS,Remote,DevOps,386219,1,26-05-2024
Frontend Developer,Oracle,Remote,AI,508798,2,29-07-2024
Backend Developer,Google,Pune,Web Development,811124,3,17-03-2024
Data Scientist,IBM,Delhi,Data Science,1449047,5,01-01-2026
DevOps Engineer,Deloitte,Chennai,DevOps,562429,2,27-06-2024
Data Scientist,Microsoft,Kolkata,AI,798472,3,30-07-2025
Software Developer,Accenture,Noida,DevOps,1210455,5,16-04-2025
Cloud Engineer,Tech Mahindra,Bangalore,DevOps,579925,2,03-01-2024
Backend Developer,Microsoft,Hyderabad,Cloud,1237648,5,08-02-2025
Full Stack Developer,Wipro,Mumbai,Cloud,731714,3,09-02-2024
Data Scientist,Tech Mahindra,Gurgaon,Data Science,1013591,4,13-11-2025
Frontend Developer,Capgemini,Delhi,AI,1038462,4,23-01-2024
Data Analyst,Infosys,Kolkata,DevOps,1079730,4,22-09-2024
Business Analyst,Zoho,Bangalore,Software Development,568626,2,11-01-2025
Data Scientist,Tech Mahindra,Ahmedabad,Web Development,1483578,5,04-10-2025
DevOps Engineer,Amazon,Remote,AI,506387,2,14-07-2024
AI Engineer,Oracle,Noida,Data Science,757503,3,30-04-2025
Business Analyst,IBM,Mumbai,DevOps,519133,2,19-06-2024
Cloud Engineer,TCS,Chennai,Data Science,989247,4,10-08-2025
Python Developer,Deloitte,Jaipur,Cloud,458417,2,06-12-2025
Python Developer,Amazon,Noida,Software Development,1013482,4,03-01-2024
AI Engineer,Oracle,Bangalore,DevOps,918054,4,25-04-2025
AI Engineer,HCLTech,Chennai,Cloud,930012,4,28-08-2024
Cloud Engineer,Oracle,Ahmedabad,AI,204564,1,15-01-2024
Software Developer,Capgemini,Ahmedabad,Cloud,1226096,5,18-09-2025
DevOps Engineer,Accenture,Gurgaon,DevOps,452405,2,15-06-2025
AI Engineer,Capgemini,Kolkata,DevOps,503840,2,26-05-2025
AI Engineer,Oracle,Bangalore,Web Development,833820,3,26-07-2025
AI Engineer,Microsoft,Hyderabad,Software Development,1470124,5,17-11-2024
Machine Learning Engineer,Wipro,Remote,Cloud,780222,3,22-12-2024
Machine Learning Engineer,TCS,Remote,Software Development,906995,4,26-05-2024
Python Developer,Zoho,Hyderabad,DevOps,847815,3,10-08-2024
AI Engineer,Deloitte,Gurgaon,Cloud,230865,1,10-05-2025
Data Scientist,Tech Mahindra,Chennai,Cloud,433475,2,10-07-2025
Software Developer,Tech Mahindra,Bangalore,Software Development,642347,3,24-04-2024
Python Developer,Google,Ahmedabad,DevOps,1184844,4,26-12-2025
Python Developer,Cognizant,Gurgaon,DevOps,1328463,5,18-09-2025
AI Engineer,Infosys,Hyderabad,Software Development,432387,2,02-05-2025
DevOps Engineer,Infosys,Jaipur,AI,647437,3,18-09-2025
Data Analyst,HCLTech,Mumbai,Data Science,584321,2,10-04-2025
Frontend Developer,Oracle,Remote,Software Development,1008207,4,26-06-2025
Data Analyst,Deloitte,Jaipur,Data Science,580514,2,03-02-2024
Python Developer,TCS,Ahmedabad,Analytics,1418416,5,28-06-2025
Full Stack Developer,Tech Mahindra,Pune,Data Science,1139473,4,15-07-2025
Data Scientist,IBM,Kolkata,AI,1252867,5,18-04-2024
Data Analyst,Cognizant,Remote,Software Development,847794,3,06-12-2025
Full Stack Developer,Oracle,Gurgaon,Web Development,226388,1,05-08-2024
Backend Developer,Microsoft,Ahmedabad,AI,451329,2,28-03-2025
Data Scientist,Google,Pune,Web Development,750317,3,21-10-2024
Data Scientist,IBM,Ahmedabad,Web Development,615891,3,12-12-2025
Backend Developer,Deloitte,Chennai,AI,288650,1,07-04-2025
AI Engineer,HCLTech,Gurgaon,Cloud,231409,1,27-07-2025
Software Developer,Infosys,Gurgaon,Data Science,715410,3,08-06-2024
DevOps Engineer,Oracle,Jaipur,Data Science,307734,1,17-10-2025
Data Scientist,Oracle,Ahmedabad,AI,943084,4,20-01-2024
AI Engineer,Wipro,Gurgaon,Software Development,1053115,4,25-05-2025
Frontend Developer,Google,Delhi,Software Development,710529,3,01-01-2026
Software Developer,Oracle,Noida,Web Development,868656,3,12-07-2024
Software Developer,Deloitte,Gurgaon,DevOps,227114,1,12-04-2024
Data Scientist,Cognizant,Chennai,Data Science,312181,1,06-03-2024
Backend Developer,Tech Mahindra,Hyderabad,AI,1190514,4,26-12-2025
DevOps Engineer,Tech Mahindra,Bangalore,Web Development,1065766,4,23-03-2024
Frontend Developer,Deloitte,Pune,Cloud,501848,2,01-04-2024
Frontend Developer,Cognizant,Remote,Software Development,1199473,4,06-09-2025
Business Analyst,Cognizant,Mumbai,Web Development,1076094,4,10-07-2025
Python Developer,Cognizant,Mumbai,Data Science,206353,1,05-07-2024
Data Scientist,Google,Kolkata,Web Development,240040,1,12-06-2024
Backend Developer,Cognizant,Ahmedabad,DevOps,551735,2,11-05-2025
Backend Developer,Capgemini,Bangalore,Data Science,835803,3,10-10-2024
Frontend Developer,Microsoft,Jaipur,Software Development,978987,4,07-10-2024
Frontend Developer,Google,Kolkata,Web Development,380415,1,03-01-2024
Backend Developer,Google,Bangalore,Analytics,268188,1,09-03-2024
Data Analyst,Deloitte,Ahmedabad,DevOps,1168275,4,13-12-2025
Business Analyst,TCS,Mumbai,Cloud,844932,3,26-08-2025
Business Analyst,Deloitte,Delhi,Cloud,994068,4,11-10-2024
Data Analyst,Infosys,Remote,Web Development,986859,4,28-02-2024
Cloud Engineer,HCLTech,Hyderabad,Data Science,401100,2,31-03-2024
Machine Learning Engineer,Amazon,Kolkata,Web Development,395813,1,31-12-2025
Cloud Engineer,Amazon,Remote,Cloud,617144,3,28-03-2025
Software Developer,Cognizant,Bangalore,AI,1075478,4,28-04-2024
Full Stack Developer,Deloitte,Noida,AI,1252671,5,26-06-2024
Machine Learning Engineer,HCLTech,Delhi,Cloud,536134,2,21-08-2024
Full Stack Developer,Infosys,Bangalore,Analytics,1329158,5,07-05-2025
Python Developer,IBM,Remote,Analytics,773697,3,25-08-2024
Business Analyst,Wipro,Gurgaon,Cloud,307745,1,17-09-2025
Python Developer,Cognizant,Delhi,Cloud,235526,1,06-09-2024
Software Developer,Zoho,Gurgaon,Cloud,530992,2,19-01-2024
Backend Developer,Accenture,Jaipur,Software Development,228588,1,16-02-2024
DevOps Engineer,Capgemini,Gurgaon,Data Science,1221980,5,11-08-2025
Data Scientist,Oracle,Delhi,AI,483828,2,15-09-2024
Data Scientist,Infosys,Noida,DevOps,661879,3,07-08-2025
Cloud Engineer,Zoho,Delhi,Cloud,1510073,5,13-02-2024
Full Stack Developer,Cognizant,Gurgaon,Data Science,1124170,4,08-06-2025
Software Developer,HCLTech,Jaipur,Cloud,957633,4,28-05-2025
Data Analyst,HCLTech,Bangalore,Analytics,1107554,4,28-04-2025
Python Developer,Infosys,Gurgaon,DevOps,249190,1,07-04-2024
Frontend Developer,Deloitte,Noida,Data Science,341740,1,15-03-2024
DevOps Engineer,Google,Bangalore,AI,1407834,5,13-05-2024
Backend Developer,Deloitte,Chennai,Web Development,1466727,5,31-10-2024
AI Engineer,Accenture,Chennai,Cloud,1377498,5,12-01-2024
Machine Learning Engineer,Cognizant,Kolkata,Web Development,351982,1,13-09-2025
Frontend Developer,Tech Mahindra,Kolkata,Software Development,978988,4,04-02-2025
Cloud Engineer,Google,Chennai,Data Science,817056,3,01-04-2024
Business Analyst,Oracle,Remote,Software Development,866760,3,12-02-2025
Data Analyst,Oracle,Chennai,Cloud,830317,3,09-01-2025
Full Stack Developer,Capgemini,Pune,AI,1064793,4,30-07-2025
Full Stack Developer,Accenture,Gurgaon,Software Development,527976,2,20-10-2025
Backend Developer,Deloitte,Mumbai,DevOps,1155838,4,19-03-2024
AI Engineer,Tech Mahindra,Hyderabad,DevOps,829872,3,19-08-2024
DevOps Engineer,Capgemini,Delhi,AI,782726,3,09-12-2025
AI Engineer,IBM,Remote,AI,210471,1,13-10-2024
Backend Developer,TCS,Pune,Cloud,1410030,5,12-08-2024
Data Scientist,Accenture,Noida,AI,1549680,5,22-10-2025
Data Scientist,Deloitte,Kolkata,Web Development,418324,2,23-07-2024
Software Developer,Accenture,Delhi,Cloud,930302,4,30-05-2025
Cloud Engineer,Wipro,Delhi,AI,1572274,5,24-10-2024
DevOps Engineer,Google,Gurgaon,DevOps,769200,3,24-04-2025
AI Engineer,Microsoft,Jaipur,DevOps,1171626,4,25-11-2025
Data Analyst,Microsoft,Bangalore,Software Development,371108,1,03-09-2025
Frontend Developer,Capgemini,Mumbai,Web Development,1362694,5,02-02-2024
Python Developer,Infosys,Delhi,DevOps,488891,2,04-02-2025
Machine Learning Engineer,TCS,Kolkata,DevOps,555516,2,20-04-2025
Full Stack Developer,IBM,Kolkata,Web Development,1558250,5,05-09-2025
AI Engineer,Infosys,Kolkata,Software Development,431011,2,23-10-2025
Frontend Developer,Cognizant,Delhi,Cloud,415797,2,16-10-2025
AI Engineer,Zoho,Noida,Cloud,676569,3,09-12-2024
DevOps Engineer,Amazon,Kolkata,AI,1078121,4,01-01-2024
Business Analyst,Microsoft,Mumbai,Data Science,1099666,4,01-03-2024
Business Analyst,Tech Mahindra,Remote,DevOps,1417358,5,15-07-2024
AI Engineer,TCS,Jaipur,AI,453306,2,13-01-2025
Frontend Developer,Google,Delhi,Analytics,1502192,5,28-11-2025
Full Stack Developer,TCS,Bangalore,Data Science,1209427,5,10-02-2025
Cloud Engineer,Wipro,Delhi,Software Development,383003,1,08-03-2025
Business Analyst,Zoho,Ahmedabad,Cloud,772122,3,01-06-2025
Data Analyst,TCS,Hyderabad,DevOps,356857,1,03-08-2024
Software Developer,Tech Mahindra,Kolkata,Cloud,1458974,5,04-09-2025
Data Analyst,HCLTech,Ahmedabad,Analytics,1189566,4,10-10-2024
AI Engineer,Deloitte,Gurgaon,Data Science,1292852,5,31-12-2024
DevOps Engineer,Oracle,Chennai,Data Science,315825,1,28-01-2025
Software Developer,Capgemini,Jaipur,DevOps,1211138,5,20-07-2025
Full Stack Developer,Zoho,Bangalore,Data Science,755111,3,15-11-2025
Software Developer,HCLTech,Mumbai,Software Development,1366371,5,28-08-2025
Data Analyst,IBM,Chennai,Software Development,983674,4,15-11-2025
Frontend Developer,Accenture,Hyderabad,Web Development,1003151,4,18-02-2025
DevOps Engineer,Wipro,Pune,Software Development,720112,3,09-11-2024
Software Developer,Oracle,Jaipur,Analytics,277723,1,21-05-2025
Backend Developer,IBM,Hyderabad,Analytics,880005,3,13-01-2025
Software Developer,Wipro,Noida,AI,833534,3,24-08-2024
AI Engineer,HCLTech,Ahmedabad,Software Development,1135623,4,04-12-2024
Cloud Engineer,Amazon,Chennai,DevOps,624995,3,23-07-2024
Business Analyst,Zoho,Jaipur,Analytics,1170140,4,15-09-2025
Business Analyst,Capgemini,Chennai,Web Development,307739,1,25-05-2025
Data Scientist,Accenture,Ahmedabad,Web Development,581866,2,12-04-2025
Backend Developer,Capgemini,Noida,Software Development,781449,3,09-10-2025
Python Developer,IBM,Kolkata,Web Development,543698,2,16-12-2024
Machine Learning Engineer,HCLTech,Ahmedabad,AI,813986,3,21-06-2025
Data Scientist,HCLTech,Gurgaon,Analytics,336912,1,14-01-2025
Business Analyst,Google,Chennai,Data Science,276517,1,06-07-2024
Frontend Developer,Wipro,Pune,Analytics,373294,1,09-12-2025
AI Engineer,Zoho,Mumbai,AI,332486,1,18-08-2024
DevOps Engineer,Tech Mahindra,Delhi,AI,692606,3,02-05-2024
Machine Learning Engineer,Microsoft,Kolkata,Cloud,992348,4,25-01-2025
AI Engineer,Infosys,Pune,AI,958190,4,05-10-2024
Machine Learning Engineer,Microsoft,Pune,Cloud,1193654,4,16-12-2024
Business Analyst,HCLTech,Delhi,AI,685940,3,17-08-2024
Python Developer,Accenture,Kolkata,Web Development,1247912,5,07-11-2024
Machine Learning Engineer,IBM,Delhi,Analytics,650488,3,12-10-2025
Software Developer,HCLTech,Mumbai,Software Development,290257,1,07-09-2024
Full Stack Developer,Infosys,Kolkata,AI,329346,1,10-04-2024
DevOps Engineer,Cognizant,Jaipur,Software Development,1594240,5,05-06-2024
Python Developer,HCLTech,Remote,Analytics,398496,1,06-03-2024
Backend Developer,Deloitte,Mumbai,DevOps,1575442,5,08-11-2025
Business Analyst,Wipro,Bangalore,DevOps,1387327,5,20-12-2025
Machine Learning Engineer,Cognizant,Jaipur,AI,308250,1,15-09-2025
Data Analyst,Capgemini,Gurgaon,Cloud,443226,2,19-02-2025
Python Developer,Wipro,Jaipur,Software Development,467338,2,25-12-2025
AI Engineer,Tech Mahindra,Pune,Analytics,994988,4,28-06-2025
Data Analyst,Google,Remote,Web Development,466701,2,04-02-2024
Software Developer,IBM,Chennai,DevOps,385265,1,19-10-2025
Data Analyst,Deloitte,Gurgaon,DevOps,541010,2,02-11-2025
Business Analyst,Infosys,Chennai,DevOps,428142,2,06-12-2024
AI Engineer,Wipro,Chennai,DevOps,347918,1,01-04-2024
Machine Learning Engineer,Google,Noida,Web Development,899223,3,13-03-2025
Data Scientist,Zoho,Jaipur,AI,379976,1,22-06-2025
Business Analyst,Accenture,Pune,AI,1025870,4,24-05-2024
Machine Learning Engineer,Cognizant,Jaipur,Data Science,561810,2,14-11-2024
Data Scientist,Wipro,Chennai,Web Development,1399259,5,05-03-2025
Data Analyst,Deloitte,Ahmedabad,Analytics,1187715,4,03-03-2025
Backend Developer,Cognizant,Remote,Analytics,1537439,5,23-11-2025
Python Developer,Tech Mahindra,Delhi,Web Development,508704,2,05-09-2024
AI Engineer,Tech Mahindra,Delhi,DevOps,1154523,4,21-06-2025
DevOps Engineer,TCS,Bangalore,Analytics,1588224,5,29-12-2025
Data Scientist,Cognizant,Kolkata,Analytics,1386838,5,22-01-2025
Backend Developer,Accenture,Chennai,DevOps,440811,2,10-01-2025
Frontend Developer,Tech Mahindra,Ahmedabad,AI,929489,4,07-11-2025
Machine Learning Engineer,Deloitte,Ahmedabad,Analytics,403453,2,19-04-2024
Python Developer,Capgemini,Delhi,DevOps,605068,3,07-11-2024
Machine Learning Engineer,TCS,Gurgaon,Web Development,390015,1,23-11-2025
Python Developer,Accenture,Remote,Software Development,314019,1,05-06-2025
Full Stack Developer,IBM,Gurgaon,Data Science,289353,1,25-09-2025
Data Scientist,Wipro,Mumbai,Software Development,494127,2,04-04-2024
AI Engineer,IBM,Ahmedabad,Cloud,621951,3,02-01-2025
Frontend Developer,Amazon,Mumbai,DevOps,548990,2,25-08-2025
Data Analyst,Zoho,Mumbai,Data Science,382365,1,06-03-2024
Machine Learning Engineer,Amazon,Noida,Software Development,695105,3,08-03-2024
Data Scientist,Accenture,Delhi,Analytics,1116162,4,07-09-2025
AI Engineer,Amazon,Kolkata,Cloud,233067,1,23-04-2024
Full Stack Developer,Tech Mahindra,Bangalore,AI,808726,3,10-09-2025
Frontend Developer,Google,Kolkata,DevOps,750000,3,13-02-2025
Python Developer,Capgemini,Kolkata,Cloud,460399,2,18-05-2024
Full Stack Developer,HCLTech,Gurgaon,Cloud,853520,3,26-11-2025
Python Developer,IBM,Noida,DevOps,1304754,5,13-12-2025
Data Scientist,Microsoft,Pune,Software Development,1562313,5,30-01-2025
Python Developer,TCS,Ahmedabad,AI,919121,4,11-05-2024
Business Analyst,TCS,Gurgaon,Analytics,390439,1,30-08-2025
DevOps Engineer,TCS,Gurgaon,Data Science,721268,3,22-10-2024
Full Stack Developer,Wipro,Ahmedabad,Data Science,730258,3,07-07-2024
Data Analyst,IBM,Kolkata,AI,226653,1,12-06-2025
Python Developer,Microsoft,Mumbai,Cloud,922387,4,08-07-2025
Data Analyst,TCS,Kolkata,Data Science,1575291,5,19-08-2024
Frontend Developer,Deloitte,Mumbai,Data Science,555280,2,28-05-2025
Python Developer,Oracle,Jaipur,DevOps,1500419,5,23-10-2024
Python Developer,Cognizant,Delhi,Data Science,1289146,5,24-07-2025
Business Analyst,Tech Mahindra,Gurgaon,Web Development,454806,2,24-09-2025
Cloud Engineer,Tech Mahindra,Bangalore,AI,1110817,4,27-01-2025
Data Scientist,HCLTech,Remote,Web Development,1463837,5,08-10-2024
DevOps Engineer,Deloitte,Delhi,Data Science,242884,1,18-12-2024
Frontend Developer,TCS,Mumbai,Cloud,723240,3,09-08-2025
Data Analyst,TCS,Bangalore,Data Science,842146,3,08-02-2025
AI Engineer,Accenture,Delhi,Data Science,328073,1,01-07-2024
Machine Learning Engineer,Infosys,Gurgaon,Analytics,576648,2,13-05-2025
Software Developer,Amazon,Jaipur,Software Development,1140944,4,26-03-2025
Python Developer,Deloitte,Hyderabad,Data Science,1128535,4,08-10-2025
Cloud Engineer,Infosys,Noida,AI,842919,3,22-11-2025
Frontend Developer,Deloitte,Kolkata,Web Development,1439643,5,17-11-2025
AI Engineer,HCLTech,Remote,AI,631932,3,19-04-2025
Cloud Engineer,Zoho,Hyderabad,Cloud,640892,3,17-12-2025
Backend Developer,Google,Kolkata,Web Development,754730,3,11-08-2024
Frontend Developer,Microsoft,Delhi,Software Development,960481,4,26-02-2024
Business Analyst,Infosys,Chennai,Cloud,1126337,4,05-05-2024
Full Stack Developer,Accenture,Noida,Cloud,612247,3,25-05-2025
Cloud Engineer,Cognizant,Remote,Data Science,1198909,4,25-08-2025
Python Developer,Google,Hyderabad,AI,406839,2,19-05-2024
Machine Learning Engineer,Cognizant,Delhi,DevOps,544729,2,26-03-2025
Cloud Engineer,Amazon,Remote,AI,1033594,4,04-08-2024
DevOps Engineer,Deloitte,Mumbai,Data Science,1506897,5,04-09-2025
DevOps Engineer,Microsoft,Chennai,Web Development,636083,3,11-11-2025
Cloud Engineer,HCLTech,Jaipur,AI,1454667,5,13-04-2025
Data Analyst,IBM,Gurgaon,Software Development,967732,4,19-04-2024
Business Analyst,Tech Mahindra,Hyderabad,Analytics,1158556,4,08-02-2025
Data Analyst,Microsoft,Ahmedabad,AI,909694,4,21-09-2025
Python Developer,Tech Mahindra,Mumbai,Web Development,1361684,5,30-04-2024
Frontend Developer,Zoho,Ahmedabad,Software Development,202045,1,18-02-2024
Software Developer,TCS,Ahmedabad,Cloud,1139793,4,04-03-2025
Cloud Engineer,Google,Noida,Web Development,1150998,4,12-02-2025
Data Analyst,Capgemini,Kolkata,Software Development,493634,2,11-01-2025
Business Analyst,Google,Gurgaon,Cloud,1504013,5,15-05-2024
Data Analyst,Microsoft,Remote,Web Development,364795,1,04-03-2025
Data Analyst,TCS,Noida,Software Development,530672,2,09-01-2024
Python Developer,TCS,Remote,Data Science,1020377,4,16-03-2024
AI Engineer,HCLTech,Ahmedabad,Software Development,872863,3,18-02-2024
AI Engineer,Deloitte,Bangalore,Data Science,1496267,5,20-04-2024
Full Stack Developer,Google,Delhi,Analytics,1184664,4,24-11-2024
Full Stack Developer,TCS,Delhi,AI,306385,1,05-06-2025
Machine Learning Engineer,Microsoft,Kolkata,DevOps,414861,2,11-11-2024
Frontend Developer,HCLTech,Gurgaon,Data Science,231945,1,21-11-2024
Machine Learning Engineer,Google,Delhi,Cloud,1191490,4,27-10-2024
Data Scientist,Microsoft,Pune,Software Development,1363069,5,20-02-2025
Backend Developer,Infosys,Noida,Software Development,985119,4,28-03-2025
Full Stack Developer,Capgemini,Chennai,DevOps,792846,3,25-11-2024
AI Engineer,Wipro,Hyderabad,Web Development,860263,3,13-07-2025
DevOps Engineer,Infosys,Bangalore,Software Development,549574,2,28-10-2024
Python Developer,Tech Mahindra,Hyderabad,Analytics,282108,1,01-06-2024
AI Engineer,TCS,Chennai,Software Development,379885,1,22-09-2025
Data Analyst,Oracle,Mumbai,AI,992375,4,03-10-2024
Data Analyst,Zoho,Kolkata,Cloud,450826,2,31-03-2024
Data Scientist,Wipro,Remote,Analytics,1275781,5,25-05-2025
Software Developer,Wipro,Remote,DevOps,1079774,4,14-02-2024
Business Analyst,HCLTech,Hyderabad,Analytics,442307,2,07-12-2024
DevOps Engineer,Microsoft,Gurgaon,DevOps,416408,2,26-08-2024
Python Developer,Cognizant,Chennai,Analytics,349063,1,15-03-2024
AI Engineer,Zoho,Kolkata,AI,449993,2,21-12-2024
AI Engineer,Google,Hyderabad,Data Science,313441,1,17-09-2025
DevOps Engineer,Amazon,Hyderabad,DevOps,658947,3,04-08-2024
AI Engineer,HCLTech,Bangalore,Data Science,1268380,5,08-07-2025
Full Stack Developer,Wipro,Kolkata,Analytics,274681,1,19-08-2024
Data Analyst,Infosys,Bangalore,Web Development,1123465,4,19-10-2024
Full Stack Developer,Cognizant,Delhi,Web Development,473575,2,10-01-2024
Frontend Developer,Google,Noida,AI,410561,2,06-11-2025
Machine Learning Engineer,HCLTech,Mumbai,Analytics,1249451,5,13-02-2024
Machine Learning Engineer,Microsoft,Remote,Web Development,529599,2,05-09-2024
DevOps Engineer,Cognizant,Jaipur,AI,646260,3,07-06-2025
Full Stack Developer,Infosys,Ahmedabad,Software Development,592352,2,20-05-2025
Cloud Engineer,Tech Mahindra,Delhi,Data Science,554724,2,18-07-2025
Machine Learning Engineer,Infosys,Mumbai,DevOps,747616,3,27-09-2024
Frontend Developer,Infosys,Jaipur,Software Development,615773,3,30-10-2024
AI Engineer,Wipro,Chennai,Analytics,757011,3,17-11-2024
Software Developer,Google,Noida,Data Science,376998,1,24-11-2024
Software Developer,Infosys,Chennai,Cloud,1147339,4,12-10-2025
Python Developer,Capgemini,Delhi,Web Development,498405,2,05-10-2024
DevOps Engineer,TCS,Noida,Data Science,478037,2,27-06-2024
Data Scientist,TCS,Pune,Web Development,1312669,5,09-08-2024
Machine Learning Engineer,Capgemini,Delhi,Analytics,1452980,5,29-08-2025
Data Scientist,Accenture,Delhi,Cloud,226120,1,04-09-2025
Cloud Engineer,Accenture,Jaipur,Data Science,465459,2,23-12-2025
Business Analyst,Accenture,Kolkata,DevOps,1007751,4,18-10-2024
Cloud Engineer,TCS,Ahmedabad,DevOps,736617,3,19-06-2025
AI Engineer,TCS,Ahmedabad,Web Development,376988,1,03-05-2025
Backend Developer,Capgemini,Kolkata,Web Development,1246736,5,31-08-2025
Full Stack Developer,Microsoft,Gurgaon,Analytics,240578,1,03-01-2024
Cloud Engineer,Deloitte,Kolkata,AI,1399739,5,19-08-2025
Software Developer,Wipro,Remote,Cloud,634629,3,04-12-2024
Cloud Engineer,Infosys,Pune,Web Development,456557,2,23-04-2025
Frontend Developer,HCLTech,Jaipur,Web Development,346631,1,18-08-2024
Cloud Engineer,Microsoft,Mumbai,Software Development,330826,1,29-10-2024
Backend Developer,Accenture,Bangalore,Software Development,492724,2,26-10-2024
Cloud Engineer,Accenture,Delhi,Software Development,916689,4,01-08-2025
AI Engineer,Tech Mahindra,Delhi,DevOps,604097,3,28-06-2025
AI Engineer,Cognizant,Delhi,Data Science,1303162,5,15-11-2025
Frontend Developer,IBM,Ahmedabad,DevOps,299488,1,30-09-2024
Software Developer,Oracle,Chennai,Data Science,290686,1,01-10-2024
Cloud Engineer,Tech Mahindra,Chennai,Data Science,721927,3,14-04-2024
Python Developer,Capgemini,Kolkata,Data Science,538137,2,30-03-2025
Software Developer,Zoho,Hyderabad,Software Development,426219,2,27-09-2025
Cloud Engineer,TCS,Hyderabad,AI,623953,3,03-09-2025
Python Developer,Oracle,Remote,AI,1125346,4,15-07-2025
Backend Developer,Amazon,Pune,AI,482650,2,11-02-2024
Full Stack Developer,Accenture,Noida,Software Development,667668,3,08-08-2024
Frontend Developer,Amazon,Pune,Cloud,523829,2,17-03-2024
Backend Developer,Google,Mumbai,AI,1032547,4,19-12-2024
DevOps Engineer,Oracle,Chennai,Software Development,358626,1,22-01-2025
AI Engineer,Wipro,Noida,Cloud,777234,3,01-08-2024
Software Developer,Accenture,Delhi,AI,940129,4,23-06-2024
Data Analyst,TCS,Noida,Cloud,837925,3,01-04-2025
Data Scientist,Wipro,Remote,Software Development,405585,2,26-09-2025
Full Stack Developer,Oracle,Noida,Analytics,398873,1,14-04-2025
Data Scientist,Tech Mahindra,Noida,AI,1078648,4,22-02-2024
Python Developer,Zoho,Remote,AI,1270775,5,26-01-2024
Backend Developer,Oracle,Pune,Software Development,1498460,5,30-09-2025
Backend Developer,HCLTech,Noida,DevOps,233054,1,24-04-2025
DevOps Engineer,Capgemini,Jaipur,Software Development,1112243,4,13-03-2025
Data Analyst,Microsoft,Jaipur,Data Science,1368949,5,23-12-2024
DevOps Engineer,Infosys,Remote,Analytics,773257,3,21-05-2025
Full Stack Developer,Capgemini,Noida,Web Development,922199,4,06-11-2025
Python Developer,Infosys,Hyderabad,DevOps,398411,1,20-08-2024
Business Analyst,TCS,Mumbai,Data Science,772649,3,20-02-2024
Software Developer,IBM,Gurgaon,Data Science,1336791,5,06-10-2024
Cloud Engineer,Cognizant,Remote,AI,970406,4,14-08-2025
Full Stack Developer,Tech Mahindra,Mumbai,Data Science,674292,3,28-05-2025
Software Developer,Deloitte,Pune,DevOps,429966,2,02-06-2025
AI Engineer,Deloitte,Pune,AI,529484,2,02-12-2024
Data Analyst,Wipro,Remote,Data Science,429466,2,23-08-2025
Frontend Developer,Google,Pune,Software Development,477756,2,24-08-2025
Frontend Developer,Zoho,Noida,Cloud,890377,3,22-05-2025
DevOps Engineer,Deloitte,Jaipur,Analytics,381668,1,06-01-2025
Data Analyst,Amazon,Remote,Web Development,315080,1,04-06-2024
DevOps Engineer,TCS,Mumbai,DevOps,793098,3,10-12-2024
Software Developer,Wipro,Chennai,Web Development,1542720,5,03-12-2025
Data Scientist,Amazon,Remote,Software Development,372599,1,30-03-2025
AI Engineer,Capgemini,Jaipur,Cloud,864948,3,02-05-2024
Frontend Developer,Cognizant,Noida,Cloud,1441065,5,12-04-2025
Cloud Engineer,Capgemini,Jaipur,DevOps,436553,2,31-12-2024
Data Analyst,IBM,Bangalore,DevOps,273412,1,12-08-2025
Machine Learning Engineer,Microsoft,Jaipur,Web Development,1215125,5,10-06-2024
Business Analyst,IBM,Gurgaon,Analytics,1599101,5,19-09-2025
Python Developer,Zoho,Ahmedabad,Analytics,332073,1,26-02-2025
Software Developer,TCS,Ahmedabad,AI,792851,3,25-05-2024
Business Analyst,Google,Mumbai,Data Science,223550,1,05-05-2025
Full Stack Developer,Oracle,Gurgaon,Web Development,1266506,5,24-09-2024
Business Analyst,TCS,Mumbai,Analytics,470829,2,31-08-2024
Business Analyst,HCLTech,Pune,Data Science,671833,3,07-01-2024
Backend Developer,IBM,Hyderabad,Analytics,1080501,4,13-08-2025
Data Analyst,Capgemini,Pune,Analytics,883932,3,02-10-2024
DevOps Engineer,Wipro,Ahmedabad,Data Science,1184934,4,30-10-2025
Machine Learning Engineer,Wipro,Ahmedabad,DevOps,819030,3,15-12-2024
Data Scientist,Capgemini,Noida,Software Development,1574311,5,28-04-2024
Machine Learning Engineer,Cognizant,Chennai,Software Development,220771,1,26-10-2024
Software Developer,Cognizant,Chennai,AI,1425051,5,01-08-2025
Business Analyst,Cognizant,Noida,DevOps,360455,1,12-09-2024
AI Engineer,Zoho,Remote,Web Development,249870,1,15-04-2025
Machine Learning Engineer,HCLTech,Pune,Data Science,645281,3,30-09-2025
Business Analyst,Accenture,Hyderabad,Cloud,1103615,4,12-09-2024
Frontend Developer,IBM,Kolkata,Analytics,1100551,4,29-03-2024
AI Engineer,Wipro,Pune,DevOps,255893,1,07-05-2024
Cloud Engineer,TCS,Kolkata,Cloud,433170,2,28-07-2025
AI Engineer,Oracle,Chennai,Software Development,546696,2,12-12-2025
Full Stack Developer,Deloitte,Hyderabad,Analytics,565501,2,29-09-2024
Data Analyst,Deloitte,Noida,Software Development,903784,4,15-10-2025
Business Analyst,Tech Mahindra,Delhi,Cloud,633078,3,15-05-2024
Data Analyst,Infosys,Noida,DevOps,1077419,4,26-10-2024
Data Analyst,Microsoft,Hyderabad,Cloud,1572299,5,11-02-2025
DevOps Engineer,TCS,Pune,Software Development,1164696,4,19-06-2024
Frontend Developer,Capgemini,Delhi,Software Development,656483,3,31-01-2025
Full Stack Developer,Oracle,Jaipur,Cloud,810399,3,13-04-2025
Frontend Developer,Infosys,Ahmedabad,DevOps,1062176,4,14-04-2025
Data Analyst,Tech Mahindra,Chennai,Data Science,1474765,5,23-06-2024
Cloud Engineer,Infosys,Jaipur,Software Development,1215201,5,21-06-2025
Full Stack Developer,Accenture,Delhi,Analytics,1353509,5,14-11-2025
Business Analyst,Infosys,Bangalore,Cloud,934208,4,12-04-2024
Frontend Developer,Amazon,Jaipur,Cloud,447047,2,31-05-2024
AI Engineer,Tech Mahindra,Hyderabad,Software Development,349263,1,02-08-2025
Frontend Developer,Accenture,Mumbai,DevOps,1410359,5,15-04-2025
DevOps Engineer,Accenture,Gurgaon,Analytics,259504,1,06-11-2025
Python Developer,Oracle,Noida,Web Development,861043,3,18-03-2024
Data Analyst,Zoho,Kolkata,Cloud,466588,2,28-05-2025
Data Analyst,Amazon,Noida,DevOps,704748,3,24-01-2025
AI Engineer,Amazon,Hyderabad,AI,1150955,4,28-09-2025
Python Developer,Microsoft,Kolkata,Web Development,345875,1,12-07-2025
Data Scientist,TCS,Bangalore,AI,488035,2,22-10-2025
Full Stack Developer,Capgemini,Pune,Analytics,1553687,5,12-01-2025
Software Developer,Wipro,Ahmedabad,Cloud,502036,2,03-03-2024
AI Engineer,Deloitte,Gurgaon,Analytics,1426918,5,28-08-2024
Machine Learning Engineer,Capgemini,Remote,Cloud,920847,4,07-08-2025
Data Scientist,HCLTech,Gurgaon,Data Science,610963,3,15-07-2025
Machine Learning Engineer,Capgemini,Mumbai,Software Development,1160098,4,25-05-2025
Backend Developer,Infosys,Chennai,Software Development,1303241,5,03-08-2025
AI Engineer,Amazon,Bangalore,Software Development,394483,1,11-05-2024
Frontend Developer,Deloitte,Bangalore,Software Development,842647,3,11-04-2025
Machine Learning Engineer,Wipro,Kolkata,Data Science,349009,1,04-12-2024
Full Stack Developer,IBM,Delhi,AI,676280,3,09-12-2025
Data Analyst,Oracle,Jaipur,Web Development,1355088,5,29-07-2024
Data Analyst,Deloitte,Mumbai,Software Development,1036885,4,06-11-2024
Software Developer,Google,Jaipur,Data Science,1006202,4,05-12-2024
Cloud Engineer,Cognizant,Delhi,Analytics,1333683,5,22-02-2025
Backend Developer,Deloitte,Delhi,Cloud,812508,3,31-10-2025
AI Engineer,Deloitte,Hyderabad,Analytics,1584950,5,20-06-2025
Data Scientist,Cognizant,Bangalore,Web Development,1013343,4,30-04-2025
Backend Developer,Tech Mahindra,Gurgaon,Analytics,1063325,4,02-01-2024
Python Developer,Cognizant,Mumbai,Analytics,278314,1,10-04-2025
Business Analyst,HCLTech,Chennai,Software Development,310848,1,28-01-2025
Data Scientist,Tech Mahindra,Kolkata,Software Development,495409,2,06-10-2025
Backend Developer,Infosys,Noida,Software Development,417537,2,20-05-2025
Software Developer,Wipro,Noida,AI,1377082,5,20-08-2024
DevOps Engineer,Capgemini,Hyderabad,Software Development,378454,1,02-08-2025
Data Scientist,Oracle,Jaipur,Data Science,665528,3,15-04-2024
Machine Learning Engineer,HCLTech,Ahmedabad,Data Science,1194670,4,04-02-2025
Backend Developer,TCS,Gurgaon,AI,893053,3,18-05-2024
Data Scientist,Accenture,Hyderabad,Analytics,1108431,4,19-12-2024
Backend Developer,Infosys,Chennai,AI,268873,1,04-03-2024
Machine Learning Engineer,HCLTech,Pune,Web Development,459693,2,17-12-2025
Frontend Developer,Tech Mahindra,Bangalore,AI,889322,3,13-04-2025
Cloud Engineer,Microsoft,Delhi,DevOps,293583,1,26-12-2025
Data Scientist,Capgemini,Remote,DevOps,276721,1,02-05-2024
Machine Learning Engineer,Deloitte,Chennai,Web Development,471628,2,24-02-2025
Cloud Engineer,HCLTech,Jaipur,Software Development,777465,3,20-08-2025
Data Scientist,Microsoft,Ahmedabad,DevOps,239411,1,11-05-2025
Full Stack Developer,Zoho,Delhi,Data Science,425124,2,18-01-2024
Machine Learning Engineer,Infosys,Bangalore,Software Development,282013,1,11-05-2024
Backend Developer,Oracle,Hyderabad,Cloud,454808,2,04-04-2025
Full Stack Developer,Accenture,Remote,Cloud,327339,1,18-05-2024
Data Scientist,Accenture,Pune,Cloud,344533,1,16-11-2025
Software Developer,Deloitte,Noida,Web Development,450563,2,29-04-2024
Business Analyst,TCS,Chennai,Cloud,902442,4,07-06-2024
Data Analyst,Oracle,Gurgaon,AI,278939,1,28-07-2025
Data Analyst,Google,Noida,Cloud,798575,3,15-02-2024
Data Scientist,Google,Bangalore,Web Development,317323,1,20-10-2025
Data Scientist,Wipro,Chennai,DevOps,1097036,4,17-06-2024
Machine Learning Engineer,Accenture,Pune,Web Development,837421,3,12-09-2025
DevOps Engineer,HCLTech,Remote,DevOps,1477003,5,07-01-2024
AI Engineer,Accenture,Hyderabad,Web Development,420894,2,22-05-2024
Frontend Developer,Zoho,Ahmedabad,Software Development,924919,4,27-03-2025
AI Engineer,Amazon,Kolkata,Data Science,202846,1,27-05-2025
Business Analyst,Cognizant,Chennai,Software Development,469518,2,09-08-2024
DevOps Engineer,Amazon,Pune,Data Science,1014912,4,21-02-2025
AI Engineer,Infosys,Ahmedabad,DevOps,1525543,5,03-12-2025
Data Analyst,Deloitte,Bangalore,Analytics,1156319,4,11-09-2025
Machine Learning Engineer,Zoho,Chennai,DevOps,1034297,4,28-08-2025
DevOps Engineer,Microsoft,Bangalore,Web Development,794532,3,11-05-2025
DevOps Engineer,Google,Mumbai,DevOps,464165,2,17-11-2025
Full Stack Developer,Cognizant,Bangalore,Web Development,657221,3,08-02-2025
Frontend Developer,Deloitte,Mumbai,AI,876638,3,25-03-2024
Frontend Developer,TCS,Noida,AI,508888,2,17-03-2024
Data Scientist,HCLTech,Mumbai,AI,555567,2,11-07-2025
Machine Learning Engineer,HCLTech,Noida,Web Development,1261515,5,17-05-2025
AI Engineer,HCLTech,Remote,AI,332290,1,14-03-2024
Python Developer,Microsoft,Remote,Cloud,1109922,4,23-09-2025
Python Developer,Tech Mahindra,Ahmedabad,DevOps,290922,1,07-09-2024
Data Scientist,Tech Mahindra,Ahmedabad,Software Development,790722,3,27-07-2024
Data Scientist,Wipro,Mumbai,Software Development,252390,1,28-08-2025
DevOps Engineer,Wipro,Hyderabad,Analytics,621720,3,31-10-2024
DevOps Engineer,Amazon,Noida,Web Development,890792,3,29-05-2024
Backend Developer,Google,Kolkata,AI,277401,1,12-02-2024
DevOps Engineer,Oracle,Gurgaon,Data Science,588224,2,11-06-2025
Business Analyst,Wipro,Noida,Cloud,521296,2,06-09-2024
Full Stack Developer,Infosys,Mumbai,Software Development,1393159,5,27-08-2024
Python Developer,Infosys,Noida,Data Science,1146905,4,12-10-2024
Software Developer,Deloitte,Noida,AI,228655,1,07-12-2025
AI Engineer,Amazon,Jaipur,Data Science,842164,3,18-10-2025
Machine Learning Engineer,Google,Pune,Analytics,310014,1,24-10-2024
Data Analyst,Cognizant,Bangalore,Cloud,1127990,4,26-03-2025
DevOps Engineer,Amazon,Ahmedabad,AI,1253808,5,25-02-2024
Full Stack Developer,Infosys,Bangalore,Analytics,1096687,4,01-04-2024
Data Analyst,Cognizant,Bangalore,DevOps,210207,1,06-10-2025
Software Developer,Tech Mahindra,Ahmedabad,AI,576733,2,31-03-2024
Data Scientist,Infosys,Ahmedabad,Software Development,392394,1,25-07-2025
Python Developer,Infosys,Hyderabad,Data Science,1382663,5,01-03-2024
Machine Learning Engineer,Amazon,Pune,Web Development,593415,2,23-11-2025
Frontend Developer,Infosys,Pune,Analytics,572033,2,07-07-2025
DevOps Engineer,Infosys,Chennai,AI,515638,2,21-10-2024
Full Stack Developer,Oracle,Kolkata,AI,372714,1,02-09-2025
Data Scientist,TCS,Delhi,Web Development,333543,1,09-07-2025
Frontend Developer,Oracle,Noida,Data Science,1555634,5,10-08-2025
Business Analyst,Google,Pune,Web Development,684426,3,13-09-2025
Backend Developer,HCLTech,Pune,Data Science,996343,4,24-02-2024
Python Developer,TCS,Bangalore,Web Development,1125935,4,11-04-2024
Business Analyst,Accenture,Kolkata,Analytics,497187,2,04-04-2024
Business Analyst,Deloitte,Kolkata,AI,486593,2,26-06-2025
AI Engineer,Wipro,Noida,Analytics,290009,1,12-04-2025
Machine Learning Engineer,Google,Kolkata,Cloud,539820,2,26-04-2025
Data Analyst,HCLTech,Hyderabad,Software Development,1461456,5,09-06-2025
AI Engineer,Capgemini,Kolkata,Data Science,326905,1,20-03-2024
DevOps Engineer,Capgemini,Chennai,Web Development,1056977,4,26-03-2024
Business Analyst,Oracle,Remote,Analytics,1468805,5,12-04-2025
Machine Learning Engineer,TCS,Remote,Cloud,1139690,4,21-12-2025
Cloud Engineer,Google,Pune,Data Science,349713,1,29-06-2024
Machine Learning Engineer,Tech Mahindra,Chennai,Software Development,1569612,5,14-08-2024
Data Scientist,Accenture,Kolkata,AI,892443,3,09-05-2024
Backend Developer,Infosys,Hyderabad,Data Science,1001591,4,14-06-2025
Software Developer,Oracle,Bangalore,Cloud,779917,3,28-01-2024
Cloud Engineer,Wipro,Kolkata,AI,922706,4,17-02-2025
DevOps Engineer,Amazon,Remote,Data Science,834082,3,08-07-2024
Business Analyst,Accenture,Mumbai,Analytics,425381,2,08-11-2025
Data Scientist,Oracle,Ahmedabad,Cloud,908942,4,25-11-2025
Full Stack Developer,Infosys,Noida,Data Science,1328635,5,03-08-2025
Data Scientist,Capgemini,Remote,AI,1572539,5,01-02-2025
Data Scientist,Accenture,Noida,Software Development,589995,2,06-12-2025
Data Analyst,Capgemini,Mumbai,DevOps,242148,1,02-10-2024
Data Scientist,Cognizant,Ahmedabad,Analytics,444642,2,02-03-2024
Data Scientist,Deloitte,Delhi,Cloud,1121409,4,02-01-2025
Frontend Developer,Infosys,Jaipur,Cloud,656999,3,30-07-2025
Full Stack Developer,Oracle,Ahmedabad,Analytics,1222120,5,09-10-2024
DevOps Engineer,Zoho,Hyderabad,AI,1385248,5,22-04-2025
Machine Learning Engineer,Microsoft,Ahmedabad,Data Science,1165467,4,07-07-2024
Business Analyst,Google,Ahmedabad,DevOps,411434,2,20-02-2025
Business Analyst,Oracle,Bangalore,Web Development,534580,2,05-09-2024
Business Analyst,Wipro,Ahmedabad,DevOps,614186,3,05-11-2025
Frontend Developer,Infosys,Hyderabad,Data Science,567116,2,09-05-2025
Cloud Engineer,Zoho,Gurgaon,DevOps,926550,4,19-06-2024
Backend Developer,Microsoft,Hyderabad,Cloud,1074217,4,03-12-2024
AI Engineer,Microsoft,Bangalore,AI,1184425,4,05-08-2024
Business Analyst,Google,Ahmedabad,Data Science,374329,1,14-12-2024
Python Developer,HCLTech,Ahmedabad,Software Development,1162928,4,29-04-2025
AI Engineer,IBM,Bangalore,Data Science,662254,3,27-11-2024
Business Analyst,Oracle,Remote,Cloud,1047683,4,05-12-2024
Business Analyst,Infosys,Bangalore,DevOps,1116432,4,13-06-2025
Cloud Engineer,HCLTech,Mumbai,Cloud,684705,3,08-12-2024
Machine Learning Engineer,IBM,Remote,AI,412470,2,22-10-2024
Data Scientist,Oracle,Ahmedabad,Data Science,831660,3,22-04-2024
Software Developer,Amazon,Bangalore,DevOps,1084248,4,17-04-2025
Full Stack Developer,Amazon,Remote,DevOps,261526,1,26-06-2025
Full Stack Developer,Zoho,Gurgaon,Cloud,769044,3,26-06-2025
Software Developer,Microsoft,Noida,Analytics,233017,1,10-07-2024
Data Analyst,TCS,Hyderabad,Web Development,490234,2,26-02-2025
Data Scientist,Tech Mahindra,Gurgaon,DevOps,613620,3,02-01-2025
Frontend Developer,Microsoft,Noida,DevOps,485384,2,05-08-2024
Cloud Engineer,IBM,Remote,AI,1191400,4,22-12-2025
Machine Learning Engineer,Google,Kolkata,Web Development,1549691,5,02-12-2025
AI Engineer,Wipro,Ahmedabad,Software Development,1047440,4,14-11-2024
Cloud Engineer,Tech Mahindra,Mumbai,Cloud,494464,2,08-06-2024
Data Scientist,Tech Mahindra,Kolkata,DevOps,540253,2,30-09-2025
Full Stack Developer,Capgemini,Mumbai,Analytics,697837,3,26-01-2024
Cloud Engineer,Oracle,Hyderabad,Analytics,299574,1,08-06-2025
Backend Developer,Deloitte,Ahmedabad,AI,614947,3,16-08-2024
Software Developer,HCLTech,Noida,DevOps,864667,3,04-12-2024
Business Analyst,Deloitte,Chennai,Software Development,601948,3,25-07-2024
Business Analyst,Tech Mahindra,Ahmedabad,Data Science,1296534,5,02-05-2025
DevOps Engineer,Accenture,Pune,Data Science,1543110,5,28-06-2024
Machine Learning Engineer,IBM,Jaipur,Web Development,200019,1,24-02-2024
Data Analyst,Microsoft,Bangalore,Analytics,554752,2,20-12-2025
Software Developer,Cognizant,Kolkata,DevOps,612345,3,22-05-2025
Software Developer,Microsoft,Noida,Software Development,1109190,4,26-05-2025
Full Stack Developer,TCS,Ahmedabad,Software Development,429694,2,26-09-2025
Python Developer,IBM,Delhi,DevOps,1005145,4,15-10-2024
AI Engineer,Zoho,Mumbai,Analytics,1120270,4,06-02-2024
Business Analyst,Google,Kolkata,Data Science,1186522,4,15-08-2025
Full Stack Developer,Tech Mahindra,Gurgaon,Web Development,652587,3,10-07-2025
Data Scientist,Microsoft,Jaipur,AI,802568,3,05-03-2024
Backend Developer,HCLTech,Ahmedabad,Web Development,336030,1,22-10-2025
Machine Learning Engineer,IBM,Mumbai,DevOps,365321,1,18-05-2025
Data Scientist,Microsoft,Remote,AI,774297,3,05-03-2025
Python Developer,Capgemini,Noida,DevOps,488407,2,04-02-2025
Data Scientist,HCLTech,Gurgaon,Cloud,1184019,4,01-05-2025
Full Stack Developer,HCLTech,Kolkata,DevOps,560621,2,24-09-2025
DevOps Engineer,Google,Remote,Web Development,742578,3,21-02-2024
Data Analyst,TCS,Bangalore,Web Development,200637,1,13-05-2024
Machine Learning Engineer,Accenture,Noida,Software Development,976785,4,26-08-2024
Frontend Developer,Microsoft,Jaipur,Software Development,1455498,5,24-02-2025
DevOps Engineer,IBM,Hyderabad,Analytics,279605,1,24-05-2025
Data Scientist,HCLTech,Mumbai,Cloud,574190,2,24-10-2025
Machine Learning Engineer,Zoho,Hyderabad,AI,747912,3,30-06-2024
Frontend Developer,Infosys,Ahmedabad,Analytics,416091,2,13-04-2025
Business Analyst,Accenture,Bangalore,Data Science,1020565,4,26-12-2024
AI Engineer,Oracle,Gurgaon,Software Development,417829,2,06-02-2025
Frontend Developer,Zoho,Gurgaon,Data Science,1283330,5,18-10-2024
Machine Learning Engineer,TCS,Noida,Web Development,913332,4,19-06-2024
Python Developer,Infosys,Delhi,Software Development,1411787,5,17-01-2025
Software Developer,TCS,Noida,Data Science,1051733,4,29-03-2025
Cloud Engineer,HCLTech,Kolkata,Web Development,1381955,5,01-03-2025
Machine Learning Engineer,Cognizant,Jaipur,Web Development,377934,1,12-03-2024
DevOps Engineer,Google,Mumbai,Cloud,381575,1,13-11-2025
Software Developer,Capgemini,Jaipur,Web Development,707240,3,03-06-2025
Python Developer,TCS,Jaipur,Data Science,503644,2,04-10-2025
Software Developer,Wipro,Gurgaon,AI,1164512,4,28-10-2025
Frontend Developer,Capgemini,Pune,Analytics,302042,1,12-08-2024
Cloud Engineer,TCS,Noida,Web Development,284074,1,23-08-2025
Software Developer,Accenture,Gurgaon,DevOps,351340,1,06-10-2025
Data Analyst,Deloitte,Chennai,DevOps,758952,3,04-08-2024
DevOps Engineer,Wipro,Hyderabad,Cloud,813822,3,07-05-2025
Frontend Developer,Deloitte,Chennai,Data Science,679731,3,21-01-2025
Full Stack Developer,Tech Mahindra,Pune,Data Science,278278,1,18-09-2025
Python Developer,Google,Mumbai,Cloud,651269,3,28-02-2025
Backend Developer,Capgemini,Gurgaon,Software Development,1208750,5,02-09-2024
Software Developer,Wipro,Ahmedabad,Software Development,1556409,5,25-02-2024
Frontend Developer,Deloitte,Hyderabad,Software Development,618723,3,12-08-2024
Data Analyst,HCLTech,Chennai,Cloud,328403,1,18-06-2024
Software Developer,Infosys,Chennai,Analytics,1299650,5,29-09-2025
Data Analyst,TCS,Bangalore,Cloud,1043427,4,31-01-2025
Full Stack Developer,Wipro,Bangalore,AI,1593017,5,02-07-2025
Data Analyst,IBM,Remote,Analytics,535096,2,26-08-2025
AI Engineer,Wipro,Hyderabad,DevOps,555248,2,18-09-2025
AI Engineer,Deloitte,Delhi,Cloud,464547,2,12-10-2025
Software Developer,Microsoft,Hyderabad,Data Science,1294403,5,14-11-2024
Software Developer,Tech Mahindra,Delhi,AI,837151,3,19-07-2024
Data Analyst,Google,Remote,Analytics,422553,2,13-06-2025
Cloud Engineer,Capgemini,Mumbai,Web Development,1259960,5,03-02-2024
Software Developer,Infosys,Gurgaon,Web Development,795433,3,25-09-2025
Python Developer,Accenture,Remote,AI,385003,1,11-11-2025
Business Analyst,Wipro,Bangalore,Cloud,648614,3,03-05-2024
Frontend Developer,Tech Mahindra,Remote,Cloud,839741,3,16-12-2025
Software Developer,Amazon,Noida,Software Development,1512160,5,20-12-2024
Python Developer,Tech Mahindra,Remote,Software Development,330148,1,20-02-2025
Python Developer,Wipro,Chennai,Software Development,556987,2,18-08-2025
Software Developer,HCLTech,Mumbai,Analytics,758584,3,08-06-2025
Data Scientist,Wipro,Hyderabad,Cloud,946872,4,05-05-2025
AI Engineer,Google,Noida,Data Science,758530,3,10-10-2024
Data Scientist,Infosys,Hyderabad,AI,285641,1,05-06-2024
Backend Developer,Google,Noida,DevOps,1397528,5,29-12-2025
Full Stack Developer,TCS,Delhi,AI,266636,1,04-01-2025
Cloud Engineer,Microsoft,Bangalore,AI,894190,3,03-06-2024
Backend Developer,Google,Noida,Cloud,1110960,4,06-03-2024
Machine Learning Engineer,Cognizant,Bangalore,Software Development,1046244,4,24-04-2025
Frontend Developer,Accenture,Noida,Software Development,652939,3,20-11-2025
Business Analyst,Cognizant,Chennai,AI,299395,1,02-04-2025
Frontend Developer,Cognizant,Pune,Cloud,650758,3,01-06-2025
Machine Learning Engineer,Cognizant,Bangalore,Data Science,1323403,5,16-02-2024
Backend Developer,Wipro,Bangalore,Software Development,1573961,5,30-11-2025
Data Analyst,TCS,Chennai,Data Science,1177567,4,10-03-2025
Business Analyst,TCS,Gurgaon,DevOps,1519907,5,30-03-2025
Python Developer,Capgemini,Noida,AI,760339,3,20-07-2024
Machine Learning Engineer,Capgemini,Hyderabad,Software Development,399968,1,03-08-2025
Frontend Developer,HCLTech,Jaipur,DevOps,1275630,5,20-03-2024
Backend Developer,Google,Remote,Cloud,982803,4,12-03-2025
Software Developer,TCS,Kolkata,AI,1298939,5,07-12-2025
Software Developer,Microsoft,Jaipur,AI,1000222,4,04-06-2025
Data Scientist,Wipro,Noida,Cloud,315254,1,09-07-2024
Full Stack Developer,Accenture,Chennai,Data Science,1139585,4,23-01-2024
Frontend Developer,Zoho,Gurgaon,Cloud,379635,1,24-02-2025
Python Developer,Google,Gurgaon,Web Development,276923,1,12-08-2025
Python Developer,Google,Jaipur,Software Development,574904,2,07-12-2024
AI Engineer,TCS,Pune,Software Development,451527,2,15-11-2024
Backend Developer,TCS,Delhi,AI,1359520,5,17-05-2024
Data Scientist,Amazon,Kolkata,AI,368673,1,06-10-2024
Data Analyst,Wipro,Hyderabad,Cloud,835270,3,30-01-2025
Frontend Developer,Wipro,Gurgaon,DevOps,226108,1,18-02-2024
Data Analyst,Amazon,Gurgaon,Analytics,833801,3,25-05-2025
Data Analyst,HCLTech,Hyderabad,Software Development,1225054,5,27-08-2024
Python Developer,Tech Mahindra,Pune,Software Development,1206262,5,16-10-2025
Full Stack Developer,Amazon,Jaipur,Data Science,424555,2,20-01-2025
Cloud Engineer,TCS,Noida,DevOps,596027,2,25-06-2025
Data Analyst,HCLTech,Remote,Data Science,499915,2,28-02-2024
Cloud Engineer,Wipro,Chennai,AI,478503,2,04-01-2025
DevOps Engineer,TCS,Delhi,DevOps,1508963,5,18-12-2024
Frontend Developer,Capgemini,Hyderabad,Analytics,934593,4,20-10-2025
Business Analyst,Google,Jaipur,Cloud,731256,3,11-02-2024
Data Scientist,Tech Mahindra,Chennai,Cloud,483121,2,22-04-2025
Python Developer,IBM,Hyderabad,Data Science,307893,1,02-07-2024
DevOps Engineer,Infosys,Hyderabad,Web Development,287898,1,16-08-2024
Backend Developer,Cognizant,Kolkata,Cloud,267570,1,01-12-2025
Machine Learning Engineer,Wipro,Bangalore,DevOps,786662,3,01-11-2024
Data Scientist,Amazon,Mumbai,Software Development,205647,1,23-07-2025
Data Analyst,Tech Mahindra,Ahmedabad,DevOps,435421,2,06-07-2024
Data Scientist,Cognizant,Bangalore,Web Development,213188,1,09-03-2025
Cloud Engineer,Zoho,Bangalore,Data Science,282365,1,20-08-2024
Cloud Engineer,Microsoft,Kolkata,Data Science,228538,1,09-08-2024
AI Engineer,Deloitte,Kolkata,Software Development,450636,2,20-07-2024
Python Developer,Microsoft,Noida,Web Development,846341,3,11-11-2024
Frontend Developer,Deloitte,Noida,Data Science,699221,3,02-11-2024
Machine Learning Engineer,Infosys,Ahmedabad,Web Development,233726,1,10-07-2024
Data Scientist,Microsoft,Gurgaon,Cloud,420767,2,01-02-2024
Cloud Engineer,Zoho,Remote,Analytics,751723,3,29-10-2024
Data Scientist,HCLTech,Mumbai,AI,955431,4,15-12-2024
Full Stack Developer,Accenture,Gurgaon,Web Development,1042066,4,25-05-2024
DevOps Engineer,Deloitte,Ahmedabad,Web Development,743897,3,10-02-2024
Machine Learning Engineer,Microsoft,Chennai,Data Science,1351489,5,18-01-2024
Business Analyst,Google,Hyderabad,DevOps,944369,4,17-02-2025
Backend Developer,HCLTech,Kolkata,Analytics,242801,1,09-08-2025
Business Analyst,Infosys,Ahmedabad,DevOps,568024,2,02-10-2024
Python Developer,Zoho,Delhi,Web Development,609757,3,12-04-2025
Backend Developer,Microsoft,Noida,Data Science,581287,2,22-09-2024
DevOps Engineer,Amazon,Jaipur,Cloud,1560478,5,30-05-2024
Data Analyst,Infosys,Remote,Software Development,267714,1,12-02-2024
Machine Learning Engineer,Google,Ahmedabad,Software Development,1478156,5,22-05-2025
Business Analyst,Deloitte,Noida,AI,364046,1,09-06-2024
AI Engineer,IBM,Gurgaon,DevOps,1111753,4,22-12-2025
Data Analyst,Tech Mahindra,Chennai,Cloud,799797,3,23-05-2025
Data Analyst,Microsoft,Kolkata,Data Science,421395,2,26-05-2025
Software Developer,Accenture,Pune,Software Development,602321,3,15-05-2024
Machine Learning Engineer,Wipro,Kolkata,Cloud,1219958,5,07-02-2025
Frontend Developer,Cognizant,Jaipur,Data Science,280784,1,29-07-2025
Data Analyst,Cognizant,Noida,Software Development,1574210,5,11-08-2025
DevOps Engineer,Amazon,Noida,Cloud,1447957,5,17-11-2024
AI Engineer,Microsoft,Hyderabad,DevOps,645026,3,22-06-2024
Backend Developer,Wipro,Mumbai,DevOps,316491,1,12-07-2024
Business Analyst,Deloitte,Bangalore,Data Science,680365,3,10-06-2024
Data Scientist,Microsoft,Chennai,Web Development,1225060,5,25-12-2025
Full Stack Developer,Infosys,Remote,DevOps,312721,1,05-01-2025
Machine Learning Engineer,Cognizant,Gurgaon,Data Science,688488,3,31-03-2024
Python Developer,TCS,Pune,Web Development,580486,2,05-10-2024
Machine Learning Engineer,TCS,Mumbai,Cloud,1455520,5,24-06-2024
Cloud Engineer,Deloitte,Bangalore,Web Development,661119,3,02-01-2024
Frontend Developer,Oracle,Bangalore,Cloud,523760,2,15-05-2024
Python Developer,Amazon,Ahmedabad,Data Science,242552,1,22-04-2024
Machine Learning Engineer,Accenture,Delhi,AI,357772,1,30-04-2024
Cloud Engineer,Wipro,Hyderabad,Web Development,1334608,5,10-08-2025
Machine Learning Engineer,Cognizant,Kolkata,DevOps,1378857,5,12-12-2025
Frontend Developer,Microsoft,Jaipur,Data Science,445084,2,27-12-2025
Backend Developer,Capgemini,Chennai,AI,679329,3,11-03-2024
Python Developer,Microsoft,Delhi,Software Development,237740,1,09-11-2024
Backend Developer,Amazon,Pune,DevOps,318017,1,26-03-2025
Business Analyst,Tech Mahindra,Bangalore,Cloud,630080,3,31-03-2024
Cloud Engineer,Cognizant,Mumbai,Software Development,547399,2,17-07-2024
DevOps Engineer,Google,Gurgaon,Web Development,342636,1,08-07-2025
Business Analyst,Microsoft,Jaipur,Web Development,488146,2,19-07-2025
Backend Developer,IBM,Pune,DevOps,804639,3,21-01-2024
Business Analyst,Accenture,Bangalore,Software Development,536202,2,12-12-2024
Frontend Developer,Zoho,Remote,AI,572196,2,13-03-2024
Backend Developer,Deloitte,Noida,Cloud,1005222,4,01-01-2025
Cloud Engineer,Oracle,Pune,Data Science,458911,2,23-01-2024
Cloud Engineer,HCLTech,Ahmedabad,DevOps,718865,3,01-05-2024
Machine Learning Engineer,Oracle,Noida,Data Science,1496113,5,28-01-2024
AI Engineer,Google,Jaipur,AI,701493,3,15-11-2024
Software Developer,Tech Mahindra,Chennai,Cloud,1003215,4,04-04-2025
Machine Learning Engineer,Microsoft,Chennai,DevOps,1211641,5,20-08-2025
DevOps Engineer,HCLTech,Ahmedabad,Analytics,251948,1,15-12-2025
Data Scientist,Accenture,Mumbai,Analytics,531784,2,07-11-2024
DevOps Engineer,Deloitte,Jaipur,DevOps,1383122,5,10-03-2025
Business Analyst,TCS,Chennai,AI,286194,1,23-05-2025
Full Stack Developer,Cognizant,Noida,Analytics,914324,4,21-05-2024
Data Analyst,HCLTech,Kolkata,DevOps,1011825,4,30-11-2025
Backend Developer,Deloitte,Remote,Analytics,1528751,5,23-08-2024
AI Engineer,Deloitte,Hyderabad,Data Science,1084755,4,13-10-2024
Data Analyst,Cognizant,Bangalore,Web Development,475086,2,22-03-2025
Python Developer,Google,Remote,Data Science,254767,1,01-12-2024
Full Stack Developer,Infosys,Chennai,AI,258586,1,30-03-2025
DevOps Engineer,Oracle,Chennai,Cloud,354750,1,16-02-2025
Data Analyst,Accenture,Bangalore,DevOps,823917,3,16-08-2024
Data Analyst,Wipro,Noida,Software Development,1487323,5,21-07-2025
Python Developer,Oracle,Jaipur,Analytics,460166,2,23-02-2025
Business Analyst,Zoho,Pune,Analytics,226147,1,05-04-2025
Full Stack Developer,Accenture,Kolkata,Cloud,1345205,5,31-10-2024
Machine Learning Engineer,Amazon,Kolkata,Web Development,204568,1,28-06-2024
Backend Developer,Google,Bangalore,Software Development,1325787,5,30-11-2024
Data Scientist,IBM,Jaipur,DevOps,938481,4,20-12-2024
Python Developer,Infosys,Hyderabad,Software Development,1116040,4,17-01-2024
Business Analyst,HCLTech,Gurgaon,Data Science,288023,1,19-02-2024
Machine Learning Engineer,Cognizant,Chennai,Analytics,1410448,5,11-01-2025
Frontend Developer,Tech Mahindra,Kolkata,AI,546212,2,21-01-2024
Software Developer,Zoho,Delhi,AI,595525,2,14-01-2024
Backend Developer,Infosys,Ahmedabad,Data Science,1396180,5,02-07-2024
Machine Learning Engineer,Zoho,Delhi,Cloud,541520,2,29-12-2024
Full Stack Developer,IBM,Remote,DevOps,1558412,5,22-01-2024
Frontend Developer,TCS,Ahmedabad,DevOps,579394,2,06-02-2024
Software Developer,Cognizant,Pune,AI,242147,1,02-03-2024
Data Analyst,Tech Mahindra,Mumbai,AI,814861,3,20-08-2024
Full Stack Developer,Capgemini,Mumbai,Software Development,796582,3,15-11-2025
Full Stack Developer,Amazon,Ahmedabad,DevOps,951846,4,13-08-2024
Frontend Developer,Microsoft,Pune,Cloud,512724,2,25-09-2024
Cloud Engineer,Microsoft,Jaipur,Web Development,1144662,4,19-06-2024
Backend Developer,Tech Mahindra,Hyderabad,AI,636510,3,08-12-2025
Full Stack Developer,IBM,Remote,Software Development,328647,1,23-05-2024
Backend Developer,Microsoft,Gurgaon,Cloud,1503400,5,23-11-2025
Software Developer,Zoho,Bangalore,Web Development,310131,1,18-07-2025
Business Analyst,Cognizant,Kolkata,AI,1588589,5,18-01-2025
Cloud Engineer,Zoho,Delhi,Data Science,1207025,5,21-03-2024
Software Developer,Wipro,Gurgaon,Web Development,1054824,4,10-11-2024
Software Developer,Infosys,Remote,Software Development,431569,2,16-01-2024
DevOps Engineer,Oracle,Kolkata,Software Development,1220772,5,21-11-2024
DevOps Engineer,Infosys,Chennai,Data Science,846970,3,18-12-2024
Data Scientist,Accenture,Pune,Cloud,515004,2,15-04-2024
Data Analyst,Google,Chennai,Web Development,299842,1,18-04-2025
AI Engineer,HCLTech,Bangalore,Cloud,415821,2,10-09-2024
Full Stack Developer,HCLTech,Noida,Cloud,286415,1,18-01-2025
Machine Learning Engineer,Zoho,Mumbai,Data Science,567007,2,15-06-2025
Data Analyst,Wipro,Gurgaon,Analytics,929056,4,28-09-2024
Data Analyst,Infosys,Noida,Data Science,609021,3,07-10-2024
Data Analyst,Cognizant,Remote,Software Development,1509042,5,19-11-2025
Full Stack Developer,Accenture,Ahmedabad,Cloud,342654,1,29-09-2024
Full Stack Developer,Wipro,Hyderabad,Software Development,906935,4,14-04-2024
Software Developer,Microsoft,Kolkata,Analytics,767024,3,05-12-2024
Python Developer,Deloitte,Jaipur,AI,262221,1,14-01-2024
Cloud Engineer,Amazon,Jaipur,Software Development,637849,3,21-04-2025
AI Engineer,Google,Kolkata,DevOps,1076521,4,08-08-2025
Frontend Developer,Wipro,Mumbai,Analytics,521898,2,22-05-2024
Business Analyst,Amazon,Jaipur,Web Development,438460,2,17-09-2024
Data Analyst,Cognizant,Gurgaon,Web Development,1441928,5,26-12-2025
Backend Developer,Amazon,Jaipur,Data Science,896048,3,06-09-2025
Frontend Developer,Infosys,Jaipur,Software Development,529310,2,06-01-2025
Data Scientist,Google,Kolkata,Data Science,427348,2,20-01-2025
Data Analyst,Tech Mahindra,Gurgaon,Software Development,995525,4,14-12-2025
Frontend Developer,Wipro,Ahmedabad,Data Science,1339015,5,13-01-2025
Machine Learning Engineer,Oracle,Remote,DevOps,294856,1,05-08-2024
Data Scientist,Tech Mahindra,Pune,AI,812196,3,08-09-2025
Frontend Developer,Zoho,Ahmedabad,AI,1530835,5,19-10-2024
Data Scientist,Tech Mahindra,Chennai,Data Science,554602,2,28-02-2024
Machine Learning Engineer,Oracle,Remote,Analytics,897496,3,16-01-2024
Business Analyst,Wipro,Noida,Data Science,974739,4,01-10-2025
Cloud Engineer,Cognizant,Jaipur,AI,458416,2,10-05-2024
AI Engineer,Google,Mumbai,DevOps,1320993,5,02-07-2025
AI Engineer,Oracle,Ahmedabad,DevOps,1453508,5,28-04-2024
Full Stack Developer,TCS,Bangalore,AI,533361,2,08-04-2025
Business Analyst,Amazon,Noida,DevOps,731519,3,02-07-2024
Software Developer,Deloitte,Jaipur,Data Science,1094314,4,18-12-2024
Business Analyst,HCLTech,Delhi,Cloud,1594933,5,25-08-2025
Frontend Developer,IBM,Hyderabad,Software Development,917291,4,30-03-2024
Frontend Developer,Cognizant,Noida,Analytics,1055873,4,22-08-2024
Data Analyst,Zoho,Gurgaon,Data Science,533163,2,07-11-2025
Cloud Engineer,Cognizant,Hyderabad,DevOps,475429,2,08-07-2025
Business Analyst,Deloitte,Gurgaon,DevOps,1575421,5,21-12-2025
DevOps Engineer,Deloitte,Mumbai,Web Development,692043,3,08-02-2024
Backend Developer,Cognizant,Bangalore,Web Development,803784,3,12-11-2024
AI Engineer,Oracle,Delhi,Analytics,482453,2,26-02-2024
Frontend Developer,Accenture,Ahmedabad,Data Science,580579,2,02-01-2025
Python Developer,Tech Mahindra,Pune,Analytics,1497677,5,18-06-2024
DevOps Engineer,IBM,Jaipur,DevOps,591000,2,25-01-2024
Full Stack Developer,Oracle,Mumbai,DevOps,863127,3,01-05-2025
DevOps Engineer,Cognizant,Pune,DevOps,283775,1,02-05-2024
Business Analyst,Microsoft,Jaipur,Data Science,1160273,4,15-11-2025
Data Analyst,Deloitte,Pune,Data Science,584799,2,26-09-2025
Backend Developer,Amazon,Delhi,Data Science,358069,1,12-06-2024
Python Developer,Wipro,Mumbai,Cloud,453606,2,24-10-2025
Full Stack Developer,Accenture,Kolkata,AI,1342877,5,31-12-2025
Backend Developer,Accenture,Jaipur,Analytics,436352,2,12-04-2025
Python Developer,Oracle,Pune,Web Development,845328,3,06-01-2025
Cloud Engineer,Microsoft,Hyderabad,DevOps,482508,2,01-01-2024
Software Developer,Deloitte,Remote,Analytics,1077803,4,04-01-2024
Cloud Engineer,Infosys,Ahmedabad,Web Development,802120,3,11-11-2025
AI Engineer,IBM,Jaipur,AI,386645,1,16-06-2024
Python Developer,Deloitte,Gurgaon,Cloud,981249,4,17-07-2024
AI Engineer,Amazon,Remote,AI,396281,1,26-09-2025
Cloud Engineer,Zoho,Hyderabad,Web Development,710010,3,09-06-2024
Business Analyst,Zoho,Remote,Web Development,1064473,4,16-06-2025
AI Engineer,Tech Mahindra,Remote,Cloud,535856,2,06-04-2025
DevOps Engineer,Microsoft,Jaipur,Analytics,431310,2,12-03-2024
Full Stack Developer,Cognizant,Hyderabad,Web Development,429558,2,24-10-2024
Data Scientist,Microsoft,Remote,Web Development,859394,3,12-11-2024
Frontend Developer,Infosys,Mumbai,Analytics,790243,3,18-06-2025
Python Developer,IBM,Pune,DevOps,346725,1,20-04-2025
Machine Learning Engineer,Microsoft,Jaipur,Web Development,594060,2,18-10-2025
Machine Learning Engineer,Amazon,Pune,AI,528571,2,16-03-2024
Machine Learning Engineer,Google,Remote,Analytics,712988,3,07-05-2024
Backend Developer,Tech Mahindra,Pune,Web Development,1224975,5,13-04-2025
Machine Learning Engineer,HCLTech,Pune,Cloud,536192,2,29-02-2024
Backend Developer,TCS,Delhi,Cloud,1106576,4,10-05-2024
Python Developer,Cognizant,Bangalore,Analytics,577854,2,02-07-2025
Python Developer,Google,Bangalore,AI,1248633,5,06-02-2024
Frontend Developer,Microsoft,Remote,Software Development,1051981,4,14-11-2025
Software Developer,Microsoft,Pune,Software Development,532737,2,31-12-2024
Backend Developer,Deloitte,Bangalore,Data Science,264519,1,23-04-2024
Cloud Engineer,Infosys,Gurgaon,Web Development,281002,1,13-05-2024
Frontend Developer,Amazon,Bangalore,Cloud,807391,3,12-08-2025
AI Engineer,Accenture,Ahmedabad,Analytics,1018935,4,15-10-2024
Data Analyst,IBM,Jaipur,DevOps,349963,1,24-01-2024
Business Analyst,Amazon,Pune,Software Development,1242352,5,09-06-2025
DevOps Engineer,Accenture,Delhi,Web Development,1486011,5,04-02-2024
Data Scientist,Zoho,Pune,Cloud,434404,2,29-01-2024
Data Analyst,Accenture,Gurgaon,Analytics,799096,3,23-05-2024
AI Engineer,Capgemini,Pune,AI,369428,1,28-01-2024
Frontend Developer,Accenture,Pune,Cloud,689622,3,08-12-2025
Frontend Developer,Microsoft,Remote,Data Science,1052074,4,22-08-2024
Backend Developer,Oracle,Kolkata,Analytics,769619,3,22-07-2024
Backend Developer,Accenture,Remote,Web Development,379725,1,20-12-2025
Business Analyst,Accenture,Noida,DevOps,1598837,5,31-03-2025
AI Engineer,Google,Ahmedabad,Cloud,620628,3,20-05-2024
Machine Learning Engineer,Capgemini,Bangalore,DevOps,530481,2,21-04-2025
Frontend Developer,TCS,Delhi,DevOps,555664,2,16-12-2024
Backend Developer,Amazon,Chennai,Web Development,1495925,5,05-08-2024
Business Analyst,Infosys,Delhi,Analytics,851298,3,10-02-2024
Software Developer,TCS,Jaipur,AI,1197582,4,05-08-2024
Full Stack Developer,Tech Mahindra,Jaipur,Web Development,752371,3,23-06-2024
Data Analyst,HCLTech,Noida,Web Development,1100759,4,15-01-2024
Software Developer,Capgemini,Chennai,Software Development,531470,2,05-10-2024
Data Analyst,Wipro,Hyderabad,Cloud,1189806,4,29-04-2025
Frontend Developer,Amazon,Gurgaon,Web Development,449662,2,16-02-2025
Frontend Developer,Oracle,Chennai,Cloud,584297,2,11-05-2025
AI Engineer,Oracle,Kolkata,Software Development,668638,3,24-07-2025
Business Analyst,Capgemini,Mumbai,Cloud,900685,4,24-04-2024
Cloud Engineer,Zoho,Kolkata,Data Science,1436298,5,07-03-2025
Business Analyst,Wipro,Pune,Web Development,1596540,5,08-05-2025
Frontend Developer,Deloitte,Chennai,DevOps,947520,4,22-12-2024
DevOps Engineer,Deloitte,Ahmedabad,Web Development,1438121,5,03-04-2024
Python Developer,Zoho,Jaipur,Software Development,1099695,4,25-08-2024
AI Engineer,Tech Mahindra,Remote,Data Science,623182,3,11-09-2024
AI Engineer,Oracle,Chennai,Analytics,255817,1,02-09-2024
Data Analyst,Microsoft,Mumbai,Cloud,811924,3,21-05-2025
Cloud Engineer,Google,Remote,DevOps,525822,2,30-01-2025
Machine Learning Engineer,Microsoft,Remote,Analytics,561036,2,21-10-2024
Data Scientist,IBM,Pune,AI,403637,2,01-05-2024
Business Analyst,Amazon,Bangalore,Software Development,593940,2,15-12-2024
Cloud Engineer,Zoho,Hyderabad,Cloud,681987,3,16-07-2025
DevOps Engineer,Wipro,Chennai,Data Science,1294898,5,03-12-2025
Full Stack Developer,Oracle,Chennai,Data Science,948297,4,24-08-2025
Python Developer,HCLTech,Mumbai,Software Development,346694,1,17-11-2025
Python Developer,Amazon,Chennai,Analytics,351246,1,18-03-2024
Full Stack Developer,Google,Delhi,AI,875920,3,18-05-2024
Data Scientist,Cognizant,Bangalore,Analytics,322735,1,08-03-2024
Machine Learning Engineer,Infosys,Bangalore,Cloud,1575577,5,21-10-2024
Machine Learning Engineer,HCLTech,Kolkata,Software Development,490843,2,06-03-2024
Machine Learning Engineer,Tech Mahindra,Noida,Web Development,790210,3,07-07-2024
Backend Developer,Google,Remote,DevOps,391848,1,20-09-2024
AI Engineer,IBM,Delhi,Cloud,912264,4,26-01-2024
Business Analyst,Amazon,Noida,Data Science,505046,2,30-01-2024
Full Stack Developer,Tech Mahindra,Ahmedabad,Cloud,1260111,5,01-05-2025
Frontend Developer,HCLTech,Jaipur,Software Development,349488,1,13-12-2024
Software Developer,TCS,Mumbai,Analytics,546869,2,15-08-2025
Software Developer,Oracle,Delhi,Analytics,822484,3,01-07-2024
Business Analyst,TCS,Bangalore,AI,292901,1,30-09-2024
Frontend Developer,TCS,Ahmedabad,Analytics,970238,4,09-04-2025
DevOps Engineer,Accenture,Jaipur,Web Development,370946,1,25-08-2025
DevOps Engineer,HCLTech,Chennai,Data Science,212580,1,24-09-2025
Full Stack Developer,Infosys,Pune,Cloud,1357978,5,24-02-2024
Machine Learning Engineer,Oracle,Noida,DevOps,558421,2,02-09-2024
DevOps Engineer,Deloitte,Jaipur,Data Science,1530586,5,20-05-2025
Software Developer,Wipro,Kolkata,Web Development,1569680,5,08-12-2025
Machine Learning Engineer,Infosys,Pune,Software Development,501488,2,13-04-2024
Backend Developer,Oracle,Pune,Cloud,377502,1,01-04-2024
Frontend Developer,Wipro,Remote,DevOps,500405,2,16-06-2024
Frontend Developer,Accenture,Bangalore,Analytics,536103,2,23-03-2024
Business Analyst,Tech Mahindra,Remote,Software Development,552384,2,29-07-2025
Frontend Developer,TCS,Pune,Analytics,524288,2,14-12-2025
Business Analyst,Infosys,Pune,DevOps,321949,1,12-06-2025
Python Developer,Wipro,Chennai,Cloud,945833,4,19-01-2024
Backend Developer,Microsoft,Chennai,Analytics,698126,3,24-06-2025
Data Analyst,HCLTech,Mumbai,Software Development,451180,2,01-06-2025
DevOps Engineer,Deloitte,Gurgaon,Data Science,871392,3,19-07-2025
Backend Developer,Cognizant,Mumbai,DevOps,588482,2,10-04-2025
Data Scientist,Amazon,Bangalore,Software Development,1103677,4,10-03-2024
Python Developer,Microsoft,Chennai,Web Development,274227,1,25-05-2024
Data Scientist,Accenture,Jaipur,Data Science,1096496,4,31-10-2024
AI Engineer,Accenture,Noida,Software Development,569385,2,25-11-2025
AI Engineer,Capgemini,Pune,AI,954480,4,01-04-2024
Python Developer,TCS,Gurgaon,Cloud,1496294,5,13-01-2024
Backend Developer,IBM,Chennai,Analytics,1385657,5,22-11-2025
DevOps Engineer,Zoho,Kolkata,Web Development,1216697,5,29-09-2024
Data Scientist,IBM,Pune,Software Development,717393,3,31-10-2024
Data Analyst,Cognizant,Ahmedabad,Web Development,1347442,5,22-08-2024
Data Analyst,Oracle,Hyderabad,Data Science,1503463,5,08-10-2024
Python Developer,Cognizant,Chennai,Cloud,1362342,5,12-10-2025
Data Scientist,Accenture,Delhi,AI,256118,1,11-12-2025
Business Analyst,Wipro,Mumbai,Analytics,1527007,5,11-08-2025
AI Engineer,Oracle,Kolkata,Web Development,1131927,4,16-10-2025
Machine Learning Engineer,Deloitte,Mumbai,Software Development,300593,1,20-07-2024
Cloud Engineer,HCLTech,Jaipur,Analytics,615818,3,04-10-2024
Data Scientist,Accenture,Noida,Analytics,458260,2,21-07-2025
Software Developer,Accenture,Delhi,Analytics,1465018,5,09-12-2025
DevOps Engineer,IBM,Jaipur,Web Development,409928,2,02-05-2025
Full Stack Developer,Cognizant,Chennai,Analytics,896191,3,23-05-2024
Python Developer,Infosys,Hyderabad,Data Science,1030359,4,16-08-2025
Backend Developer,Cognizant,Pune,Data Science,1403386,5,18-09-2025
Data Scientist,Zoho,Pune,Software Development,1450251,5,12-11-2025
Backend Developer,Capgemini,Mumbai,Cloud,1120800,4,22-10-2025
Data Analyst,Capgemini,Gurgaon,Data Science,1417418,5,10-11-2025
Business Analyst,TCS,Delhi,Software Development,223960,1,07-09-2025
Full Stack Developer,HCLTech,Noida,DevOps,388630,1,11-10-2025
Data Scientist,Deloitte,Chennai,Data Science,943101,4,30-11-2024
Cloud Engineer,HCLTech,Hyderabad,Web Development,1502130,5,21-09-2025
Backend Developer,HCLTech,Jaipur,AI,488992,2,22-02-2025
Business Analyst,Infosys,Bangalore,Software Development,893070,3,12-06-2025
Data Analyst,Wipro,Chennai,Software Development,943367,4,28-09-2024
DevOps Engineer,IBM,Mumbai,Software Development,733743,3,26-07-2024
Software Developer,TCS,Pune,Web Development,1517663,5,16-02-2024
AI Engineer,TCS,Mumbai,Web Development,1596412,5,07-11-2025
Full Stack Developer,Infosys,Kolkata,Software Development,1064976,4,25-11-2024
Python Developer,Infosys,Noida,Data Science,977181,4,18-03-2025
DevOps Engineer,HCLTech,Noida,Web Development,881895,3,10-08-2025
Software Developer,Accenture,Gurgaon,Web Development,713205,3,11-12-2024
DevOps Engineer,Deloitte,Ahmedabad,Data Science,788786,3,19-09-2024
Full Stack Developer,TCS,Chennai,Software Development,518859,2,22-06-2024
Frontend Developer,Cognizant,Ahmedabad,Software Development,424178,2,20-08-2025
Backend Developer,Deloitte,Delhi,Cloud,880062,3,01-07-2024
Business Analyst,Google,Jaipur,Data Science,602274,3,03-07-2025
Frontend Developer,Deloitte,Remote,Cloud,419946,2,15-07-2024
DevOps Engineer,Microsoft,Kolkata,DevOps,249027,1,09-10-2025
Full Stack Developer,Microsoft,Pune,Cloud,895854,3,26-04-2025
Business Analyst,IBM,Kolkata,Software Development,1188781,4,19-09-2024
Data Scientist,Google,Bangalore,AI,494615,2,19-03-2024
DevOps Engineer,Deloitte,Ahmedabad,Data Science,837845,3,21-01-2025
Python Developer,IBM,Bangalore,AI,1137364,4,14-05-2025
Business Analyst,Oracle,Delhi,Data Science,312416,1,20-10-2025
Machine Learning Engineer,Wipro,Mumbai,Software Development,325321,1,27-09-2024
Machine Learning Engineer,Zoho,Remote,Web Development,514043,2,29-01-2025
Backend Developer,Deloitte,Gurgaon,Data Science,234881,1,17-04-2024
Software Developer,Infosys,Gurgaon,AI,395221,1,07-01-2024
Full Stack Developer,Google,Noida,AI,950448,4,08-02-2024
Full Stack Developer,Zoho,Hyderabad,Cloud,994957,4,13-02-2024
Backend Developer,HCLTech,Noida,Data Science,393321,1,24-11-2024
Python Developer,Google,Mumbai,Cloud,374337,1,14-01-2025
Business Analyst,Infosys,Bangalore,Analytics,333118,1,31-10-2025
DevOps Engineer,Cognizant,Remote,AI,897323,3,22-01-2025
Full Stack Developer,Infosys,Remote,Web Development,1377096,5,08-04-2025
Backend Developer,Oracle,Chennai,AI,783945,3,19-03-2024
Backend Developer,Microsoft,Ahmedabad,Cloud,1015010,4,24-02-2025
Frontend Developer,Zoho,Bangalore,Data Science,497479,2,19-07-2025
DevOps Engineer,TCS,Delhi,Web Development,962449,4,12-04-2024
Frontend Developer,Amazon,Pune,DevOps,570712,2,17-11-2025
DevOps Engineer,Amazon,Delhi,DevOps,1159425,4,16-07-2025
AI Engineer,Zoho,Noida,AI,1210543,5,09-09-2024
DevOps Engineer,Accenture,Hyderabad,Software Development,380205,1,24-07-2025
Backend Developer,IBM,Pune,Web Development,842438,3,28-07-2025
Full Stack Developer,Accenture,Remote,DevOps,1048937,4,15-11-2024
Data Analyst,Google,Hyderabad,Web Development,686730,3,03-11-2025
Software Developer,Cognizant,Hyderabad,Cloud,480020,2,24-04-2025
AI Engineer,Accenture,Bangalore,Analytics,989752,4,25-12-2025
Full Stack Developer,Wipro,Hyderabad,DevOps,1490697,5,07-06-2024
Frontend Developer,Amazon,Ahmedabad,Data Science,1061776,4,07-07-2025
Software Developer,TCS,Kolkata,Cloud,571280,2,27-10-2025
DevOps Engineer,Google,Hyderabad,AI,1256675,5,27-03-2025
Software Developer,Deloitte,Delhi,Web Development,1582544,5,25-06-2025
Software Developer,Google,Delhi,Web Development,294846,1,29-04-2024
Data Analyst,Microsoft,Mumbai,AI,1483229,5,12-11-2025
Machine Learning Engineer,Accenture,Kolkata,Software Development,284807,1,11-05-2024
Backend Developer,Cognizant,Pune,Software Development,837945,3,15-03-2024
Machine Learning Engineer,Capgemini,Remote,DevOps,606103,3,09-01-2024
Data Scientist,Oracle,Jaipur,Analytics,521903,2,18-12-2024
Cloud Engineer,TCS,Ahmedabad,DevOps,693624,3,30-06-2024
Data Scientist,TCS,Chennai,Cloud,974080,4,24-11-2025
Machine Learning Engineer,Infosys,Noida,Software Development,796511,3,04-03-2025
Backend Developer,Infosys,Remote,Web Development,1338835,5,21-05-2025
Data Scientist,Accenture,Hyderabad,AI,439892,2,25-04-2025
Cloud Engineer,Amazon,Chennai,Web Development,946285,4,21-06-2025
Business Analyst,Deloitte,Pune,Data Science,513707,2,22-07-2025
Cloud Engineer,Deloitte,Noida,DevOps,880695,3,09-07-2024
Data Scientist,Amazon,Mumbai,Software Development,1057073,4,18-01-2024
Data Analyst,HCLTech,Ahmedabad,Web Development,1584181,5,07-03-2024
Backend Developer,Amazon,Jaipur,Analytics,323595,1,18-04-2025
DevOps Engineer,TCS,Remote,Analytics,497959,2,03-07-2024
Frontend Developer,Zoho,Bangalore,AI,314207,1,29-12-2024
AI Engineer,Cognizant,Mumbai,Data Science,1347735,5,03-02-2024
Business Analyst,Amazon,Ahmedabad,Web Development,1171205,4,01-03-2024
Software Developer,HCLTech,Noida,Analytics,1548748,5,02-02-2025
Machine Learning Engineer,Wipro,Kolkata,Software Development,1428338,5,21-03-2024
Data Analyst,Capgemini,Jaipur,Cloud,353199,1,06-01-2024
Data Analyst,Wipro,Hyderabad,Cloud,212535,1,16-06-2025
Python Developer,Zoho,Kolkata,Analytics,410341,2,29-08-2024
Backend Developer,HCLTech,Noida,DevOps,1576826,5,14-07-2024
Cloud Engineer,Capgemini,Delhi,Analytics,872387,3,08-11-2025
Data Scientist,Zoho,Noida,Analytics,1090052,4,24-04-2025
Data Analyst,Tech Mahindra,Pune,AI,240634,1,03-04-2025
Machine Learning Engineer,Cognizant,Mumbai,DevOps,1100165,4,29-07-2024
Data Scientist,IBM,Chennai,Cloud,611626,3,19-04-2025
Python Developer,Microsoft,Kolkata,Data Science,498327,2,13-07-2025
Machine Learning Engineer,IBM,Kolkata,Cloud,1438268,5,24-12-2024
Machine Learning Engineer,Oracle,Noida,Data Science,1578210,5,09-11-2024
Full Stack Developer,Wipro,Remote,DevOps,455325,2,19-03-2024
Software Developer,IBM,Bangalore,Software Development,458825,2,05-05-2025
Frontend Developer,Wipro,Jaipur,DevOps,1253608,5,12-04-2025
Business Analyst,HCLTech,Remote,AI,1406253,5,30-03-2024
Software Developer,TCS,Delhi,Data Science,1380861,5,05-05-2024
Data Analyst,Tech Mahindra,Hyderabad,Data Science,344361,1,20-09-2025
Cloud Engineer,Oracle,Noida,Software Development,1451826,5,15-03-2025
Frontend Developer,HCLTech,Gurgaon,AI,1317487,5,29-09-2024
Python Developer,Deloitte,Jaipur,Web Development,994863,4,09-05-2024
Software Developer,Infosys,Jaipur,Software Development,291784,1,11-02-2025
Full Stack Developer,Tech Mahindra,Chennai,Cloud,1583553,5,29-09-2025
Business Analyst,Amazon,Chennai,DevOps,1073367,4,09-10-2025
Cloud Engineer,IBM,Bangalore,Cloud,234918,1,28-08-2024
Backend Developer,Infosys,Noida,Web Development,419032,2,30-12-2024
Data Scientist,Amazon,Jaipur,AI,669952,3,25-12-2025
DevOps Engineer,HCLTech,Pune,Web Development,217572,1,12-10-2024
Data Analyst,Wipro,Mumbai,Analytics,393358,1,03-06-2025
Software Developer,Zoho,Hyderabad,Analytics,542457,2,22-04-2025
Full Stack Developer,Deloitte,Jaipur,Cloud,1440076,5,20-01-2025
Software Developer,Infosys,Hyderabad,Analytics,1537874,5,12-11-2025
Data Scientist,Cognizant,Ahmedabad,Data Science,838676,3,30-04-2025
Machine Learning Engineer,TCS,Kolkata,AI,1368573,5,14-06-2025
Software Developer,HCLTech,Chennai,Software Development,955758,4,02-01-2024
Backend Developer,Infosys,Mumbai,Analytics,663272,3,05-03-2024
Machine Learning Engineer,Capgemini,Chennai,Web Development,368187,1,28-04-2024
Data Analyst,HCLTech,Ahmedabad,Cloud,1568255,5,19-02-2025
AI Engineer,Oracle,Mumbai,Analytics,1510091,5,03-10-2024
Python Developer,TCS,Jaipur,Analytics,578585,2,12-09-2024
Data Analyst,Infosys,Kolkata,Cloud,585356,2,13-03-2024
DevOps Engineer,Accenture,Pune,Data Science,1532452,5,03-12-2025
Software Developer,Amazon,Chennai,DevOps,526189,2,29-10-2025
Frontend Developer,Deloitte,Pune,DevOps,303919,1,15-02-2024
Full Stack Developer,Wipro,Hyderabad,Cloud,943284,4,09-07-2024
Business Analyst,Wipro,Hyderabad,DevOps,268333,1,12-06-2025
Business Analyst,Tech Mahindra,Jaipur,Data Science,1076320,4,15-11-2024
Data Scientist,Amazon,Ahmedabad,Cloud,557714,2,26-07-2024
AI Engineer,Cognizant,Delhi,Software Development,1440223,5,20-12-2024
Full Stack Developer,Amazon,Remote,Web Development,252516,1,07-02-2025
Frontend Developer,Deloitte,Jaipur,Web Development,526948,2,27-08-2024
Full Stack Developer,Microsoft,Hyderabad,Analytics,502832,2,04-10-2024
AI Engineer,Deloitte,Delhi,Data Science,529897,2,22-02-2024
Machine Learning Engineer,Zoho,Jaipur,AI,265711,1,23-06-2025
Data Scientist,Google,Bangalore,Data Science,279460,1,09-03-2024
AI Engineer,Microsoft,Mumbai,Data Science,1312148,5,08-06-2024
Business Analyst,Capgemini,Gurgaon,DevOps,611324,3,24-06-2025
Software Developer,Capgemini,Noida,Data Science,628474,3,14-03-2025
Business Analyst,Deloitte,Remote,Analytics,1299202,5,18-11-2025
Data Analyst,Oracle,Kolkata,Web Development,215239,1,31-07-2024
Cloud Engineer,Tech Mahindra,Pune,Software Development,555215,2,11-07-2025
Data Analyst,Tech Mahindra,Remote,Web Development,1359830,5,20-04-2024
Python Developer,Cognizant,Hyderabad,Data Science,800604,3,22-07-2025
Data Scientist,IBM,Hyderabad,AI,322446,1,27-07-2025
Python Developer,Microsoft,Noida,Web Development,1095958,4,12-07-2024
Machine Learning Engineer,Microsoft,Delhi,Software Development,278883,1,16-06-2024
Software Developer,Amazon,Chennai,Software Development,340939,1,31-07-2025
Frontend Developer,Deloitte,Hyderabad,Data Science,470270,2,11-11-2025
Cloud Engineer,Google,Kolkata,Data Science,1084032,4,04-05-2025
Machine Learning Engineer,Oracle,Kolkata,Cloud,638019,3,16-08-2025
Machine Learning Engineer,Infosys,Remote,Web Development,283343,1,15-09-2025
Business Analyst,TCS,Jaipur,Analytics,492654,2,17-08-2025
Python Developer,Wipro,Chennai,DevOps,486219,2,06-05-2024
Python Developer,IBM,Gurgaon,AI,1398342,5,07-01-2024
Business Analyst,Infosys,Delhi,DevOps,1229566,5,15-09-2025
Software Developer,Tech Mahindra,Delhi,Cloud,1586860,5,10-07-2024
Software Developer,TCS,Chennai,Web Development,1445296,5,18-11-2025
DevOps Engineer,HCLTech,Noida,Data Science,402754,2,03-09-2025
Software Developer,Deloitte,Delhi,Analytics,1001593,4,02-06-2025
AI Engineer,Cognizant,Bangalore,AI,360661,1,10-10-2024
Backend Developer,Deloitte,Remote,Software Development,485395,2,24-02-2024
Machine Learning Engineer,Cognizant,Hyderabad,Analytics,1307940,5,10-04-2025
DevOps Engineer,Wipro,Gurgaon,Web Development,354243,1,24-12-2024
Cloud Engineer,Oracle,Delhi,Data Science,1511487,5,12-05-2025
Cloud Engineer,Deloitte,Mumbai,DevOps,770595,3,18-05-2025
Data Scientist,Microsoft,Remote,Data Science,875950,3,14-07-2025
Software Developer,Wipro,Remote,Web Development,531320,2,09-05-2024
AI Engineer,TCS,Ahmedabad,Data Science,1430296,5,22-04-2025
DevOps Engineer,Google,Mumbai,Web Development,1066995,4,12-08-2024
Backend Developer,Microsoft,Kolkata,Web Development,334800,1,14-08-2025
Software Developer,Deloitte,Bangalore,Cloud,1578702,5,10-08-2025
DevOps Engineer,Accenture,Ahmedabad,Analytics,394872,1,03-02-2025
AI Engineer,Deloitte,Chennai,Cloud,1091668,4,25-07-2024
Python Developer,IBM,Hyderabad,Analytics,1088493,4,21-08-2025
Data Analyst,Accenture,Delhi,Data Science,1329171,5,13-10-2025
Data Analyst,Oracle,Kolkata,Web Development,386839,1,28-07-2024
AI Engineer,Wipro,Delhi,Software Development,596100,2,30-03-2025
Software Developer,Oracle,Pune,Cloud,697985,3,08-05-2025
Business Analyst,Google,Noida,Web Development,1135871,4,08-03-2024
DevOps Engineer,Microsoft,Ahmedabad,Data Science,1413803,5,16-09-2024
Business Analyst,Tech Mahindra,Gurgaon,Analytics,372973,1,03-06-2024
Frontend Developer,Cognizant,Noida,DevOps,1388019,5,15-05-2024
AI Engineer,TCS,Bangalore,AI,927359,4,22-04-2025
Full Stack Developer,HCLTech,Ahmedabad,DevOps,498402,2,07-02-2025
Data Scientist,Accenture,Pune,Software Development,1051200,4,07-06-2025
AI Engineer,Zoho,Chennai,Cloud,672787,3,02-11-2024
Backend Developer,Wipro,Bangalore,Software Development,856697,3,02-07-2024
Data Analyst,Google,Pune,Analytics,303122,1,16-10-2025
AI Engineer,Microsoft,Kolkata,AI,743747,3,05-09-2025
Frontend Developer,Deloitte,Remote,AI,264843,1,31-03-2025
Software Developer,IBM,Mumbai,Cloud,500964,2,03-05-2024
DevOps Engineer,Microsoft,Delhi,Software Development,333525,1,12-09-2024
Machine Learning Engineer,HCLTech,Hyderabad,Analytics,1178734,4,11-03-2024
Software Developer,TCS,Delhi,Cloud,1493438,5,15-11-2025
DevOps Engineer,Wipro,Ahmedabad,Software Development,441994,2,21-02-2024
Full Stack Developer,Oracle,Pune,Data Science,933237,4,05-03-2024
Frontend Developer,Accenture,Mumbai,Web Development,592688,2,06-09-2025
Cloud Engineer,HCLTech,Pune,AI,1596640,5,11-02-2024
Data Analyst,IBM,Gurgaon,Data Science,213101,1,19-10-2025
Machine Learning Engineer,Accenture,Noida,Analytics,611763,3,22-08-2024
Software Developer,Deloitte,Noida,Cloud,917852,4,26-02-2024
Data Scientist,Cognizant,Chennai,Cloud,910935,4,06-03-2025
AI Engineer,Amazon,Hyderabad,Web Development,1200359,5,04-02-2025
Python Developer,Tech Mahindra,Remote,Cloud,539500,2,29-08-2024
Data Analyst,Amazon,Chennai,Cloud,403912,2,17-06-2025
Full Stack Developer,Tech Mahindra,Gurgaon,Data Science,771507,3,28-12-2024
Data Scientist,Zoho,Chennai,Analytics,1022871,4,15-03-2025
Python Developer,Zoho,Hyderabad,Data Science,779201,3,22-05-2025
DevOps Engineer,Deloitte,Kolkata,AI,1230122,5,29-07-2025
Cloud Engineer,Capgemini,Jaipur,Data Science,674634,3,19-05-2024
Data Analyst,Deloitte,Pune,Analytics,1403152,5,06-06-2025
Backend Developer,Amazon,Noida,Analytics,351265,1,05-08-2024
DevOps Engineer,Cognizant,Bangalore,Software Development,482082,2,07-02-2024
Cloud Engineer,Tech Mahindra,Jaipur,AI,584203,2,04-10-2024
Software Developer,Zoho,Ahmedabad,Data Science,450368,2,01-06-2025
Machine Learning Engineer,Cognizant,Remote,DevOps,893960,3,14-12-2025
Machine Learning Engineer,Accenture,Hyderabad,Software Development,1528904,5,13-09-2024
Data Scientist,Microsoft,Remote,DevOps,212731,1,14-09-2024
Data Analyst,TCS,Chennai,Data Science,406736,2,07-10-2024
Software Developer,Tech Mahindra,Kolkata,Web Development,929307,4,25-03-2024
Business Analyst,Cognizant,Chennai,AI,252906,1,23-04-2025
Data Scientist,Tech Mahindra,Hyderabad,Analytics,541403,2,17-07-2024
Cloud Engineer,Tech Mahindra,Ahmedabad,AI,431916,2,01-12-2024
Software Developer,Wipro,Delhi,Software Development,321653,1,04-09-2024
Business Analyst,Accenture,Pune,Analytics,1214401,5,13-01-2025
Cloud Engineer,Accenture,Remote,Cloud,595625,2,20-09-2024
Full Stack Developer,Cognizant,Kolkata,Web Development,1353509,5,17-12-2025
Machine Learning Engineer,Accenture,Remote,Web Development,481208,2,05-08-2025
Backend Developer,Accenture,Pune,DevOps,261870,1,11-10-2024
Python Developer,Amazon,Ahmedabad,Web Development,1442056,5,01-02-2024
DevOps Engineer,Amazon,Remote,Analytics,1156240,4,27-02-2025
Business Analyst,Deloitte,Gurgaon,Analytics,1013164,4,04-05-2024
Software Developer,Zoho,Pune,Cloud,1229277,5,30-07-2025
Full Stack Developer,HCLTech,Ahmedabad,AI,1448373,5,22-12-2024
Software Developer,Cognizant,Bangalore,AI,385729,1,14-09-2024
Machine Learning Engineer,Deloitte,Bangalore,Software Development,551074,2,06-08-2024
Cloud Engineer,HCLTech,Gurgaon,Software Development,612988,3,28-06-2024
DevOps Engineer,Google,Gurgaon,AI,1569285,5,18-05-2025
Software Developer,Tech Mahindra,Noida,Software Development,449790,2,28-08-2024
Frontend Developer,Infosys,Delhi,Web Development,930327,4,17-03-2025
Software Developer,Capgemini,Ahmedabad,Software Development,436659,2,26-11-2024
Machine Learning Engineer,Amazon,Jaipur,AI,301818,1,06-12-2024
Cloud Engineer,TCS,Gurgaon,Data Science,1295426,5,11-12-2025
Machine Learning Engineer,Deloitte,Bangalore,DevOps,911551,4,17-04-2024
DevOps Engineer,Accenture,Jaipur,AI,1133915,4,30-09-2025
Machine Learning Engineer,Amazon,Chennai,Cloud,1518874,5,26-04-2025
Business Analyst,HCLTech,Pune,Data Science,932433,4,18-04-2024
Python Developer,Google,Noida,Software Development,1033093,4,14-03-2025
Python Developer,Cognizant,Bangalore,DevOps,1249851,5,07-02-2025
AI Engineer,Tech Mahindra,Delhi,Cloud,379606,1,09-07-2025
Software Developer,Capgemini,Ahmedabad,Web Development,356669,1,15-12-2024
Data Analyst,Infosys,Ahmedabad,Software Development,1140770,4,28-02-2024
DevOps Engineer,Tech Mahindra,Pune,Cloud,1422646,5,16-02-2024
Machine Learning Engineer,Cognizant,Jaipur,Software Development,585468,2,06-01-2025
Data Analyst,Oracle,Kolkata,Software Development,1392304,5,20-03-2025
Software Developer,Wipro,Kolkata,Web Development,417142,2,19-02-2025
Frontend Developer,Accenture,Pune,Web Development,323614,1,01-09-2024
Python Developer,Capgemini,Jaipur,Analytics,1122356,4,02-10-2025
Machine Learning Engineer,TCS,Chennai,Software Development,1067464,4,11-09-2024
DevOps Engineer,Infosys,Delhi,Analytics,1046813,4,15-04-2024
Full Stack Developer,TCS,Kolkata,DevOps,326144,1,01-10-2024
Cloud Engineer,Tech Mahindra,Pune,AI,1420700,5,28-06-2024
Cloud Engineer,Microsoft,Bangalore,Web Development,725798,3,28-04-2024
Backend Developer,Amazon,Hyderabad,Analytics,736818,3,31-08-2025
Business Analyst,Google,Chennai,Analytics,293660,1,27-11-2025
Cloud Engineer,Infosys,Delhi,Web Development,1512715,5,10-04-2025
Data Analyst,IBM,Ahmedabad,DevOps,504616,2,07-12-2025
DevOps Engineer,Cognizant,Hyderabad,Software Development,1470515,5,21-04-2025
AI Engineer,Amazon,Pune,AI,874088,3,21-06-2025
Python Developer,Accenture,Chennai,Web Development,609448,3,20-03-2024
AI Engineer,Amazon,Kolkata,Software Development,735547,3,08-09-2025
Machine Learning Engineer,Accenture,Hyderabad,AI,942208,4,03-11-2025
Backend Developer,Oracle,Pune,Analytics,907401,4,04-05-2025
DevOps Engineer,Cognizant,Mumbai,Software Development,486217,2,08-01-2024
Frontend Developer,TCS,Pune,Data Science,1080483,4,02-12-2025
Python Developer,HCLTech,Pune,Software Development,465364,2,24-03-2025
DevOps Engineer,Google,Pune,Analytics,540013,2,03-12-2025
Data Analyst,Accenture,Chennai,DevOps,402656,2,11-05-2025
DevOps Engineer,IBM,Chennai,DevOps,1368052,5,14-06-2025
Business Analyst,Capgemini,Kolkata,Cloud,1343209,5,09-05-2024
Full Stack Developer,Cognizant,Bangalore,AI,808136,3,03-05-2025
Full Stack Developer,TCS,Hyderabad,DevOps,985688,4,26-05-2024
Frontend Developer,Cognizant,Remote,Cloud,945323,4,29-04-2025
Python Developer,HCLTech,Hyderabad,AI,736283,3,29-05-2024
Full Stack Developer,Amazon,Delhi,Data Science,406943,2,02-11-2024
Cloud Engineer,Tech Mahindra,Delhi,AI,608973,3,07-06-2025
Frontend Developer,Accenture,Gurgaon,Cloud,378363,1,06-10-2024
Cloud Engineer,Zoho,Remote,DevOps,1544736,5,23-09-2025
Full Stack Developer,Amazon,Chennai,Cloud,512937,2,13-10-2025
DevOps Engineer,Oracle,Hyderabad,Software Development,1569980,5,14-10-2024
Cloud Engineer,IBM,Mumbai,Software Development,1569954,5,09-03-2025
DevOps Engineer,Tech Mahindra,Noida,Data Science,726738,3,26-06-2025
Python Developer,Cognizant,Remote,DevOps,538703,2,02-01-2025
Data Scientist,TCS,Noida,Software Development,602759,3,23-06-2024
Python Developer,Tech Mahindra,Ahmedabad,AI,345515,1,25-05-2024
Business Analyst,Oracle,Bangalore,Analytics,1442306,5,05-03-2025
Machine Learning Engineer,Zoho,Noida,Data Science,713802,3,19-08-2025
AI Engineer,Accenture,Hyderabad,AI,1528054,5,17-05-2024
Software Developer,Deloitte,Pune,Cloud,1232112,5,30-01-2024
Data Scientist,Deloitte,Jaipur,Data Science,760615,3,01-09-2024
DevOps Engineer,Oracle,Gurgaon,DevOps,1302452,5,17-01-2024
AI Engineer,Oracle,Delhi,Web Development,519337,2,15-10-2025
Frontend Developer,TCS,Kolkata,Web Development,707425,3,24-04-2025
Full Stack Developer,Zoho,Remote,Data Science,785304,3,25-12-2025
Software Developer,Zoho,Jaipur,Cloud,363642,1,13-05-2024
Python Developer,Microsoft,Remote,Data Science,772180,3,25-07-2024
Data Analyst,Wipro,Pune,Data Science,221407,1,18-08-2025
Frontend Developer,Tech Mahindra,Pune,Data Science,232609,1,01-11-2025
Frontend Developer,Cognizant,Chennai,Web Development,267693,1,26-05-2024
Machine Learning Engineer,Microsoft,Mumbai,Web Development,455741,2,25-12-2024
Machine Learning Engineer,Cognizant,Gurgaon,AI,1064054,4,19-07-2024
Python Developer,Wipro,Gurgaon,Software Development,1365508,5,07-09-2025
Software Developer,Zoho,Remote,DevOps,1215771,5,16-05-2024
Python Developer,Accenture,Pune,Cloud,496054,2,27-03-2025
Data Scientist,Accenture,Mumbai,Cloud,802086,3,05-02-2025
AI Engineer,TCS,Noida,Cloud,989906,4,25-06-2024
Cloud Engineer,Tech Mahindra,Delhi,AI,747448,3,20-10-2025
Cloud Engineer,Google,Remote,Analytics,853854,3,20-01-2024
Frontend Developer,TCS,Remote,Cloud,593865,2,12-08-2024
AI Engineer,Deloitte,Delhi,Cloud,521799,2,10-01-2024
Full Stack Developer,Cognizant,Hyderabad,DevOps,1107084,4,27-01-2024
Frontend Developer,Tech Mahindra,Hyderabad,DevOps,907013,4,08-07-2024
Frontend Developer,Cognizant,Pune,Cloud,1524466,5,05-09-2025
Backend Developer,Tech Mahindra,Noida,Data Science,215251,1,27-01-2025
Software Developer,Oracle,Delhi,Cloud,1094320,4,02-02-2024
Data Scientist,Wipro,Gurgaon,Analytics,1098285,4,16-03-2024
Cloud Engineer,Zoho,Bangalore,Cloud,457954,2,04-02-2025
Machine Learning Engineer,Deloitte,Ahmedabad,Web Development,492212,2,02-07-2025
Frontend Developer,IBM,Mumbai,AI,1219852,5,29-08-2025
Cloud Engineer,Oracle,Remote,Data Science,1141736,4,01-05-2025
Data Scientist,Google,Kolkata,Web Development,1440094,5,22-01-2025
Cloud Engineer,IBM,Mumbai,AI,1521083,5,07-08-2024
Business Analyst,Oracle,Remote,Web Development,567314,2,19-02-2024
Software Developer,TCS,Hyderabad,Analytics,1571598,5,24-12-2025
DevOps Engineer,HCLTech,Hyderabad,Data Science,429991,2,05-04-2025
Business Analyst,Google,Hyderabad,Analytics,670625,3,19-12-2024
Data Scientist,HCLTech,Pune,Data Science,731133,3,29-12-2025
Data Scientist,IBM,Chennai,Cloud,492471,2,01-12-2025
Full Stack Developer,Deloitte,Ahmedabad,DevOps,836508,3,22-04-2024
Business Analyst,Zoho,Noida,Analytics,1067784,4,15-06-2024
Full Stack Developer,Accenture,Gurgaon,DevOps,355927,1,01-12-2025
Machine Learning Engineer,Zoho,Chennai,Web Development,921288,4,08-03-2024
Frontend Developer,Cognizant,Chennai,Software Development,682364,3,08-09-2024
Data Analyst,Cognizant,Chennai,Data Science,495132,2,19-07-2025
Business Analyst,Zoho,Pune,Cloud,1171536,4,07-02-2024
AI Engineer,HCLTech,Pune,Software Development,599604,2,07-12-2025
Software Developer,Oracle,Pune,Data Science,984879,4,28-01-2024
Machine Learning Engineer,Microsoft,Remote,Web Development,673529,3,06-09-2024
AI Engineer,Oracle,Jaipur,AI,1516032,5,28-03-2025
Cloud Engineer,Zoho,Gurgaon,Cloud,1252148,5,26-11-2024
Data Scientist,TCS,Chennai,DevOps,653203,3,06-08-2024
Python Developer,Wipro,Delhi,AI,420661,2,17-01-2024
Data Scientist,TCS,Jaipur,AI,961790,4,01-01-2026
AI Engineer,Capgemini,Delhi,Data Science,986262,4,26-01-2024
Business Analyst,Deloitte,Pune,Software Development,985608,4,30-06-2025
AI Engineer,HCLTech,Chennai,Analytics,1549962,5,25-12-2025
Data Scientist,Tech Mahindra,Noida,Analytics,1591948,5,21-11-2025
Data Scientist,Zoho,Ahmedabad,Data Science,390387,1,29-03-2025
Frontend Developer,Infosys,Jaipur,DevOps,1370282,5,06-11-2024
Data Analyst,Capgemini,Pune,Analytics,779722,3,26-09-2024
Machine Learning Engineer,Tech Mahindra,Remote,Cloud,803084,3,11-06-2024
Machine Learning Engineer,Accenture,Mumbai,DevOps,568207,2,02-03-2024
Full Stack Developer,Infosys,Delhi,DevOps,670772,3,15-02-2025
DevOps Engineer,Tech Mahindra,Pune,Cloud,356833,1,25-05-2024
Software Developer,Capgemini,Jaipur,Analytics,1254694,5,22-04-2025
Full Stack Developer,Accenture,Noida,Cloud,760283,3,30-09-2025
DevOps Engineer,TCS,Chennai,Data Science,871361,3,18-12-2024
Data Scientist,HCLTech,Noida,Analytics,471781,2,29-02-2024
Frontend Developer,Deloitte,Chennai,Data Science,351466,1,10-02-2024
Backend Developer,Tech Mahindra,Delhi,Analytics,245433,1,23-02-2024
Software Developer,Infosys,Jaipur,Cloud,622381,3,02-04-2024
Cloud Engineer,Capgemini,Bangalore,Analytics,271218,1,17-08-2025
Data Scientist,Google,Ahmedabad,Cloud,368280,1,15-08-2025
Cloud Engineer,Capgemini,Pune,Web Development,1196146,4,18-05-2025
Business Analyst,Amazon,Chennai,DevOps,370848,1,14-04-2025
Backend Developer,Capgemini,Remote,Cloud,654860,3,30-05-2024
Backend Developer,Deloitte,Delhi,Analytics,279899,1,08-02-2024
Cloud Engineer,Tech Mahindra,Delhi,Cloud,687076,3,17-07-2024
Business Analyst,HCLTech,Noida,Cloud,641810,3,15-03-2025
AI Engineer,Tech Mahindra,Remote,DevOps,1183878,4,12-05-2024
Full Stack Developer,Cognizant,Remote,Web Development,996281,4,08-05-2024
Cloud Engineer,Oracle,Chennai,Software Development,830426,3,17-09-2025
Frontend Developer,Deloitte,Remote,Data Science,273295,1,24-11-2024
Full Stack Developer,Google,Kolkata,Data Science,671887,3,26-03-2025
AI Engineer,Oracle,Delhi,Software Development,530719,2,06-03-2024
Cloud Engineer,Deloitte,Ahmedabad,DevOps,299816,1,20-04-2025
Software Developer,Capgemini,Kolkata,Web Development,460351,2,31-10-2025
Software Developer,Oracle,Pune,DevOps,288204,1,15-10-2025
Python Developer,Infosys,Pune,Web Development,680330,3,17-02-2024
DevOps Engineer,TCS,Delhi,Data Science,539178,2,10-02-2024
Machine Learning Engineer,Google,Bangalore,DevOps,824535,3,15-10-2024
Backend Developer,IBM,Ahmedabad,Analytics,350790,1,27-02-2024
Machine Learning Engineer,Oracle,Hyderabad,Software Development,1402039,5,25-10-2025
Data Scientist,Accenture,Chennai,AI,281568,1,29-11-2024
Data Scientist,Accenture,Mumbai,Data Science,1578791,5,13-12-2025
AI Engineer,HCLTech,Mumbai,AI,457430,2,14-10-2024
Business Analyst,Microsoft,Chennai,DevOps,509013,2,26-01-2024
Backend Developer,Amazon,Hyderabad,Cloud,1158504,4,26-12-2024
DevOps Engineer,Capgemini,Ahmedabad,Analytics,722971,3,10-03-2025
Backend Developer,Tech Mahindra,Bangalore,AI,602494,3,08-12-2025
Backend Developer,Tech Mahindra,Gurgaon,Data Science,537142,2,06-03-2025
Backend Developer,Tech Mahindra,Noida,Software Development,242843,1,20-08-2025
Frontend Developer,Amazon,Remote,Cloud,1152479,4,22-09-2025
Data Analyst,Tech Mahindra,Gurgaon,AI,403246,2,03-11-2025
Cloud Engineer,Infosys,Pune,Cloud,1581131,5,21-12-2025
Business Analyst,Deloitte,Bangalore,DevOps,344271,1,13-02-2024
Full Stack Developer,Tech Mahindra,Hyderabad,Analytics,209801,1,13-02-2024
Backend Developer,Cognizant,Noida,Web Development,606190,3,13-07-2025
Machine Learning Engineer,Amazon,Hyderabad,Data Science,1240094,5,16-01-2024
Frontend Developer,TCS,Chennai,Analytics,1274813,5,18-01-2025
Cloud Engineer,IBM,Pune,Software Development,624450,3,23-01-2024
Frontend Developer,IBM,Remote,Cloud,747751,3,28-07-2025
Frontend Developer,Cognizant,Kolkata,Web Development,909660,4,03-10-2025
Backend Developer,Capgemini,Noida,Data Science,287382,1,09-10-2024
Cloud Engineer,Deloitte,Noida,DevOps,587688,2,19-08-2024
AI Engineer,TCS,Remote,Web Development,224625,1,07-09-2024
Backend Developer,Tech Mahindra,Hyderabad,AI,1038650,4,05-08-2024
AI Engineer,Infosys,Chennai,AI,443898,2,30-03-2025
Cloud Engineer,Infosys,Chennai,DevOps,271477,1,21-06-2024
Backend Developer,Cognizant,Mumbai,Web Development,480361,2,01-08-2024
AI Engineer,Google,Jaipur,Data Science,661476,3,12-09-2024
Python Developer,Accenture,Hyderabad,Analytics,1353675,5,06-11-2025
Data Scientist,Capgemini,Jaipur,Analytics,226843,1,03-03-2025
Software Developer,HCLTech,Kolkata,DevOps,1177601,4,27-06-2024
Business Analyst,Amazon,Bangalore,Cloud,677871,3,19-05-2025
Data Analyst,TCS,Mumbai,Cloud,386571,1,23-02-2024
Python Developer,HCLTech,Hyderabad,Data Science,251863,1,09-05-2024
Business Analyst,TCS,Delhi,Software Development,441582,2,14-10-2025
Backend Developer,Wipro,Kolkata,Web Development,494390,2,20-10-2025
Cloud Engineer,HCLTech,Kolkata,Software Development,865967,3,06-07-2025
Business Analyst,IBM,Mumbai,DevOps,754465,3,06-10-2025
DevOps Engineer,Accenture,Mumbai,Analytics,725328,3,01-03-2024
Backend Developer,HCLTech,Gurgaon,Data Science,1145812,4,29-04-2024
Frontend Developer,Oracle,Jaipur,AI,919532,4,27-08-2025
Business Analyst,Zoho,Jaipur,Cloud,550109,2,03-12-2025
AI Engineer,Capgemini,Noida,DevOps,1135000,4,31-03-2024
Python Developer,Tech Mahindra,Gurgaon,Data Science,734912,3,02-07-2025
AI Engineer,Amazon,Jaipur,Software Development,371679,1,26-10-2024
Python Developer,Tech Mahindra,Remote,Analytics,448075,2,12-02-2025
Data Scientist,IBM,Kolkata,DevOps,735677,3,11-05-2025
Frontend Developer,Tech Mahindra,Gurgaon,Data Science,1442697,5,04-08-2025
Software Developer,Cognizant,Gurgaon,DevOps,759082,3,24-06-2025
DevOps Engineer,Zoho,Ahmedabad,Cloud,1381365,5,06-06-2025
Data Analyst,TCS,Noida,Cloud,408149,2,09-09-2025
Backend Developer,HCLTech,Gurgaon,Software Development,1528811,5,15-10-2024
Business Analyst,HCLTech,Ahmedabad,AI,471947,2,17-07-2024
Data Analyst,Accenture,Bangalore,Software Development,1184460,4,27-10-2024
Frontend Developer,Google,Remote,Analytics,874664,3,12-12-2024
Cloud Engineer,IBM,Noida,DevOps,1038202,4,15-01-2024
Data Scientist,TCS,Ahmedabad,Data Science,975273,4,07-12-2025
Machine Learning Engineer,Wipro,Bangalore,DevOps,388544,1,21-06-2025
Full Stack Developer,Accenture,Hyderabad,Data Science,242675,1,17-11-2024
Cloud Engineer,Accenture,Ahmedabad,Web Development,750894,3,30-06-2024
Full Stack Developer,Wipro,Chennai,Data Science,648728,3,22-09-2024
Data Scientist,Zoho,Gurgaon,Cloud,394884,1,21-07-2025
Backend Developer,Oracle,Noida,Cloud,1376512,5,15-01-2024
Data Scientist,Amazon,Remote,DevOps,640839,3,19-10-2024
Software Developer,Oracle,Jaipur,AI,1522972,5,13-08-2025
Full Stack Developer,Microsoft,Pune,DevOps,1428450,5,03-01-2025
Machine Learning Engineer,Google,Noida,Software Development,537792,2,13-02-2025
Software Developer,Google,Hyderabad,DevOps,396441,1,19-06-2024
Machine Learning Engineer,Accenture,Kolkata,Data Science,938027,4,25-08-2025
Data Scientist,Infosys,Bangalore,Analytics,432293,2,20-12-2025
Python Developer,Microsoft,Pune,Software Development,1209420,5,07-11-2024
Frontend Developer,Oracle,Jaipur,AI,448017,2,27-01-2024
DevOps Engineer,HCLTech,Jaipur,Analytics,278069,1,10-06-2025
Cloud Engineer,Amazon,Ahmedabad,Web Development,1433424,5,16-04-2025
Cloud Engineer,Oracle,Noida,AI,470384,2,17-10-2025
Machine Learning Engineer,Deloitte,Chennai,DevOps,507353,2,15-09-2025
Data Scientist,Zoho,Noida,Cloud,788004,3,07-03-2025
DevOps Engineer,Capgemini,Mumbai,Data Science,499555,2,29-06-2024
Data Scientist,Deloitte,Jaipur,Software Development,1408277,5,03-11-2025
Data Scientist,IBM,Bangalore,Data Science,235238,1,21-06-2024
Data Scientist,TCS,Remote,DevOps,797819,3,22-04-2024
Frontend Developer,Amazon,Jaipur,AI,497872,2,23-08-2025
DevOps Engineer,Microsoft,Delhi,Data Science,856560,3,10-02-2025
Python Developer,HCLTech,Ahmedabad,DevOps,787903,3,09-09-2025
Machine Learning Engineer,HCLTech,Remote,Analytics,690408,3,02-07-2024
DevOps Engineer,IBM,Bangalore,Analytics,533137,2,11-03-2025
Backend Developer,Zoho,Jaipur,Software Development,377646,1,16-01-2025
Data Analyst,Cognizant,Delhi,Cloud,239146,1,21-01-2025
AI Engineer,Deloitte,Jaipur,Cloud,237975,1,18-12-2024
Software Developer,Accenture,Kolkata,Cloud,1334321,5,19-12-2024
DevOps Engineer,Microsoft,Ahmedabad,Data Science,494765,2,03-06-2025
Data Scientist,Wipro,Ahmedabad,Cloud,842563,3,03-02-2025
Business Analyst,HCLTech,Bangalore,DevOps,1483325,5,26-06-2024
Data Analyst,Accenture,Remote,Web Development,1496162,5,28-11-2025
AI Engineer,Amazon,Remote,AI,1144237,4,20-05-2024
Frontend Developer,Microsoft,Delhi,DevOps,329166,1,29-10-2025
DevOps Engineer,Cognizant,Noida,Web Development,1109275,4,03-07-2024
Cloud Engineer,Amazon,Delhi,Cloud,718886,3,01-02-2025
Python Developer,Wipro,Pune,Web Development,249598,1,27-05-2024
Full Stack Developer,Tech Mahindra,Ahmedabad,Cloud,729469,3,22-07-2025
AI Engineer,HCLTech,Gurgaon,Analytics,622677,3,24-08-2025
Python Developer,Oracle,Chennai,Data Science,1514732,5,15-08-2025
Business Analyst,TCS,Delhi,Software Development,1192331,4,26-07-2025
Data Analyst,Accenture,Mumbai,Cloud,1038142,4,07-05-2025
Python Developer,HCLTech,Bangalore,Web Development,433912,2,22-08-2025
AI Engineer,Accenture,Bangalore,Cloud,1019822,4,02-07-2025
Python Developer,HCLTech,Jaipur,Software Development,692304,3,03-09-2024
Backend Developer,Amazon,Noida,Data Science,1444034,5,27-02-2024
Software Developer,Deloitte,Hyderabad,Data Science,674174,3,10-09-2025
Python Developer,TCS,Noida,AI,938735,4,06-07-2025
Cloud Engineer,Capgemini,Hyderabad,Data Science,984675,4,23-10-2025
Data Analyst,Microsoft,Jaipur,DevOps,1057437,4,26-03-2025
Full Stack Developer,TCS,Remote,Analytics,855821,3,25-01-2024
Machine Learning Engineer,Oracle,Jaipur,Analytics,462743,2,17-01-2024
Machine Learning Engineer,Amazon,Chennai,DevOps,1259547,5,31-07-2025
Data Analyst,Wipro,Hyderabad,Analytics,1014063,4,27-11-2025
Cloud Engineer,Amazon,Hyderabad,Software Development,800326,3,15-01-2024
Frontend Developer,Tech Mahindra,Mumbai,Data Science,709355,3,17-02-2024
Machine Learning Engineer,Microsoft,Pune,Analytics,1282478,5,05-05-2025
DevOps Engineer,IBM,Remote,Analytics,1527757,5,15-03-2024
Business Analyst,Google,Mumbai,DevOps,536880,2,16-06-2024
Software Developer,Tech Mahindra,Gurgaon,Software Development,272453,1,14-02-2025
Frontend Developer,Capgemini,Noida,AI,1497886,5,21-01-2025
Python Developer,Wipro,Jaipur,Analytics,361871,1,22-04-2024
Python Developer,Oracle,Hyderabad,DevOps,1252593,5,25-07-2025
Business Analyst,Deloitte,Remote,DevOps,1242804,5,15-05-2024
Full Stack Developer,Infosys,Delhi,Analytics,429781,2,12-05-2024
Full Stack Developer,TCS,Mumbai,Software Development,447704,2,14-08-2025
Cloud Engineer,Infosys,Gurgaon,Cloud,218687,1,08-11-2024
Python Developer,Microsoft,Delhi,Software Development,336319,1,18-08-2025
Frontend Developer,Oracle,Remote,Web Development,209911,1,07-07-2025
Python Developer,Amazon,Bangalore,DevOps,548065,2,03-06-2024
Business Analyst,Amazon,Mumbai,Web Development,357772,1,26-03-2025
DevOps Engineer,Wipro,Mumbai,Software Development,929496,4,18-05-2024
DevOps Engineer,Oracle,Noida,AI,940981,4,06-12-2025
Data Scientist,Deloitte,Hyderabad,Analytics,288091,1,06-02-2024
Frontend Developer,Amazon,Bangalore,Data Science,1452225,5,27-10-2025
Backend Developer,IBM,Hyderabad,Cloud,600164,3,06-08-2024
Data Scientist,Accenture,Kolkata,DevOps,352174,1,18-04-2025
Software Developer,Deloitte,Kolkata,Data Science,852295,3,20-06-2025
Business Analyst,Oracle,Jaipur,Software Development,420982,2,21-01-2025
Software Developer,Deloitte,Kolkata,Analytics,1126560,4,12-09-2025
Frontend Developer,Cognizant,Noida,AI,430388,2,18-01-2024
Machine Learning Engineer,Cognizant,Chennai,Software Development,1384462,5,02-05-2024
Software Developer,Oracle,Remote,DevOps,490601,2,14-01-2025
Full Stack Developer,Microsoft,Bangalore,DevOps,215950,1,23-06-2024
Full Stack Developer,Oracle,Hyderabad,Cloud,966852,4,24-05-2025
Machine Learning Engineer,Zoho,Pune,Web Development,478208,2,04-12-2024
DevOps Engineer,Infosys,Hyderabad,Cloud,590811,2,13-12-2024
Machine Learning Engineer,Tech Mahindra,Ahmedabad,Software Development,330709,1,11-03-2025
AI Engineer,Google,Bangalore,Software Development,509394,2,07-05-2025
Machine Learning Engineer,Tech Mahindra,Noida,Web Development,748968,3,11-06-2025
DevOps Engineer,Wipro,Remote,Software Development,571624,2,14-05-2024
Cloud Engineer,Accenture,Chennai,Cloud,522713,2,05-09-2024
Business Analyst,Oracle,Kolkata,AI,408133,2,23-07-2025
Cloud Engineer,Wipro,Noida,Software Development,548357,2,27-05-2025
Software Developer,Accenture,Chennai,AI,1002512,4,20-10-2025
Data Analyst,IBM,Remote,AI,915028,4,01-01-2024
Frontend Developer,Amazon,Jaipur,AI,367520,1,01-10-2024
Data Scientist,Capgemini,Hyderabad,Cloud,690694,3,18-10-2025
Data Analyst,Capgemini,Delhi,Web Development,335533,1,27-03-2025
DevOps Engineer,TCS,Hyderabad,Software Development,596105,2,13-07-2025
Data Scientist,Amazon,Mumbai,Data Science,1070544,4,27-01-2025
AI Engineer,Infosys,Chennai,Cloud,1318136,5,15-04-2024
Machine Learning Engineer,Wipro,Jaipur,DevOps,808085,3,21-01-2024
Data Analyst,IBM,Chennai,Analytics,403143,2,04-08-2024
Data Analyst,Accenture,Chennai,Cloud,552371,2,12-12-2025
AI Engineer,Amazon,Jaipur,AI,682251,3,29-06-2025
Business Analyst,Wipro,Ahmedabad,Software Development,258070,1,29-09-2024
Full Stack Developer,Microsoft,Jaipur,Web Development,944452,4,17-05-2025
Business Analyst,Zoho,Kolkata,Web Development,666995,3,18-01-2024
Business Analyst,Google,Noida,Analytics,867824,3,03-05-2025
DevOps Engineer,Microsoft,Ahmedabad,Data Science,1019353,4,06-04-2024
DevOps Engineer,Tech Mahindra,Chennai,Data Science,207443,1,13-10-2025
DevOps Engineer,Amazon,Mumbai,Cloud,643637,3,12-12-2024
Python Developer,HCLTech,Chennai,DevOps,1328021,5,17-12-2024
Business Analyst,Deloitte,Chennai,AI,855780,3,07-01-2025
AI Engineer,Infosys,Hyderabad,Analytics,241376,1,05-07-2024
AI Engineer,Zoho,Bangalore,Software Development,1048905,4,14-09-2025
Python Developer,Accenture,Kolkata,Web Development,594187,2,02-04-2024
Backend Developer,Capgemini,Noida,Data Science,890070,3,03-05-2025
Software Developer,Tech Mahindra,Ahmedabad,Analytics,299254,1,19-06-2024
AI Engineer,IBM,Bangalore,AI,1566718,5,19-07-2024
Machine Learning Engineer,Amazon,Remote,Analytics,1556833,5,04-01-2024
Full Stack Developer,HCLTech,Delhi,Web Development,317762,1,02-07-2025
Machine Learning Engineer,Microsoft,Chennai,AI,1242629,5,17-05-2024
AI Engineer,Infosys,Remote,Software Development,1209935,5,10-05-2025
Machine Learning Engineer,Oracle,Remote,Analytics,651447,3,31-01-2025
Full Stack Developer,Zoho,Chennai,Analytics,558894,2,23-08-2024
Business Analyst,Amazon,Noida,Cloud,1135693,4,10-10-2025
Cloud Engineer,Amazon,Jaipur,Software Development,890897,3,01-07-2024
Software Developer,Infosys,Ahmedabad,AI,1407803,5,19-12-2024
Data Analyst,Infosys,Gurgaon,Cloud,314879,1,25-06-2024
Frontend Developer,IBM,Remote,Analytics,355849,1,03-10-2024
Frontend Developer,Infosys,Hyderabad,Analytics,239174,1,19-04-2025
Python Developer,Cognizant,Pune,Web Development,1482447,5,05-03-2025
Machine Learning Engineer,IBM,Remote,AI,983770,4,15-11-2024
DevOps Engineer,Capgemini,Chennai,Data Science,1040712,4,01-06-2025
Software Developer,TCS,Ahmedabad,AI,1409000,5,21-09-2025
Data Analyst,Infosys,Kolkata,Analytics,551238,2,19-03-2024
Full Stack Developer,Tech Mahindra,Kolkata,Analytics,1158166,4,28-06-2025
Software Developer,Cognizant,Mumbai,AI,441975,2,16-10-2024
DevOps Engineer,Cognizant,Pune,AI,324555,1,08-12-2024
Data Scientist,Amazon,Kolkata,Cloud,303550,1,07-01-2024
Business Analyst,Zoho,Hyderabad,Analytics,360856,1,25-12-2024
AI Engineer,Cognizant,Hyderabad,Analytics,990843,4,01-07-2025
Full Stack Developer,Capgemini,Delhi,DevOps,509721,2,16-12-2024
Machine Learning Engineer,TCS,Remote,Cloud,1180764,4,22-08-2024
DevOps Engineer,Cognizant,Hyderabad,Analytics,567642,2,21-03-2024
Business Analyst,Amazon,Pune,Analytics,361518,1,13-09-2025
Backend Developer,Zoho,Bangalore,Analytics,214370,1,30-04-2025
Python Developer,TCS,Chennai,DevOps,1078577,4,04-11-2024
Business Analyst,Deloitte,Hyderabad,Analytics,908007,4,05-02-2024
Data Scientist,Google,Delhi,Analytics,389936,1,22-12-2025
DevOps Engineer,Wipro,Delhi,Software Development,592906,2,06-01-2025
Cloud Engineer,HCLTech,Noida,Software Development,227721,1,12-03-2025
Machine Learning Engineer,Tech Mahindra,Remote,AI,835340,3,06-02-2025
Business Analyst,Zoho,Gurgaon,Cloud,361236,1,04-05-2024
Data Analyst,Tech Mahindra,Delhi,DevOps,207945,1,04-02-2025
Machine Learning Engineer,Deloitte,Ahmedabad,Cloud,912761,4,03-08-2025
Cloud Engineer,Google,Pune,AI,778654,3,18-10-2025
Cloud Engineer,Oracle,Delhi,Web Development,1379206,5,03-02-2024
Business Analyst,Oracle,Ahmedabad,AI,1422410,5,30-07-2024
DevOps Engineer,Zoho,Chennai,AI,1449287,5,20-07-2024
Software Developer,Microsoft,Gurgaon,Analytics,266486,1,04-10-2025
Software Developer,Cognizant,Gurgaon,Cloud,487015,2,03-08-2024
Data Analyst,Deloitte,Chennai,Software Development,447337,2,30-12-2025
Software Developer,Cognizant,Hyderabad,Analytics,714325,3,24-05-2025
Full Stack Developer,Tech Mahindra,Bangalore,Analytics,1187645,4,03-04-2025
Data Analyst,Deloitte,Jaipur,Web Development,340653,1,10-10-2025
Business Analyst,Capgemini,Pune,Software Development,327890,1,30-01-2025
Data Analyst,Tech Mahindra,Chennai,DevOps,352659,1,07-05-2024
Business Analyst,Cognizant,Delhi,Analytics,1021921,4,06-01-2025
AI Engineer,Accenture,Ahmedabad,Analytics,455246,2,22-12-2024
Backend Developer,HCLTech,Delhi,DevOps,1264776,5,26-04-2025
Software Developer,Infosys,Remote,Cloud,1392536,5,30-03-2025
Machine Learning Engineer,Zoho,Jaipur,DevOps,409579,2,24-04-2025
Cloud Engineer,Google,Jaipur,Analytics,234590,1,25-07-2024
Machine Learning Engineer,Cognizant,Kolkata,Analytics,1222636,5,29-06-2024
Backend Developer,HCLTech,Delhi,Analytics,276560,1,22-05-2024
Machine Learning Engineer,Zoho,Hyderabad,Web Development,1455929,5,24-10-2024
Python Developer,Capgemini,Delhi,Web Development,608609,3,15-02-2024
Full Stack Developer,Wipro,Noida,Analytics,831443,3,29-10-2024
Data Analyst,Tech Mahindra,Chennai,Software Development,843111,3,19-08-2024
Full Stack Developer,Deloitte,Bangalore,Cloud,667122,3,26-06-2025
Cloud Engineer,Amazon,Jaipur,DevOps,692140,3,23-10-2024
AI Engineer,Deloitte,Hyderabad,DevOps,249812,1,15-09-2024
Software Developer,Microsoft,Jaipur,AI,216973,1,05-07-2024
Software Developer,Amazon,Kolkata,Cloud,666188,3,28-08-2024
Python Developer,Zoho,Ahmedabad,DevOps,743468,3,15-01-2025
Software Developer,Accenture,Mumbai,Web Development,1490959,5,12-03-2025
Data Analyst,Infosys,Delhi,Cloud,497735,2,12-05-2024
Cloud Engineer,HCLTech,Kolkata,Web Development,890447,3,16-09-2025
Data Analyst,Zoho,Hyderabad,Web Development,499788,2,28-11-2025
Python Developer,HCLTech,Delhi,DevOps,479911,2,03-06-2024
Data Scientist,Infosys,Ahmedabad,AI,1472157,5,19-02-2024
Data Scientist,Microsoft,Mumbai,AI,272121,1,31-07-2025
Data Scientist,HCLTech,Pune,Cloud,1170715,4,29-12-2025
DevOps Engineer,Amazon,Hyderabad,AI,530941,2,19-01-2024
Business Analyst,Zoho,Gurgaon,AI,831657,3,28-03-2025
Machine Learning Engineer,Oracle,Bangalore,DevOps,1566709,5,13-08-2025
Data Analyst,Amazon,Pune,Analytics,1188044,4,31-12-2025
Full Stack Developer,IBM,Chennai,Web Development,1473775,5,08-04-2024
DevOps Engineer,Capgemini,Hyderabad,Cloud,1593064,5,22-01-2024
DevOps Engineer,Zoho,Jaipur,AI,505095,2,23-04-2024
Cloud Engineer,Capgemini,Bangalore,Data Science,789308,3,25-01-2024
Backend Developer,Cognizant,Remote,Cloud,439560,2,16-03-2025
Data Analyst,HCLTech,Bangalore,Cloud,822097,3,08-03-2024
Data Analyst,Deloitte,Noida,Analytics,265545,1,28-02-2024
Machine Learning Engineer,Infosys,Chennai,Analytics,487521,2,21-06-2025
Python Developer,Infosys,Bangalore,DevOps,1105383,4,20-02-2025
Frontend Developer,Zoho,Mumbai,AI,848427,3,05-09-2024
Business Analyst,Zoho,Jaipur,Cloud,367920,1,01-10-2024
Business Analyst,TCS,Remote,AI,641477,3,20-12-2024
Cloud Engineer,Tech Mahindra,Gurgaon,Software Development,1345296,5,04-09-2024
Python Developer,IBM,Remote,Software Development,1279907,5,27-03-2025
Backend Developer,Google,Jaipur,DevOps,1599221,5,08-05-2025
Machine Learning Engineer,Capgemini,Gurgaon,DevOps,1062850,4,21-10-2025
Data Analyst,Deloitte,Noida,AI,298380,1,02-12-2024
DevOps Engineer,Wipro,Jaipur,AI,924167,4,27-08-2025
DevOps Engineer,Cognizant,Hyderabad,Cloud,1069103,4,25-07-2024
Cloud Engineer,Oracle,Pune,AI,1216795,5,10-05-2025
DevOps Engineer,IBM,Delhi,Cloud,233875,1,25-01-2024
Machine Learning Engineer,Amazon,Mumbai,Data Science,879383,3,05-11-2025
Frontend Developer,Accenture,Chennai,DevOps,1053128,4,15-11-2024
Cloud Engineer,Tech Mahindra,Jaipur,DevOps,1111430,4,15-11-2024
Backend Developer,Zoho,Delhi,Software Development,1287162,5,18-01-2024
Python Developer,Oracle,Bangalore,Software Development,521228,2,12-08-2025
AI Engineer,Oracle,Remote,DevOps,1479586,5,13-09-2024
AI Engineer,Wipro,Pune,DevOps,1395124,5,14-01-2025
Cloud Engineer,Tech Mahindra,Gurgaon,Data Science,472148,2,19-05-2024
Business Analyst,Tech Mahindra,Chennai,Cloud,1255254,5,02-07-2025
Frontend Developer,Tech Mahindra,Noida,DevOps,941151,4,08-07-2024
Full Stack Developer,Google,Chennai,Cloud,635840,3,10-02-2025
Data Scientist,Amazon,Noida,Web Development,559925,2,22-08-2024
Data Analyst,Deloitte,Remote,AI,1315010,5,26-03-2024
Full Stack Developer,Infosys,Kolkata,Cloud,1573470,5,19-06-2024
Machine Learning Engineer,Zoho,Noida,Data Science,229174,1,06-10-2025
AI Engineer,Accenture,Jaipur,Cloud,493436,2,23-01-2024
AI Engineer,Google,Ahmedabad,Web Development,1375532,5,14-08-2025
Frontend Developer,Wipro,Delhi,Data Science,241899,1,11-09-2024
Python Developer,Oracle,Pune,DevOps,423807,2,15-11-2025
Python Developer,HCLTech,Kolkata,AI,295306,1,25-10-2024
Python Developer,Google,Remote,DevOps,264264,1,10-12-2025
Business Analyst,Google,Chennai,Web Development,1580716,5,10-10-2024
Backend Developer,Microsoft,Mumbai,DevOps,513048,2,06-12-2025
Software Developer,Zoho,Jaipur,Cloud,283964,1,05-03-2025
DevOps Engineer,Infosys,Gurgaon,AI,1003049,4,24-11-2025
Backend Developer,Amazon,Hyderabad,Data Science,751292,3,18-09-2025
DevOps Engineer,Microsoft,Kolkata,AI,1061538,4,25-04-2024
AI Engineer,Oracle,Mumbai,Data Science,611676,3,27-10-2024
AI Engineer,Cognizant,Bangalore,Data Science,637419,3,01-07-2025
Software Developer,Zoho,Remote,DevOps,934273,4,04-05-2024
Frontend Developer,Capgemini,Pune,DevOps,1245631,5,11-02-2024
Backend Developer,Deloitte,Delhi,Web Development,462679,2,22-06-2025
Full Stack Developer,Microsoft,Chennai,AI,590777,2,09-09-2024
Backend Developer,Tech Mahindra,Noida,Analytics,352396,1,06-01-2025
Python Developer,IBM,Jaipur,DevOps,876063,3,13-09-2025
Frontend Developer,Wipro,Remote,Cloud,310404,1,31-05-2025
Machine Learning Engineer,Accenture,Gurgaon,DevOps,1577533,5,02-03-2025
Cloud Engineer,Infosys,Noida,Analytics,582130,2,13-11-2024
Backend Developer,IBM,Jaipur,DevOps,1518354,5,26-09-2024
Machine Learning Engineer,Deloitte,Mumbai,DevOps,804008,3,13-08-2025
Backend Developer,IBM,Noida,AI,1168872,4,09-07-2024
AI Engineer,Tech Mahindra,Gurgaon,Software Development,516374,2,13-08-2025
Data Analyst,TCS,Chennai,DevOps,451869,2,04-12-2025
Machine Learning Engineer,Cognizant,Delhi,Cloud,567979,2,31-07-2025
AI Engineer,Cognizant,Hyderabad,DevOps,527750,2,19-06-2024
Data Scientist,Tech Mahindra,Chennai,Software Development,1450914,5,27-03-2025
Data Analyst,Cognizant,Jaipur,Web Development,1122196,4,08-06-2024
AI Engineer,Amazon,Remote,Web Development,1304396,5,06-08-2025
Cloud Engineer,Google,Bangalore,Web Development,243841,1,01-04-2024
Business Analyst,Tech Mahindra,Bangalore,Software Development,785471,3,08-05-2024
Software Developer,Cognizant,Ahmedabad,Data Science,793210,3,23-09-2024
Software Developer,Microsoft,Jaipur,DevOps,399995,1,05-07-2025
Python Developer,Capgemini,Ahmedabad,Analytics,537347,2,27-04-2025
Data Analyst,Zoho,Mumbai,Software Development,252896,1,12-10-2025
Business Analyst,Amazon,Mumbai,DevOps,409681,2,28-04-2024
Data Scientist,Accenture,Chennai,Cloud,599826,2,02-10-2025
Business Analyst,Amazon,Delhi,Software Development,386101,1,18-02-2025
Full Stack Developer,Oracle,Remote,Analytics,1224088,5,15-05-2024
Business Analyst,IBM,Gurgaon,AI,441073,2,23-09-2025
Data Analyst,Deloitte,Hyderabad,Web Development,427901,2,26-10-2025
Machine Learning Engineer,Deloitte,Mumbai,Analytics,1050786,4,19-02-2025
Cloud Engineer,Infosys,Kolkata,Data Science,1393860,5,03-07-2025
Software Developer,Deloitte,Chennai,Software Development,548985,2,13-03-2025
Backend Developer,Microsoft,Ahmedabad,Web Development,732417,3,30-08-2024
Software Developer,Accenture,Hyderabad,AI,1394893,5,23-12-2025
Business Analyst,Microsoft,Jaipur,AI,991579,4,14-04-2025
Software Developer,Wipro,Chennai,Analytics,1317072,5,18-09-2024
AI Engineer,Amazon,Mumbai,Data Science,752423,3,09-12-2024
Data Scientist,Wipro,Chennai,AI,1486358,5,17-07-2024
DevOps Engineer,Amazon,Bangalore,Analytics,1137782,4,28-10-2025
AI Engineer,Oracle,Gurgaon,Data Science,966483,4,23-01-2025
Full Stack Developer,Deloitte,Hyderabad,Software Development,515453,2,23-02-2024
DevOps Engineer,Cognizant,Remote,Analytics,1426902,5,15-08-2024
Data Analyst,Zoho,Ahmedabad,Analytics,263533,1,31-12-2024
Frontend Developer,Zoho,Chennai,Web Development,813389,3,26-11-2025
Data Scientist,Zoho,Gurgaon,Software Development,637482,3,18-07-2025
Python Developer,HCLTech,Bangalore,Web Development,1130575,4,19-12-2025
Backend Developer,Amazon,Gurgaon,Software Development,1221759,5,09-03-2025
DevOps Engineer,Capgemini,Noida,Cloud,680135,3,16-10-2024
Python Developer,Infosys,Hyderabad,DevOps,221591,1,20-01-2025
Python Developer,TCS,Chennai,Cloud,1319921,5,21-08-2024
Python Developer,Accenture,Gurgaon,Web Development,200443,1,04-12-2025
Machine Learning Engineer,Tech Mahindra,Mumbai,Cloud,540948,2,27-10-2025
Machine Learning Engineer,Amazon,Pune,Software Development,1266976,5,31-03-2024
Frontend Developer,TCS,Remote,Web Development,579827,2,10-03-2024
Cloud Engineer,Capgemini,Jaipur,DevOps,934568,4,24-09-2024
Full Stack Developer,Accenture,Mumbai,AI,740307,3,25-04-2024
Python Developer,Zoho,Kolkata,Cloud,1023659,4,26-12-2025
AI Engineer,Amazon,Gurgaon,Software Development,1310319,5,08-05-2024
DevOps Engineer,Microsoft,Bangalore,Software Development,551155,2,15-05-2025
AI Engineer,Microsoft,Remote,Cloud,1040554,4,05-08-2025
DevOps Engineer,Zoho,Jaipur,Software Development,441679,2,20-11-2025
Full Stack Developer,Cognizant,Gurgaon,Analytics,1561544,5,17-02-2024
Frontend Developer,Amazon,Ahmedabad,Web Development,337876,1,27-02-2024
Backend Developer,Cognizant,Bangalore,Web Development,1266450,5,31-05-2025
Business Analyst,Zoho,Bangalore,Data Science,588038,2,29-06-2024
Cloud Engineer,Amazon,Jaipur,Analytics,1459817,5,26-11-2024
Full Stack Developer,Deloitte,Mumbai,DevOps,451804,2,11-11-2025
DevOps Engineer,Google,Chennai,Analytics,224322,1,31-05-2025
Frontend Developer,Infosys,Hyderabad,DevOps,1451777,5,24-12-2024
Cloud Engineer,Infosys,Delhi,Analytics,682614,3,13-10-2024
Backend Developer,Google,Bangalore,Data Science,1081386,4,30-05-2025
Software Developer,Deloitte,Chennai,Analytics,742754,3,02-11-2024
DevOps Engineer,Tech Mahindra,Chennai,Data Science,309418,1,13-11-2024
Backend Developer,IBM,Gurgaon,Analytics,505163,2,07-12-2024
AI Engineer,Google,Ahmedabad,Analytics,1089521,4,02-08-2024
Frontend Developer,Tech Mahindra,Kolkata,AI,877922,3,29-07-2024
Backend Developer,Microsoft,Bangalore,DevOps,396222,1,03-04-2024
Machine Learning Engineer,Google,Hyderabad,Analytics,1576104,5,31-10-2025
Data Analyst,Tech Mahindra,Delhi,DevOps,1344533,5,23-08-2024
Data Analyst,Microsoft,Delhi,DevOps,957006,4,17-12-2025
Frontend Developer,Deloitte,Remote,Analytics,1167355,4,04-05-2025
Software Developer,Google,Ahmedabad,Web Development,652052,3,01-12-2025
Software Developer,Deloitte,Bangalore,Software Development,689073,3,09-02-2025
Business Analyst,Oracle,Noida,Cloud,939423,4,07-12-2024
AI Engineer,TCS,Chennai,Cloud,549668,2,29-12-2025
Backend Developer,Capgemini,Chennai,Analytics,782013,3,06-01-2024
Data Scientist,Cognizant,Bangalore,Software Development,1523056,5,25-01-2024
Cloud Engineer,Wipro,Bangalore,AI,1180479,4,31-07-2025
Business Analyst,Deloitte,Gurgaon,Analytics,1061882,4,11-04-2025
Frontend Developer,IBM,Mumbai,Data Science,233967,1,23-01-2025
AI Engineer,HCLTech,Chennai,DevOps,1145550,4,17-05-2025
DevOps Engineer,Infosys,Noida,Analytics,679492,3,06-03-2024
Business Analyst,Capgemini,Chennai,Data Science,1229031,5,03-10-2025
Machine Learning Engineer,Cognizant,Noida,Data Science,1343167,5,08-06-2024
Python Developer,Google,Mumbai,Data Science,525910,2,20-06-2025
Cloud Engineer,Cognizant,Ahmedabad,Analytics,284970,1,22-05-2024
Cloud Engineer,Cognizant,Bangalore,DevOps,224721,1,14-02-2025
Backend Developer,HCLTech,Pune,AI,686106,3,17-01-2024
Software Developer,Oracle,Jaipur,Analytics,936131,4,26-07-2025
Machine Learning Engineer,Amazon,Ahmedabad,Software Development,533500,2,12-01-2025
Business Analyst,Wipro,Kolkata,AI,1027488,4,13-08-2024
Backend Developer,Accenture,Chennai,Data Science,940060,4,24-06-2025
Python Developer,Cognizant,Delhi,Web Development,573730,2,22-04-2025
Software Developer,Accenture,Kolkata,Software Development,1250528,5,22-01-2025
Python Developer,Cognizant,Remote,Cloud,529005,2,23-09-2025
Data Analyst,Deloitte,Jaipur,Web Development,982401,4,14-03-2024
Data Scientist,Infosys,Ahmedabad,DevOps,1092266,4,13-09-2024
Frontend Developer,IBM,Ahmedabad,AI,766595,3,31-12-2024
Machine Learning Engineer,HCLTech,Ahmedabad,AI,609549,3,19-01-2024
Full Stack Developer,Microsoft,Remote,Web Development,328106,1,08-07-2024
Data Scientist,TCS,Jaipur,Web Development,640743,3,06-02-2025
Software Developer,Amazon,Chennai,Data Science,438017,2,08-03-2025
Full Stack Developer,Tech Mahindra,Pune,DevOps,255805,1,01-01-2026
Frontend Developer,Microsoft,Noida,Cloud,205570,1,06-11-2024
Python Developer,Infosys,Jaipur,DevOps,586914,2,06-01-2025
Python Developer,Cognizant,Jaipur,Data Science,231234,1,12-05-2025
Machine Learning Engineer,Google,Mumbai,Software Development,635779,3,01-04-2024
Business Analyst,Capgemini,Hyderabad,Web Development,544540,2,20-01-2025
Software Developer,Wipro,Remote,Software Development,1319399,5,29-12-2024
Data Analyst,IBM,Delhi,Web Development,426504,2,24-12-2025
Frontend Developer,Microsoft,Chennai,AI,1372424,5,25-01-2024
DevOps Engineer,Amazon,Remote,Data Science,1587136,5,13-12-2025
Software Developer,Infosys,Kolkata,Web Development,1381903,5,21-07-2025
Backend Developer,Accenture,Delhi,AI,325747,1,17-02-2025
AI Engineer,HCLTech,Ahmedabad,Web Development,439040,2,05-01-2024
Cloud Engineer,Cognizant,Hyderabad,Data Science,258995,1,15-12-2024
Business Analyst,Zoho,Jaipur,Cloud,485574,2,21-04-2024
Data Scientist,Deloitte,Hyderabad,DevOps,329550,1,03-10-2025
Cloud Engineer,Accenture,Chennai,Cloud,283317,1,23-06-2024
Python Developer,Zoho,Jaipur,DevOps,938291,4,09-01-2025
Frontend Developer,Google,Noida,Software Development,264670,1,17-12-2025
Software Developer,Accenture,Mumbai,DevOps,552156,2,29-05-2024
Backend Developer,IBM,Mumbai,Software Development,751377,3,16-10-2025
Cloud Engineer,Oracle,Noida,Analytics,969697,4,08-02-2025
Data Scientist,Capgemini,Hyderabad,DevOps,228094,1,13-09-2025
Data Analyst,Cognizant,Jaipur,DevOps,244957,1,09-09-2025
Full Stack Developer,TCS,Hyderabad,Web Development,249181,1,30-04-2025
Cloud Engineer,Zoho,Gurgaon,Software Development,915806,4,27-12-2024
Business Analyst,Capgemini,Remote,AI,1062839,4,19-12-2024
Python Developer,TCS,Bangalore,Software Development,501701,2,20-08-2025
AI Engineer,Infosys,Ahmedabad,Analytics,1026255,4,18-01-2025
DevOps Engineer,IBM,Mumbai,Data Science,1320366,5,06-05-2024
Frontend Developer,Wipro,Chennai,DevOps,449759,2,14-04-2025
Data Analyst,HCLTech,Mumbai,Cloud,366432,1,05-04-2024
Frontend Developer,Microsoft,Kolkata,DevOps,1156918,4,27-09-2025
Data Analyst,IBM,Remote,Web Development,559732,2,20-08-2024
Cloud Engineer,Deloitte,Mumbai,Web Development,1278193,5,16-11-2025
Machine Learning Engineer,Oracle,Mumbai,Cloud,551201,2,11-05-2025
Data Analyst,HCLTech,Noida,AI,1297405,5,19-11-2025
Data Analyst,Deloitte,Chennai,Data Science,506381,2,21-08-2024
Frontend Developer,Deloitte,Kolkata,Data Science,544702,2,25-02-2025
Frontend Developer,Capgemini,Delhi,DevOps,1072057,4,26-02-2024
AI Engineer,Amazon,Jaipur,Data Science,1081288,4,05-05-2025
Data Scientist,IBM,Noida,AI,501482,2,18-12-2025
Data Scientist,Microsoft,Kolkata,Analytics,1350359,5,27-10-2025
Backend Developer,Deloitte,Kolkata,DevOps,542944,2,05-08-2024
Data Analyst,HCLTech,Mumbai,Analytics,320871,1,15-12-2025
Software Developer,Capgemini,Remote,Cloud,509254,2,01-07-2024
Data Analyst,Oracle,Bangalore,Data Science,1447663,5,14-01-2025
Cloud Engineer,HCLTech,Delhi,Software Development,225948,1,20-05-2025
Data Scientist,Zoho,Hyderabad,Web Development,276072,1,21-12-2024
Data Scientist,Oracle,Ahmedabad,Cloud,296817,1,28-07-2025
Business Analyst,Capgemini,Gurgaon,Data Science,651978,3,16-08-2025
DevOps Engineer,Zoho,Mumbai,Software Development,1418652,5,29-03-2025
DevOps Engineer,Microsoft,Chennai,Analytics,235227,1,06-08-2025
Full Stack Developer,IBM,Hyderabad,Cloud,328667,1,02-09-2025
Frontend Developer,HCLTech,Kolkata,Analytics,1404673,5,08-07-2024
Frontend Developer,IBM,Mumbai,Software Development,572552,2,23-02-2025
Business Analyst,Deloitte,Mumbai,Analytics,450094,2,06-12-2025
Python Developer,Google,Gurgaon,DevOps,1068251,4,02-10-2025
Machine Learning Engineer,Deloitte,Chennai,DevOps,664483,3,19-01-2025
AI Engineer,Infosys,Remote,Web Development,1049367,4,10-12-2024
Backend Developer,Infosys,Noida,Data Science,1071558,4,07-10-2025
Backend Developer,HCLTech,Pune,Analytics,692158,3,22-07-2024
Cloud Engineer,Oracle,Delhi,Cloud,1047090,4,28-12-2024
Data Analyst,Accenture,Pune,Data Science,1542017,5,07-01-2025
DevOps Engineer,TCS,Kolkata,Data Science,1202138,5,21-10-2024
Software Developer,Google,Gurgaon,DevOps,357983,1,30-10-2025
Software Developer,Microsoft,Delhi,Cloud,718361,3,29-04-2025
Backend Developer,Infosys,Hyderabad,AI,1483621,5,14-05-2024
Business Analyst,Capgemini,Gurgaon,Software Development,568223,2,17-02-2025
Frontend Developer,IBM,Kolkata,Analytics,224103,1,20-10-2024
Software Developer,Zoho,Bangalore,Data Science,668789,3,23-09-2025
Business Analyst,Google,Jaipur,Cloud,1392543,5,11-03-2024
DevOps Engineer,Amazon,Ahmedabad,Web Development,913734,4,01-11-2025
Cloud Engineer,Zoho,Ahmedabad,Software Development,829403,3,29-07-2024
DevOps Engineer,Tech Mahindra,Delhi,Software Development,224126,1,17-06-2024
DevOps Engineer,Deloitte,Mumbai,Data Science,763207,3,24-12-2024
Software Developer,Infosys,Pune,Analytics,1397977,5,29-07-2025
Backend Developer,Capgemini,Mumbai,DevOps,1243150,5,04-11-2024
Data Analyst,Google,Chennai,AI,1269867,5,18-09-2024
Frontend Developer,HCLTech,Mumbai,Web Development,378868,1,02-11-2025
AI Engineer,IBM,Noida,Data Science,280535,1,23-02-2025
Cloud Engineer,Oracle,Bangalore,Web Development,1312549,5,10-11-2024
Backend Developer,Microsoft,Gurgaon,Analytics,1573849,5,25-08-2024
AI Engineer,Tech Mahindra,Mumbai,Analytics,1540779,5,25-07-2024
Full Stack Developer,Google,Gurgaon,Web Development,1390511,5,14-04-2024
AI Engineer,Accenture,Bangalore,Software Development,426226,2,02-09-2025
Machine Learning Engineer,HCLTech,Bangalore,Cloud,534982,2,20-10-2024
Python Developer,Wipro,Gurgaon,Data Science,862886,3,19-03-2025
Data Analyst,Deloitte,Chennai,Analytics,491214,2,17-03-2025
Python Developer,Microsoft,Kolkata,AI,943707,4,06-07-2024
Frontend Developer,Capgemini,Bangalore,Cloud,496556,2,24-03-2025
Full Stack Developer,Google,Chennai,Data Science,1065220,4,03-10-2024
Python Developer,Oracle,Noida,Cloud,1451146,5,19-08-2025
Frontend Developer,HCLTech,Ahmedabad,Data Science,631838,3,12-03-2025
Machine Learning Engineer,Zoho,Gurgaon,Data Science,1442586,5,22-01-2025
Software Developer,IBM,Remote,AI,357279,1,19-12-2025
Frontend Developer,Tech Mahindra,Ahmedabad,Analytics,889801,3,27-02-2024
Python Developer,Microsoft,Noida,Web Development,659076,3,04-08-2024
Machine Learning Engineer,Wipro,Pune,AI,662132,3,18-07-2024
Business Analyst,Deloitte,Kolkata,Analytics,740689,3,12-02-2024
Cloud Engineer,IBM,Gurgaon,Cloud,883395,3,11-01-2025
Machine Learning Engineer,Google,Hyderabad,Cloud,379888,1,02-03-2025
Data Analyst,Cognizant,Mumbai,Analytics,1028850,4,31-10-2025
Business Analyst,HCLTech,Gurgaon,DevOps,620875,3,30-11-2024
Machine Learning Engineer,Deloitte,Noida,DevOps,524689,2,26-12-2025
Frontend Developer,Capgemini,Gurgaon,Cloud,1541413,5,04-11-2025
Frontend Developer,Cognizant,Delhi,Data Science,1131808,4,12-10-2025
Software Developer,Infosys,Bangalore,AI,211135,1,16-04-2025
Data Analyst,Accenture,Kolkata,Analytics,578916,2,12-09-2024
Business Analyst,Microsoft,Jaipur,Cloud,1086279,4,30-09-2025
Data Analyst,Google,Ahmedabad,Web Development,977291,4,30-06-2025
Machine Learning Engineer,IBM,Mumbai,Data Science,544385,2,20-05-2025
DevOps Engineer,Amazon,Mumbai,Web Development,1576041,5,01-10-2025
Data Analyst,HCLTech,Delhi,Web Development,880913,3,08-06-2025
Cloud Engineer,IBM,Remote,Web Development,1002048,4,20-01-2024
Software Developer,Deloitte,Delhi,Cloud,415895,2,01-03-2024
Data Analyst,Infosys,Chennai,Web Development,441455,2,21-12-2024
Frontend Developer,HCLTech,Ahmedabad,Data Science,848842,3,11-06-2024
Software Developer,Deloitte,Delhi,DevOps,948702,4,20-05-2025
DevOps Engineer,Google,Jaipur,Data Science,1228349,5,03-03-2024
DevOps Engineer,TCS,Chennai,Cloud,867040,3,27-10-2025
Frontend Developer,IBM,Ahmedabad,Software Development,773796,3,21-07-2025
Machine Learning Engineer,IBM,Noida,AI,1002855,4,07-08-2025
Full Stack Developer,IBM,Bangalore,Analytics,578632,2,07-09-2025
DevOps Engineer,Google,Bangalore,Cloud,1179185,4,02-11-2024
Frontend Developer,Infosys,Delhi,Data Science,1293337,5,23-11-2025
DevOps Engineer,Accenture,Ahmedabad,Software Development,325478,1,10-11-2024
Full Stack Developer,TCS,Kolkata,Analytics,1224118,5,19-11-2025
Software Developer,Amazon,Ahmedabad,AI,373285,1,17-08-2025
AI Engineer,Cognizant,Remote,Data Science,1550567,5,29-04-2025
Python Developer,Accenture,Jaipur,Web Development,803109,3,19-09-2024
DevOps Engineer,Capgemini,Pune,Software Development,1342060,5,12-12-2025
Data Analyst,HCLTech,Mumbai,AI,609103,3,14-02-2025
Backend Developer,Accenture,Kolkata,Cloud,915909,4,15-03-2025
Frontend Developer,Infosys,Chennai,Analytics,1061664,4,21-08-2025
DevOps Engineer,Amazon,Kolkata,Data Science,743155,3,06-09-2025
Data Scientist,Oracle,Gurgaon,Web Development,1240026,5,14-04-2025
Machine Learning Engineer,Tech Mahindra,Remote,Data Science,934662,4,20-04-2025
Business Analyst,Wipro,Kolkata,DevOps,658749,3,25-07-2025
DevOps Engineer,Accenture,Mumbai,AI,217278,1,01-12-2024
Cloud Engineer,Deloitte,Kolkata,DevOps,539791,2,29-05-2025
DevOps Engineer,Google,Pune,Analytics,532438,2,09-02-2024
Software Developer,Microsoft,Chennai,Analytics,583763,2,07-05-2024
Python Developer,Microsoft,Kolkata,Analytics,1078587,4,30-07-2024
Cloud Engineer,HCLTech,Hyderabad,Software Development,322794,1,24-01-2024
Machine Learning Engineer,Tech Mahindra,Noida,Cloud,256322,1,22-02-2025
Software Developer,TCS,Pune,DevOps,860198,3,26-12-2024
Data Scientist,Capgemini,Ahmedabad,Analytics,1374924,5,08-12-2024
Data Analyst,TCS,Noida,Analytics,1163301,4,30-03-2024
Cloud Engineer,Zoho,Ahmedabad,Data Science,429682,2,16-09-2024
AI Engineer,TCS,Bangalore,Software Development,832255,3,12-11-2024
Backend Developer,Google,Remote,Data Science,217728,1,15-01-2025
Frontend Developer,Microsoft,Gurgaon,AI,590787,2,04-11-2025
AI Engineer,HCLTech,Gurgaon,Data Science,842066,3,30-06-2025
Full Stack Developer,Zoho,Chennai,AI,1436627,5,30-10-2024
Software Developer,Accenture,Ahmedabad,Analytics,1461213,5,08-01-2025
Software Developer,Accenture,Hyderabad,Analytics,305296,1,01-01-2025
Machine Learning Engineer,Wipro,Delhi,Analytics,600406,3,07-04-2025
Backend Developer,Cognizant,Delhi,Web Development,419293,2,09-08-2024
Data Scientist,TCS,Bangalore,Web Development,1091444,4,13-05-2024
Data Analyst,Infosys,Chennai,AI,1081564,4,26-02-2024
DevOps Engineer,Zoho,Jaipur,Analytics,1164980,4,10-08-2025
Full Stack Developer,Oracle,Hyderabad,Analytics,395445,1,19-03-2024
AI Engineer,HCLTech,Gurgaon,AI,305484,1,20-05-2025
Full Stack Developer,HCLTech,Gurgaon,Cloud,273196,1,28-01-2025
AI Engineer,IBM,Noida,DevOps,736704,3,02-09-2024
Software Developer,Wipro,Hyderabad,Data Science,1172142,4,22-11-2024
Software Developer,Infosys,Bangalore,DevOps,500589,2,06-11-2024
Frontend Developer,IBM,Noida,Analytics,1312591,5,16-11-2025
Python Developer,Wipro,Gurgaon,Web Development,588952,2,06-09-2024
Software Developer,Infosys,Ahmedabad,Web Development,276964,1,07-08-2024
DevOps Engineer,Zoho,Hyderabad,Cloud,1170395,4,29-11-2024
Software Developer,IBM,Delhi,Analytics,246933,1,03-03-2024
Data Scientist,Google,Chennai,Cloud,604484,3,09-05-2025
AI Engineer,Cognizant,Chennai,Web Development,1183110,4,17-08-2024
Machine Learning Engineer,Infosys,Gurgaon,Data Science,1098657,4,25-09-2025
Data Scientist,Amazon,Mumbai,Web Development,271769,1,20-09-2025
Business Analyst,Deloitte,Noida,Cloud,1524220,5,13-01-2025
Python Developer,IBM,Delhi,Analytics,254941,1,06-01-2025
Software Developer,Oracle,Delhi,Web Development,1258494,5,27-01-2024
DevOps Engineer,Zoho,Remote,Analytics,1256713,5,05-06-2025
Cloud Engineer,Wipro,Bangalore,Software Development,1019684,4,09-11-2024
Python Developer,HCLTech,Remote,Data Science,488967,2,13-03-2024
Frontend Developer,Wipro,Bangalore,Cloud,1491831,5,06-05-2025
Machine Learning Engineer,Infosys,Noida,Analytics,919979,4,23-12-2025
Software Developer,HCLTech,Ahmedabad,Cloud,806739,3,15-01-2025
Machine Learning Engineer,IBM,Delhi,Data Science,1453482,5,08-10-2025
Data Scientist,Oracle,Chennai,Software Development,338600,1,15-06-2025
Backend Developer,Capgemini,Noida,Web Development,552348,2,26-10-2024
Python Developer,Infosys,Kolkata,AI,466408,2,03-08-2025
DevOps Engineer,Amazon,Ahmedabad,Web Development,382338,1,27-09-2024
Backend Developer,TCS,Jaipur,Data Science,1114453,4,04-03-2025
Software Developer,Infosys,Gurgaon,Analytics,821022,3,23-06-2025
Machine Learning Engineer,Deloitte,Delhi,Cloud,1535849,5,04-10-2025
Cloud Engineer,Cognizant,Bangalore,DevOps,400654,2,04-10-2024
Frontend Developer,Google,Ahmedabad,DevOps,1323836,5,27-05-2025
Python Developer,Google,Hyderabad,Analytics,313712,1,28-06-2024
Data Analyst,Capgemini,Noida,DevOps,469923,2,03-11-2024
Full Stack Developer,TCS,Hyderabad,Cloud,943150,4,02-12-2024
Python Developer,Wipro,Delhi,Analytics,653752,3,13-03-2024
Full Stack Developer,Cognizant,Gurgaon,Software Development,251635,1,12-02-2024
AI Engineer,IBM,Chennai,AI,1472735,5,11-03-2025
Frontend Developer,Accenture,Gurgaon,Web Development,1227190,5,07-03-2025
Business Analyst,Deloitte,Mumbai,Cloud,1448674,5,23-09-2024
Software Developer,IBM,Delhi,Software Development,1348556,5,03-09-2024
Full Stack Developer,Accenture,Chennai,Analytics,443396,2,26-03-2024
Data Analyst,Tech Mahindra,Chennai,Analytics,435114,2,12-09-2024
Python Developer,Google,Ahmedabad,Cloud,1476923,5,29-07-2025
Business Analyst,HCLTech,Bangalore,Web Development,1227431,5,21-08-2025
Frontend Developer,Tech Mahindra,Remote,Web Development,741648,3,23-03-2024
Business Analyst,Wipro,Delhi,Data Science,1566674,5,18-05-2025
Backend Developer,Infosys,Jaipur,Web Development,1313641,5,26-12-2025
Python Developer,Infosys,Hyderabad,Web Development,713250,3,26-08-2025
DevOps Engineer,Amazon,Mumbai,Software Development,650359,3,30-11-2024
DevOps Engineer,Accenture,Remote,Software Development,314056,1,23-03-2025
Software Developer,Amazon,Bangalore,AI,641711,3,04-10-2025
Backend Developer,Google,Hyderabad,Analytics,801495,3,07-06-2025
AI Engineer,TCS,Hyderabad,Software Development,1359405,5,11-03-2024
Machine Learning Engineer,Cognizant,Mumbai,Data Science,1560415,5,18-06-2025
Backend Developer,Oracle,Gurgaon,AI,1142685,4,18-06-2025
DevOps Engineer,Accenture,Delhi,Cloud,1056158,4,05-03-2024
Full Stack Developer,Google,Noida,Software Development,384799,1,26-07-2025
Data Scientist,Wipro,Remote,DevOps,1056726,4,15-06-2025
Python Developer,Google,Kolkata,Web Development,418147,2,28-01-2025
Data Analyst,Zoho,Chennai,AI,514806,2,16-01-2025
Full Stack Developer,Amazon,Gurgaon,Cloud,516474,2,04-03-2024
DevOps Engineer,Zoho,Jaipur,Software Development,491050,2,30-01-2024
Python Developer,Microsoft,Mumbai,AI,1163368,4,03-10-2025
Cloud Engineer,Amazon,Pune,Software Development,1496358,5,02-01-2024
Software Developer,HCLTech,Ahmedabad,Cloud,938716,4,30-09-2025
Frontend Developer,Google,Remote,DevOps,642744,3,09-09-2025
Full Stack Developer,Tech Mahindra,Pune,Data Science,1124655,4,07-01-2024
Full Stack Developer,Tech Mahindra,Chennai,Software Development,526992,2,20-06-2025
Frontend Developer,Capgemini,Bangalore,AI,440715,2,10-12-2024
Cloud Engineer,Zoho,Remote,Cloud,451769,2,20-07-2024
Backend Developer,HCLTech,Delhi,Analytics,1133328,4,03-07-2024
Business Analyst,Microsoft,Delhi,Cloud,1530152,5,04-10-2024
AI Engineer,Accenture,Hyderabad,Web Development,1098411,4,28-06-2024
DevOps Engineer,Capgemini,Pune,Cloud,272228,1,30-11-2024
Data Scientist,IBM,Jaipur,Analytics,1047998,4,25-05-2024
Business Analyst,Oracle,Delhi,Software Development,855353,3,29-10-2024
Data Scientist,Deloitte,Kolkata,Software Development,1581680,5,16-04-2024
Data Analyst,Microsoft,Delhi,AI,486034,2,30-11-2024
Business Analyst,Deloitte,Noida,Web Development,992133,4,07-10-2024
Frontend Developer,TCS,Kolkata,Software Development,378052,1,27-10-2024
Backend Developer,Capgemini,Hyderabad,Software Development,278306,1,25-10-2024
Machine Learning Engineer,Infosys,Remote,DevOps,457893,2,16-12-2025
Frontend Developer,HCLTech,Gurgaon,Data Science,310665,1,23-05-2024
DevOps Engineer,Zoho,Gurgaon,Software Development,1583292,5,17-10-2025
Python Developer,Deloitte,Delhi,Software Development,1347413,5,19-09-2025
AI Engineer,Tech Mahindra,Kolkata,Software Development,631636,3,23-04-2024
Software Developer,Oracle,Ahmedabad,Web Development,1565667,5,21-01-2024
Software Developer,Cognizant,Mumbai,Software Development,644265,3,05-06-2024
Machine Learning Engineer,IBM,Delhi,Web Development,427704,2,27-05-2025
Frontend Developer,TCS,Ahmedabad,DevOps,741771,3,03-08-2024
Data Scientist,Accenture,Mumbai,AI,579708,2,11-03-2024
DevOps Engineer,Cognizant,Chennai,DevOps,1134369,4,04-02-2025
Machine Learning Engineer,Google,Noida,Analytics,482900,2,24-03-2025
Full Stack Developer,Infosys,Pune,Software Development,259119,1,15-01-2024
Data Analyst,Capgemini,Chennai,DevOps,993554,4,24-09-2024
Backend Developer,Microsoft,Jaipur,DevOps,366983,1,23-06-2025
Software Developer,TCS,Kolkata,AI,1058904,4,01-05-2024
Software Developer,Wipro,Gurgaon,Cloud,1479409,5,06-04-2024
Data Analyst,Accenture,Noida,Analytics,1421688,5,22-04-2025
Python Developer,Zoho,Gurgaon,Analytics,543148,2,09-02-2024
Full Stack Developer,Google,Delhi,AI,590361,2,15-12-2024
Data Scientist,HCLTech,Remote,Data Science,1414521,5,26-11-2024
Cloud Engineer,Capgemini,Kolkata,AI,958235,4,20-04-2024
Frontend Developer,Amazon,Ahmedabad,Software Development,1356578,5,04-07-2024
Software Developer,Wipro,Jaipur,Web Development,864981,3,18-08-2024
Cloud Engineer,Tech Mahindra,Kolkata,Web Development,559763,2,16-03-2024
Business Analyst,Capgemini,Noida,DevOps,364141,1,24-02-2024
Cloud Engineer,Microsoft,Chennai,AI,267538,1,07-10-2024
Software Developer,IBM,Jaipur,Software Development,419571,2,06-02-2025
Data Scientist,IBM,Pune,Cloud,322095,1,01-08-2025
DevOps Engineer,Amazon,Remote,AI,1049267,4,31-07-2024
Data Analyst,Capgemini,Ahmedabad,DevOps,257445,1,29-08-2024
DevOps Engineer,Deloitte,Mumbai,Software Development,984096,4,23-01-2025
Cloud Engineer,Cognizant,Mumbai,Data Science,727809,3,27-04-2024
Backend Developer,Microsoft,Gurgaon,Analytics,298565,1,14-01-2024
Backend Developer,TCS,Mumbai,AI,559519,2,11-03-2024
Software Developer,Deloitte,Mumbai,Web Development,373776,1,27-07-2025
Cloud Engineer,Google,Chennai,Cloud,839713,3,29-06-2025
Machine Learning Engineer,Wipro,Mumbai,Analytics,1525361,5,18-12-2025
Data Scientist,Amazon,Gurgaon,Cloud,315443,1,23-06-2024
Backend Developer,Infosys,Kolkata,Cloud,516590,2,17-10-2024
Full Stack Developer,Capgemini,Hyderabad,Web Development,373011,1,31-05-2024
Backend Developer,Capgemini,Chennai,DevOps,361912,1,05-11-2024
Software Developer,Cognizant,Ahmedabad,DevOps,595446,2,04-10-2024
Machine Learning Engineer,Microsoft,Noida,AI,344137,1,27-08-2024
Software Developer,Microsoft,Delhi,Web Development,1170718,4,08-02-2024
AI Engineer,IBM,Delhi,AI,1469202,5,08-12-2024
Cloud Engineer,Zoho,Delhi,Cloud,1290078,5,09-02-2024
Business Analyst,IBM,Delhi,Software Development,897494,3,28-01-2025
Data Analyst,TCS,Hyderabad,DevOps,1102440,4,03-07-2025
Cloud Engineer,Zoho,Hyderabad,Software Development,692192,3,29-07-2024
Data Analyst,Oracle,Delhi,Cloud,820261,3,04-07-2025
Business Analyst,Infosys,Jaipur,Cloud,712914,3,10-11-2025
Data Analyst,Microsoft,Pune,Web Development,570759,2,12-08-2025
AI Engineer,Accenture,Gurgaon,Web Development,1489211,5,20-05-2025
Data Analyst,Zoho,Noida,Cloud,1512411,5,18-10-2025
Backend Developer,Tech Mahindra,Noida,DevOps,467655,2,08-08-2024
Data Scientist,Accenture,Pune,Web Development,1119995,4,16-03-2025
Business Analyst,Oracle,Hyderabad,Software Development,248995,1,29-09-2025
DevOps Engineer,IBM,Gurgaon,AI,642276,3,26-11-2025
Machine Learning Engineer,Amazon,Noida,Analytics,778387,3,30-08-2025
Cloud Engineer,Microsoft,Bangalore,Analytics,1493946,5,14-03-2025
Python Developer,Oracle,Mumbai,DevOps,1028500,4,24-07-2025
Python Developer,Microsoft,Bangalore,DevOps,958152,4,25-07-2025
Cloud Engineer,IBM,Hyderabad,AI,1367410,5,12-01-2025
Software Developer,Accenture,Kolkata,Web Development,538869,2,29-05-2025
Full Stack Developer,Amazon,Hyderabad,Web Development,1423907,5,03-03-2025
Data Analyst,Microsoft,Ahmedabad,Analytics,746661,3,05-12-2024
Backend Developer,Cognizant,Ahmedabad,AI,229193,1,09-12-2024
Full Stack Developer,Microsoft,Delhi,Web Development,1218858,5,12-01-2025
Full Stack Developer,Wipro,Gurgaon,AI,706960,3,25-02-2025
Data Analyst,Wipro,Noida,AI,511475,2,11-06-2025
Data Analyst,Capgemini,Jaipur,Analytics,863322,3,02-04-2025
Frontend Developer,Cognizant,Mumbai,Analytics,1020347,4,17-06-2024
Software Developer,IBM,Delhi,AI,1130837,4,20-01-2025
Full Stack Developer,HCLTech,Noida,Cloud,1521676,5,18-06-2024
Cloud Engineer,Wipro,Remote,Data Science,338451,1,05-07-2025
Software Developer,Google,Remote,AI,591042,2,14-09-2024
Backend Developer,Zoho,Ahmedabad,Analytics,536344,2,22-09-2025
Backend Developer,Tech Mahindra,Jaipur,AI,533488,2,07-04-2025
Backend Developer,Tech Mahindra,Bangalore,Web Development,394527,1,14-12-2025
DevOps Engineer,Amazon,Ahmedabad,Data Science,480952,2,23-05-2024
Frontend Developer,Capgemini,Pune,Cloud,1589642,5,21-04-2025
Data Analyst,Accenture,Bangalore,Data Science,962054,4,15-02-2025
Business Analyst,HCLTech,Jaipur,Software Development,641610,3,24-08-2024
Cloud Engineer,Tech Mahindra,Bangalore,Analytics,1560012,5,03-04-2024
Backend Developer,Capgemini,Hyderabad,Web Development,1051565,4,12-08-2024
Business Analyst,IBM,Bangalore,AI,206002,1,21-07-2025
Data Analyst,Infosys,Pune,AI,724611,3,14-01-2025
Backend Developer,Accenture,Pune,Software Development,531446,2,10-07-2025
Full Stack Developer,Cognizant,Jaipur,Cloud,1054025,4,19-06-2025
Full Stack Developer,Capgemini,Chennai,Analytics,366723,1,18-07-2025
Full Stack Developer,Google,Jaipur,Data Science,450505,2,24-02-2025
Backend Developer,Accenture,Ahmedabad,Software Development,982013,4,09-10-2024
Data Scientist,Accenture,Jaipur,Analytics,680214,3,17-08-2024
AI Engineer,TCS,Noida,Software Development,498595,2,10-12-2025
Full Stack Developer,Amazon,Hyderabad,Analytics,240754,1,18-01-2024
Data Scientist,Cognizant,Hyderabad,Data Science,1338492,5,12-10-2024
Backend Developer,Capgemini,Gurgaon,Analytics,291237,1,14-07-2025
Machine Learning Engineer,Cognizant,Chennai,DevOps,793278,3,23-11-2025
Frontend Developer,Tech Mahindra,Pune,Analytics,1526730,5,30-01-2025
Business Analyst,Cognizant,Jaipur,DevOps,881259,3,12-02-2025
Software Developer,TCS,Kolkata,AI,846794,3,14-10-2025
Backend Developer,HCLTech,Remote,Cloud,1006362,4,13-12-2025
Python Developer,Microsoft,Jaipur,AI,1375059,5,16-10-2025
DevOps Engineer,HCLTech,Delhi,Data Science,1241544,5,17-12-2024
Full Stack Developer,HCLTech,Pune,Web Development,1196321,4,29-03-2025
Machine Learning Engineer,Microsoft,Delhi,Cloud,1438909,5,06-04-2025
Python Developer,Google,Jaipur,DevOps,412442,2,14-05-2024
Data Analyst,Oracle,Bangalore,Software Development,473754,2,29-01-2024
Full Stack Developer,TCS,Chennai,Data Science,1200974,5,14-02-2024
Cloud Engineer,Zoho,Pune,Analytics,806928,3,04-09-2025
Full Stack Developer,TCS,Bangalore,DevOps,1482178,5,18-10-2025
Cloud Engineer,IBM,Noida,Cloud,349124,1,28-08-2025
Python Developer,Google,Hyderabad,Web Development,432010,2,18-04-2025
AI Engineer,HCLTech,Bangalore,AI,908135,4,20-01-2024
Full Stack Developer,Tech Mahindra,Hyderabad,Web Development,263680,1,27-01-2025
Python Developer,Capgemini,Hyderabad,Web Development,1575120,5,18-08-2024
Business Analyst,Oracle,Delhi,Cloud,1098135,4,04-09-2025
Business Analyst,Oracle,Mumbai,Cloud,345482,1,21-07-2025
Frontend Developer,Google,Gurgaon,Software Development,1396551,5,06-08-2025
Business Analyst,Amazon,Ahmedabad,Analytics,249731,1,15-02-2025
AI Engineer,Oracle,Noida,Software Development,292096,1,05-05-2024
Machine Learning Engineer,TCS,Ahmedabad,AI,1528892,5,29-09-2024
Data Analyst,Capgemini,Chennai,DevOps,1037848,4,23-09-2024
Frontend Developer,Deloitte,Bangalore,AI,814578,3,17-12-2025
Data Analyst,Google,Chennai,Cloud,717930,3,06-04-2025
AI Engineer,Microsoft,Mumbai,DevOps,346039,1,22-02-2025
Machine Learning Engineer,Google,Noida,Cloud,249777,1,10-05-2025
Data Scientist,Wipro,Remote,Data Science,1021122,4,15-12-2024
Full Stack Developer,Accenture,Gurgaon,Software Development,1248001,5,12-01-2024
Data Analyst,Google,Mumbai,Web Development,413193,2,18-07-2025
DevOps Engineer,Infosys,Mumbai,Data Science,1306449,5,04-01-2025
Full Stack Developer,HCLTech,Kolkata,Analytics,1130267,4,02-09-2025
AI Engineer,Accenture,Jaipur,Analytics,274674,1,15-09-2024
Python Developer,Tech Mahindra,Jaipur,Web Development,1336457,5,09-03-2024
Full Stack Developer,HCLTech,Noida,Cloud,1375500,5,07-06-2024
Data Analyst,Microsoft,Delhi,Data Science,1406479,5,16-12-2024
Backend Developer,Deloitte,Hyderabad,Cloud,444584,2,20-09-2025
Frontend Developer,Wipro,Ahmedabad,Data Science,821966,3,09-10-2024
Data Analyst,Cognizant,Delhi,Cloud,518387,2,09-10-2025
Full Stack Developer,Tech Mahindra,Delhi,Cloud,558572,2,25-11-2024
Cloud Engineer,Accenture,Ahmedabad,DevOps,339247,1,14-04-2025
Python Developer,Accenture,Mumbai,DevOps,376956,1,04-02-2025
Machine Learning Engineer,Capgemini,Gurgaon,Cloud,1057139,4,19-03-2024
Frontend Developer,Google,Bangalore,DevOps,630342,3,17-05-2024
DevOps Engineer,Deloitte,Jaipur,Cloud,770813,3,27-03-2025
AI Engineer,Zoho,Remote,Data Science,548971,2,31-10-2025
Backend Developer,Amazon,Jaipur,AI,753553,3,16-09-2024
Machine Learning Engineer,Oracle,Noida,Analytics,1549806,5,01-09-2025
Backend Developer,IBM,Pune,Data Science,204957,1,19-05-2025
DevOps Engineer,Capgemini,Chennai,Cloud,1541719,5,27-01-2024
Machine Learning Engineer,Zoho,Gurgaon,Cloud,1500925,5,21-01-2024
Python Developer,Accenture,Bangalore,Web Development,1001062,4,15-08-2024
Data Analyst,Capgemini,Pune,Cloud,1509272,5,16-10-2024
Software Developer,HCLTech,Delhi,DevOps,1125002,4,13-12-2025
Backend Developer,Deloitte,Jaipur,Data Science,1079844,4,01-05-2025
Machine Learning Engineer,HCLTech,Noida,Software Development,216505,1,15-03-2025
Frontend Developer,Capgemini,Gurgaon,Analytics,576365,2,10-07-2024
Cloud Engineer,Tech Mahindra,Chennai,Software Development,442523,2,28-09-2025
Frontend Developer,Deloitte,Gurgaon,Data Science,575422,2,01-02-2025
Data Scientist,Cognizant,Mumbai,Cloud,873226,3,12-03-2025
Python Developer,Microsoft,Delhi,AI,352328,1,19-10-2025
AI Engineer,Deloitte,Chennai,Software Development,585194,2,22-11-2025
Data Analyst,Amazon,Bangalore,Cloud,397337,1,19-04-2025
AI Engineer,Deloitte,Mumbai,Data Science,333791,1,17-08-2025
DevOps Engineer,Oracle,Mumbai,Analytics,545281,2,04-06-2025
Data Scientist,Infosys,Hyderabad,Web Development,675586,3,10-04-2025
Data Scientist,Zoho,Pune,AI,1058823,4,10-02-2024
Data Analyst,Google,Hyderabad,Web Development,1562641,5,06-04-2024
Machine Learning Engineer,Infosys,Chennai,Data Science,453430,2,22-11-2025
Machine Learning Engineer,Amazon,Noida,Data Science,1310183,5,21-05-2025
Frontend Developer,Capgemini,Ahmedabad,Cloud,1504049,5,29-04-2025
Data Scientist,Google,Remote,Analytics,720038,3,05-11-2025
Software Developer,Oracle,Bangalore,Software Development,1574301,5,22-07-2025
Python Developer,Infosys,Bangalore,DevOps,954329,4,24-02-2025
Python Developer,Google,Kolkata,AI,457624,2,18-10-2025
Business Analyst,Tech Mahindra,Noida,DevOps,947236,4,17-01-2025
Software Developer,Infosys,Chennai,Software Development,1487705,5,15-07-2025
Python Developer,Zoho,Noida,Data Science,464215,2,21-07-2024
Python Developer,Wipro,Kolkata,Software Development,728128,3,29-08-2024
Backend Developer,Tech Mahindra,Pune,Web Development,369052,1,31-10-2025
DevOps Engineer,Google,Bangalore,Software Development,391550,1,10-02-2025
DevOps Engineer,Capgemini,Delhi,AI,427952,2,29-03-2025
AI Engineer,IBM,Mumbai,Web Development,1295008,5,25-03-2024
Frontend Developer,Accenture,Bangalore,Analytics,557403,2,02-10-2025
Full Stack Developer,Cognizant,Chennai,Analytics,1166202,4,21-04-2025
DevOps Engineer,Zoho,Remote,Analytics,1076889,4,04-12-2025
Frontend Developer,Accenture,Kolkata,Software Development,419859,2,09-12-2025
Full Stack Developer,TCS,Delhi,Web Development,728047,3,04-10-2024
Cloud Engineer,Tech Mahindra,Bangalore,Software Development,798755,3,03-02-2024
Business Analyst,Deloitte,Delhi,Software Development,534245,2,09-08-2024
Machine Learning Engineer,HCLTech,Hyderabad,Cloud,823684,3,19-08-2024
Python Developer,IBM,Delhi,Web Development,1188732,4,27-02-2025
Full Stack Developer,Capgemini,Jaipur,Data Science,987592,4,17-11-2025
Backend Developer,Wipro,Mumbai,Software Development,1147547,4,27-04-2024
Machine Learning Engineer,Tech Mahindra,Mumbai,Software Development,1154256,4,06-01-2024
Business Analyst,Cognizant,Jaipur,Data Science,668555,3,29-03-2024
Frontend Developer,Microsoft,Jaipur,AI,1041391,4,18-12-2024
Software Developer,Microsoft,Jaipur,Analytics,299286,1,28-01-2025
Software Developer,Accenture,Gurgaon,DevOps,1166088,4,03-07-2024
DevOps Engineer,Deloitte,Delhi,Web Development,791512,3,22-03-2025
DevOps Engineer,TCS,Chennai,Software Development,482795,2,10-03-2024
AI Engineer,Google,Bangalore,Cloud,307684,1,01-09-2025
Python Developer,Capgemini,Jaipur,DevOps,1414170,5,30-11-2024
Backend Developer,IBM,Kolkata,DevOps,1119280,4,15-06-2024
DevOps Engineer,IBM,Kolkata,Data Science,426080,2,10-09-2025
Data Analyst,Capgemini,Mumbai,AI,547115,2,23-11-2024
Backend Developer,Google,Hyderabad,Analytics,1166858,4,16-02-2024
Cloud Engineer,HCLTech,Gurgaon,AI,900911,4,30-04-2024
Business Analyst,Zoho,Hyderabad,DevOps,599292,2,26-08-2025
Data Scientist,Wipro,Bangalore,AI,336965,1,18-08-2024
Cloud Engineer,TCS,Gurgaon,Data Science,1328780,5,11-01-2024
Business Analyst,Accenture,Ahmedabad,Web Development,589643,2,03-02-2025
Cloud Engineer,Google,Delhi,AI,1138498,4,05-10-2025
Data Analyst,Capgemini,Bangalore,Data Science,428659,2,04-06-2024
Machine Learning Engineer,IBM,Kolkata,Web Development,1453473,5,23-03-2024
Data Scientist,Amazon,Mumbai,Software Development,1190019,4,31-12-2025
Frontend Developer,Oracle,Remote,DevOps,313974,1,29-01-2025
Full Stack Developer,Oracle,Mumbai,Analytics,1252435,5,01-05-2024
Software Developer,Oracle,Mumbai,AI,1165749,4,10-11-2024
Full Stack Developer,IBM,Remote,Data Science,532623,2,22-02-2024
DevOps Engineer,Cognizant,Bangalore,DevOps,341967,1,18-02-2025
Software Developer,TCS,Ahmedabad,Data Science,377167,1,06-09-2024
Backend Developer,Deloitte,Bangalore,DevOps,1274872,5,02-02-2024
Frontend Developer,Tech Mahindra,Bangalore,AI,917961,4,02-05-2024
Data Analyst,Zoho,Mumbai,Analytics,263692,1,21-10-2024
AI Engineer,HCLTech,Pune,AI,1090714,4,13-06-2024
Python Developer,Oracle,Delhi,DevOps,416808,2,20-10-2024
DevOps Engineer,Wipro,Mumbai,DevOps,269881,1,23-05-2025
Frontend Developer,Microsoft,Delhi,Analytics,842667,3,02-10-2024
Cloud Engineer,Capgemini,Pune,Cloud,275296,1,23-05-2025
Cloud Engineer,HCLTech,Gurgaon,AI,1512286,5,04-11-2024
Frontend Developer,Microsoft,Remote,Analytics,409953,2,26-02-2024
Frontend Developer,TCS,Pune,Web Development,228328,1,03-09-2025
Cloud Engineer,Capgemini,Gurgaon,DevOps,380157,1,29-09-2024
Machine Learning Engineer,Accenture,Kolkata,Web Development,1189834,4,22-08-2025
Data Scientist,Infosys,Bangalore,Web Development,278527,1,06-05-2025
Frontend Developer,Capgemini,Remote,Software Development,543387,2,02-10-2024
Python Developer,Wipro,Chennai,DevOps,1208555,5,11-09-2024
Frontend Developer,Google,Ahmedabad,Data Science,317356,1,01-11-2024
Cloud Engineer,Microsoft,Kolkata,Data Science,1113691,4,16-07-2025
Backend Developer,Amazon,Gurgaon,Cloud,284786,1,26-11-2024
Backend Developer,TCS,Gurgaon,Web Development,441665,2,12-04-2025
Full Stack Developer,Amazon,Remote,Web Development,1530568,5,02-07-2025
Data Analyst,Accenture,Delhi,Software Development,898899,3,24-04-2025
Data Analyst,Capgemini,Ahmedabad,Cloud,840498,3,19-07-2025
Business Analyst,IBM,Chennai,Web Development,1247005,5,15-09-2024
Backend Developer,HCLTech,Jaipur,Data Science,1220657,5,21-02-2024
Frontend Developer,Zoho,Bangalore,DevOps,211283,1,05-01-2024
DevOps Engineer,Capgemini,Mumbai,DevOps,452887,2,04-05-2024
Backend Developer,Microsoft,Ahmedabad,Software Development,350329,1,13-01-2024
Software Developer,Zoho,Kolkata,Data Science,1532109,5,21-01-2024
Backend Developer,Zoho,Chennai,DevOps,1156305,4,19-02-2024
Full Stack Developer,Capgemini,Kolkata,DevOps,589624,2,14-04-2024
Frontend Developer,Tech Mahindra,Chennai,Web Development,552029,2,28-09-2025
Python Developer,TCS,Bangalore,Web Development,369776,1,05-12-2024
Full Stack Developer,Deloitte,Kolkata,Analytics,287094,1,26-12-2024
Cloud Engineer,Oracle,Mumbai,Software Development,1195219,4,10-04-2025
Backend Developer,Oracle,Pune,Web Development,669774,3,24-03-2025
Frontend Developer,HCLTech,Gurgaon,Cloud,727359,3,11-05-2025
Software Developer,Google,Hyderabad,Software Development,527764,2,09-05-2025
Full Stack Developer,Google,Bangalore,Data Science,1288141,5,12-10-2025
Software Developer,Cognizant,Remote,Software Development,1182224,4,04-06-2024
Data Analyst,TCS,Noida,DevOps,314557,1,05-06-2024
Python Developer,Tech Mahindra,Hyderabad,Web Development,897000,3,17-01-2024
Business Analyst,Deloitte,Jaipur,Cloud,791783,3,21-01-2024
Business Analyst,Deloitte,Chennai,Analytics,227948,1,15-03-2025
Full Stack Developer,TCS,Jaipur,Software Development,1402333,5,22-02-2024
Data Analyst,Google,Jaipur,DevOps,428216,2,11-10-2024
Cloud Engineer,HCLTech,Gurgaon,DevOps,943990,4,01-04-2025
AI Engineer,IBM,Delhi,Web Development,765193,3,09-05-2024
Data Analyst,Microsoft,Bangalore,Software Development,740423,3,16-03-2024
Frontend Developer,Capgemini,Ahmedabad,Software Development,1254159,5,04-09-2025
Machine Learning Engineer,Amazon,Jaipur,Analytics,879851,3,17-07-2025
Machine Learning Engineer,Microsoft,Remote,DevOps,459225,2,14-03-2024
Machine Learning Engineer,IBM,Delhi,AI,261612,1,15-08-2024
Cloud Engineer,Infosys,Pune,Web Development,517930,2,01-02-2025
Backend Developer,Tech Mahindra,Gurgaon,Cloud,278974,1,24-05-2024
Backend Developer,Oracle,Hyderabad,Software Development,1409824,5,05-06-2025
Data Scientist,Infosys,Jaipur,Cloud,1540742,5,01-10-2025
Data Analyst,Infosys,Chennai,Analytics,1041258,4,11-04-2024
Python Developer,IBM,Kolkata,Analytics,992243,4,25-10-2025
Backend Developer,Tech Mahindra,Noida,DevOps,344974,1,21-06-2024
DevOps Engineer,IBM,Chennai,Analytics,1006369,4,01-03-2025
Python Developer,Google,Noida,Cloud,286814,1,27-12-2025
Full Stack Developer,Google,Remote,Analytics,1068411,4,04-07-2025
Data Analyst,Infosys,Hyderabad,DevOps,226026,1,05-05-2025
Python Developer,Tech Mahindra,Mumbai,Data Science,443234,2,29-01-2025
Data Scientist,Wipro,Noida,Data Science,584657,2,29-03-2025
Cloud Engineer,HCLTech,Gurgaon,Web Development,494771,2,26-09-2025
Business Analyst,Tech Mahindra,Delhi,AI,389876,1,07-06-2025
Machine Learning Engineer,HCLTech,Gurgaon,Data Science,510258,2,30-10-2024
Business Analyst,Amazon,Remote,Data Science,593753,2,02-05-2024
Data Scientist,Google,Gurgaon,Data Science,935845,4,14-05-2024
Machine Learning Engineer,Google,Chennai,AI,369970,1,03-04-2025
AI Engineer,HCLTech,Hyderabad,DevOps,652673,3,15-03-2025
DevOps Engineer,Amazon,Noida,Software Development,231139,1,07-10-2024
Frontend Developer,Google,Remote,Cloud,1116481,4,29-12-2025
Software Developer,Cognizant,Pune,DevOps,788819,3,17-03-2024
Machine Learning Engineer,HCLTech,Kolkata,DevOps,568364,2,08-03-2024
AI Engineer,Oracle,Chennai,Web Development,621074,3,01-08-2025
Software Developer,Infosys,Hyderabad,AI,1102208,4,08-06-2024
Python Developer,IBM,Delhi,DevOps,619228,3,25-01-2024
Data Scientist,TCS,Remote,Cloud,676666,3,22-08-2025
Data Scientist,HCLTech,Hyderabad,Cloud,1150030,4,06-03-2024
Software Developer,TCS,Jaipur,Data Science,883843,3,11-06-2025
Backend Developer,Accenture,Remote,DevOps,546380,2,11-01-2024
Cloud Engineer,HCLTech,Gurgaon,DevOps,1336092,5,04-11-2025
Machine Learning Engineer,Accenture,Gurgaon,DevOps,487689,2,14-12-2025
Backend Developer,Tech Mahindra,Kolkata,Analytics,1020062,4,13-02-2024
Software Developer,Deloitte,Delhi,Software Development,535194,2,18-05-2024
Business Analyst,Accenture,Hyderabad,Data Science,1160718,4,29-10-2024
Full Stack Developer,TCS,Jaipur,Data Science,329388,1,04-01-2025
Data Analyst,Oracle,Gurgaon,Data Science,800856,3,19-10-2025
Business Analyst,Capgemini,Ahmedabad,Cloud,945621,4,09-09-2025
AI Engineer,Capgemini,Chennai,Analytics,1523021,5,15-09-2025
Business Analyst,Cognizant,Mumbai,Software Development,1314755,5,14-11-2025
Data Scientist,Microsoft,Chennai,Analytics,244934,1,04-11-2024
Python Developer,IBM,Mumbai,Cloud,288400,1,28-08-2025
AI Engineer,Capgemini,Jaipur,Data Science,827903,3,24-12-2024
Full Stack Developer,Capgemini,Hyderabad,Web Development,1454208,5,31-07-2024
Frontend Developer,Cognizant,Mumbai,Web Development,363261,1,05-01-2025
Python Developer,Google,Jaipur,Software Development,448425,2,22-12-2025
Cloud Engineer,Accenture,Hyderabad,AI,1263039,5,15-07-2024
Frontend Developer,Wipro,Jaipur,DevOps,1074351,4,07-07-2025
Machine Learning Engineer,Zoho,Ahmedabad,Web Development,265663,1,04-05-2025
Software Developer,Infosys,Pune,Software Development,1409826,5,05-03-2024
Data Scientist,TCS,Kolkata,Web Development,403406,2,09-02-2024
AI Engineer,Google,Pune,Software Development,338048,1,14-04-2025
Data Scientist,TCS,Delhi,Data Science,1511951,5,12-08-2024
DevOps Engineer,Accenture,Gurgaon,AI,1149008,4,01-06-2025
DevOps Engineer,Infosys,Delhi,DevOps,437831,2,18-07-2025
Backend Developer,Google,Mumbai,Web Development,1166229,4,04-02-2025
Data Analyst,Capgemini,Delhi,DevOps,1105493,4,25-04-2024
Machine Learning Engineer,Infosys,Remote,AI,335261,1,31-12-2025
Software Developer,Amazon,Jaipur,DevOps,450093,2,25-09-2024
Cloud Engineer,Wipro,Ahmedabad,AI,1219862,5,17-05-2025
Python Developer,Infosys,Remote,Software Development,557329,2,03-03-2025
Data Analyst,IBM,Chennai,DevOps,724771,3,18-07-2025
Data Analyst,Capgemini,Chennai,DevOps,691707,3,01-02-2025
Full Stack Developer,HCLTech,Chennai,Data Science,1322712,5,14-03-2024
Software Developer,Deloitte,Ahmedabad,Cloud,361564,1,11-06-2024
Python Developer,TCS,Jaipur,Data Science,1153031,4,26-07-2024
Backend Developer,TCS,Delhi,Web Development,1142404,4,20-11-2024
Full Stack Developer,Zoho,Pune,Cloud,1244354,5,26-01-2025
Data Scientist,HCLTech,Gurgaon,AI,268375,1,30-07-2025
Data Scientist,TCS,Hyderabad,AI,921037,4,27-11-2025
Data Analyst,Infosys,Chennai,AI,613223,3,02-03-2025
Software Developer,Wipro,Kolkata,Cloud,1528168,5,12-01-2024
Machine Learning Engineer,Google,Pune,DevOps,754189,3,07-01-2024
Machine Learning Engineer,Oracle,Chennai,DevOps,762103,3,03-08-2024
DevOps Engineer,Amazon,Kolkata,Cloud,428418,2,07-01-2025
Data Analyst,Zoho,Bangalore,Web Development,259703,1,29-07-2025
DevOps Engineer,Capgemini,Delhi,AI,786511,3,19-12-2025
DevOps Engineer,IBM,Jaipur,Software Development,1197562,4,12-11-2024
DevOps Engineer,Accenture,Remote,Cloud,369101,1,24-11-2025
Data Analyst,Google,Remote,Cloud,478259,2,25-05-2024
Business Analyst,Tech Mahindra,Mumbai,DevOps,1104468,4,24-09-2024
Python Developer,Tech Mahindra,Pune,Web Development,1334982,5,05-01-2024
Data Analyst,Zoho,Hyderabad,Software Development,249264,1,26-12-2025
Data Scientist,Deloitte,Remote,Analytics,1518581,5,24-06-2024
Full Stack Developer,IBM,Noida,DevOps,1307430,5,10-07-2025
Backend Developer,Oracle,Jaipur,AI,1530235,5,21-11-2024
Data Scientist,Cognizant,Hyderabad,Cloud,219123,1,11-11-2025
Python Developer,Zoho,Mumbai,Web Development,1597685,5,17-04-2024
Machine Learning Engineer,Tech Mahindra,Pune,Cloud,1125380,4,02-07-2025
Machine Learning Engineer,Tech Mahindra,Remote,Cloud,1294700,5,12-05-2024
Data Analyst,Google,Jaipur,Analytics,930891,4,24-02-2024
AI Engineer,Infosys,Jaipur,Cloud,352708,1,10-04-2025
Data Scientist,Amazon,Bangalore,Software Development,1302845,5,29-09-2024
Backend Developer,Wipro,Remote,Data Science,596333,2,28-01-2024
Business Analyst,Accenture,Bangalore,Analytics,725481,3,09-07-2024
DevOps Engineer,Wipro,Mumbai,DevOps,701920,3,22-10-2024
AI Engineer,Wipro,Pune,Data Science,1504647,5,01-06-2025
Backend Developer,Oracle,Ahmedabad,Data Science,678328,3,24-09-2024
Data Analyst,Infosys,Noida,Cloud,734321,3,29-11-2025
Full Stack Developer,Wipro,Remote,Data Science,200135,1,08-07-2024
Backend Developer,Deloitte,Ahmedabad,Software Development,1565031,5,30-05-2024
Cloud Engineer,Cognizant,Delhi,Cloud,886266,3,11-02-2024
Data Scientist,Zoho,Chennai,Software Development,1187556,4,02-09-2025
Data Analyst,Capgemini,Remote,Software Development,1365019,5,13-09-2025
Frontend Developer,Capgemini,Delhi,DevOps,470413,2,11-11-2024
Python Developer,IBM,Bangalore,Web Development,534696,2,02-05-2024
DevOps Engineer,Accenture,Bangalore,Analytics,473931,2,02-11-2025
AI Engineer,Infosys,Mumbai,Software Development,1232079,5,19-04-2025
Data Analyst,Infosys,Ahmedabad,Web Development,1375268,5,12-06-2025
Data Analyst,Accenture,Mumbai,Software Development,1297857,5,01-11-2025
Python Developer,Deloitte,Delhi,Cloud,1320555,5,08-11-2024
Full Stack Developer,Accenture,Jaipur,Web Development,339815,1,09-08-2024
Python Developer,Zoho,Noida,Cloud,735878,3,20-04-2024
Frontend Developer,Deloitte,Delhi,Cloud,319749,1,19-01-2024
Data Analyst,Cognizant,Noida,Analytics,407519,2,02-08-2024
Python Developer,Oracle,Remote,AI,474668,2,18-08-2024
DevOps Engineer,Oracle,Gurgaon,Software Development,851814,3,31-12-2024
Business Analyst,Cognizant,Jaipur,AI,1519526,5,11-01-2025
DevOps Engineer,Google,Gurgaon,Software Development,1112295,4,21-09-2024
Backend Developer,Amazon,Noida,Analytics,961312,4,02-08-2024
Business Analyst,HCLTech,Remote,Analytics,272306,1,23-04-2024
Data Scientist,Infosys,Pune,DevOps,1007498,4,05-08-2025
Cloud Engineer,HCLTech,Delhi,Analytics,1421448,5,27-07-2025
Cloud Engineer,Accenture,Pune,Cloud,729127,3,10-03-2024
Data Analyst,Oracle,Jaipur,Cloud,495498,2,10-06-2025
Data Analyst,Google,Delhi,Cloud,1000560,4,01-06-2025
Frontend Developer,Google,Pune,Software Development,1067532,4,04-10-2025
Data Scientist,Wipro,Gurgaon,Analytics,487001,2,06-01-2024
Frontend Developer,Zoho,Ahmedabad,Cloud,210510,1,19-12-2024
Python Developer,Cognizant,Bangalore,Data Science,715000,3,08-03-2025
Cloud Engineer,HCLTech,Ahmedabad,Analytics,829226,3,08-11-2025
Data Analyst,HCLTech,Chennai,AI,815068,3,17-03-2025
Python Developer,IBM,Gurgaon,Web Development,957510,4,17-09-2025
Cloud Engineer,Cognizant,Ahmedabad,DevOps,1069495,4,17-02-2025
Machine Learning Engineer,Tech Mahindra,Delhi,Software Development,696179,3,02-08-2025
Machine Learning Engineer,Tech Mahindra,Delhi,Software Development,496630,2,27-03-2025
Business Analyst,Deloitte,Delhi,Web Development,1292669,5,23-07-2025
Data Scientist,TCS,Kolkata,DevOps,1203546,5,28-06-2024
Business Analyst,Capgemini,Hyderabad,AI,865838,3,18-01-2025
Cloud Engineer,Deloitte,Delhi,Data Science,640934,3,18-01-2025
Cloud Engineer,Capgemini,Bangalore,Cloud,477422,2,09-06-2024
AI Engineer,Tech Mahindra,Hyderabad,Analytics,1119569,4,09-06-2025
AI Engineer,HCLTech,Hyderabad,Web Development,1148882,4,29-08-2025
AI Engineer,Wipro,Ahmedabad,Cloud,416296,2,15-07-2024
Frontend Developer,Tech Mahindra,Delhi,DevOps,1005601,4,10-03-2024
Machine Learning Engineer,Amazon,Chennai,Software Development,337631,1,08-07-2025
Backend Developer,Zoho,Noida,Software Development,1003141,4,17-07-2025
Python Developer,Cognizant,Ahmedabad,Cloud,420084,2,30-07-2024
Business Analyst,Accenture,Hyderabad,Web Development,1525049,5,10-10-2024
Frontend Developer,TCS,Gurgaon,DevOps,1347047,5,17-06-2024
Software Developer,Wipro,Delhi,Data Science,367450,1,05-05-2024
Python Developer,HCLTech,Ahmedabad,Cloud,1173854,4,11-04-2025
Software Developer,TCS,Pune,Data Science,577481,2,07-03-2025
Cloud Engineer,TCS,Ahmedabad,Cloud,968012,4,05-08-2025
Business Analyst,TCS,Kolkata,Software Development,934695,4,29-03-2025
AI Engineer,Tech Mahindra,Hyderabad,DevOps,613860,3,28-01-2025
Machine Learning Engineer,HCLTech,Hyderabad,Software Development,903247,4,26-07-2025
AI Engineer,Google,Noida,Cloud,859458,3,30-11-2024
Cloud Engineer,Infosys,Gurgaon,Cloud,413365,2,29-08-2024
Data Scientist,Google,Jaipur,Web Development,384748,1,27-08-2025
Python Developer,Infosys,Jaipur,AI,998549,4,29-07-2024
Data Analyst,Cognizant,Gurgaon,Analytics,1140072,4,27-06-2025
Frontend Developer,Tech Mahindra,Bangalore,Analytics,225480,1,10-02-2025
Frontend Developer,Cognizant,Pune,AI,1483220,5,16-02-2024
Backend Developer,TCS,Hyderabad,AI,204087,1,27-02-2024
Full Stack Developer,Amazon,Mumbai,AI,562786,2,12-09-2025
Data Analyst,Infosys,Hyderabad,Web Development,428132,2,10-07-2024
Machine Learning Engineer,Oracle,Chennai,Data Science,272043,1,29-06-2024
Data Analyst,Infosys,Mumbai,Cloud,280454,1,30-07-2024
Cloud Engineer,Zoho,Delhi,Web Development,1025508,4,01-05-2025
Software Developer,Cognizant,Gurgaon,Cloud,1108103,4,23-01-2024
Cloud Engineer,Wipro,Gurgaon,Software Development,1201173,5,27-08-2025
Data Scientist,Oracle,Chennai,Data Science,300687,1,06-04-2025
DevOps Engineer,Microsoft,Remote,Cloud,1583788,5,02-03-2024
Full Stack Developer,IBM,Bangalore,AI,1339507,5,20-11-2024
Software Developer,Wipro,Ahmedabad,Web Development,1049059,4,07-04-2025
Full Stack Developer,Oracle,Noida,DevOps,210212,1,02-02-2024
Machine Learning Engineer,IBM,Hyderabad,Analytics,1004675,4,13-05-2025
Python Developer,Infosys,Mumbai,AI,791964,3,22-09-2024
Machine Learning Engineer,TCS,Remote,Cloud,690895,3,10-01-2025
Full Stack Developer,Zoho,Gurgaon,Software Development,327618,1,27-01-2024
Full Stack Developer,Google,Delhi,Data Science,343388,1,24-06-2024
Frontend Developer,Microsoft,Kolkata,Software Development,1386989,5,27-02-2024
Frontend Developer,Zoho,Mumbai,Web Development,586049,2,16-01-2024
Data Scientist,Wipro,Jaipur,Web Development,1279268,5,12-01-2025
Frontend Developer,Infosys,Remote,DevOps,1077769,4,20-09-2025
Software Developer,Google,Remote,Analytics,238688,1,24-04-2025
DevOps Engineer,TCS,Delhi,Software Development,907020,4,03-04-2024
Software Developer,Oracle,Pune,Cloud,507402,2,30-03-2024
Data Scientist,IBM,Kolkata,Data Science,1348338,5,27-10-2024
Python Developer,Capgemini,Jaipur,Web Development,899858,3,26-12-2024
Business Analyst,Infosys,Delhi,Web Development,215292,1,25-09-2025
Cloud Engineer,HCLTech,Kolkata,DevOps,254592,1,31-03-2025
Backend Developer,Infosys,Remote,Software Development,480487,2,03-05-2025
Data Scientist,Capgemini,Ahmedabad,AI,825962,3,27-01-2025
Software Developer,Tech Mahindra,Gurgaon,Analytics,617520,3,11-02-2024
Full Stack Developer,Amazon,Mumbai,DevOps,274437,1,06-12-2025
AI Engineer,Zoho,Gurgaon,DevOps,303385,1,14-02-2024
Full Stack Developer,Google,Pune,Cloud,1259788,5,25-03-2024
Software Developer,Oracle,Bangalore,Web Development,1119849,4,24-01-2024
Data Scientist,Zoho,Hyderabad,Data Science,529317,2,06-05-2025
Backend Developer,Tech Mahindra,Hyderabad,Analytics,316665,1,11-03-2024
DevOps Engineer,Oracle,Bangalore,Web Development,1129711,4,17-03-2025
Data Scientist,Oracle,Pune,Software Development,323879,1,18-06-2024
Data Analyst,Zoho,Kolkata,Analytics,571736,2,04-10-2025
Frontend Developer,Cognizant,Pune,Cloud,1125370,4,01-03-2025
DevOps Engineer,Oracle,Gurgaon,AI,350368,1,26-05-2025
Data Scientist,Oracle,Delhi,Cloud,881080,3,19-03-2024
Machine Learning Engineer,Accenture,Delhi,AI,563150,2,20-09-2024
Data Scientist,Oracle,Delhi,Web Development,553512,2,27-03-2024
Cloud Engineer,Microsoft,Pune,AI,866450,3,17-05-2025
AI Engineer,Infosys,Pune,Software Development,238431,1,12-02-2025
Frontend Developer,Tech Mahindra,Remote,Web Development,485719,2,10-01-2025
Business Analyst,TCS,Mumbai,Web Development,1134415,4,31-10-2024
Business Analyst,Accenture,Mumbai,Cloud,1304743,5,13-09-2025
DevOps Engineer,Amazon,Delhi,Data Science,511584,2,30-01-2025
Business Analyst,Oracle,Remote,AI,636301,3,27-09-2024
Data Scientist,Oracle,Ahmedabad,AI,1004799,4,09-10-2024
Machine Learning Engineer,Capgemini,Remote,Software Development,1441439,5,15-09-2025
Python Developer,IBM,Bangalore,Cloud,340063,1,28-02-2024
AI Engineer,Deloitte,Delhi,Data Science,1015378,4,26-02-2024
Frontend Developer,TCS,Noida,DevOps,673880,3,14-11-2025
Full Stack Developer,IBM,Pune,Software Development,959976,4,26-07-2025
Software Developer,TCS,Jaipur,Web Development,1271177,5,09-04-2025
DevOps Engineer,Oracle,Delhi,Analytics,503467,2,03-08-2024
Data Analyst,Google,Delhi,Data Science,400156,2,07-05-2024
DevOps Engineer,Zoho,Hyderabad,Cloud,766182,3,15-07-2025
Business Analyst,Wipro,Gurgaon,Web Development,1308888,5,16-01-2025
Business Analyst,Oracle,Remote,Software Development,812437,3,31-10-2025
Software Developer,HCLTech,Delhi,Software Development,1219217,5,01-08-2024
Python Developer,Accenture,Remote,Analytics,427168,2,25-09-2025
Data Analyst,Accenture,Pune,Software Development,362972,1,10-12-2025
Full Stack Developer,Capgemini,Mumbai,AI,226426,1,16-06-2024
DevOps Engineer,HCLTech,Remote,Web Development,1065358,4,20-08-2025
Data Scientist,Amazon,Hyderabad,Analytics,250738,1,09-10-2025
Machine Learning Engineer,Zoho,Noida,Cloud,445038,2,19-08-2024
AI Engineer,Oracle,Hyderabad,Software Development,1107960,4,07-02-2025
Cloud Engineer,TCS,Mumbai,AI,1237510,5,02-08-2024
DevOps Engineer,Deloitte,Mumbai,Web Development,532854,2,28-05-2024
AI Engineer,Wipro,Noida,DevOps,727956,3,25-08-2025
Data Analyst,Deloitte,Kolkata,Data Science,1167147,4,25-11-2025
Business Analyst,HCLTech,Delhi,Cloud,1149272,4,17-08-2025
Python Developer,Tech Mahindra,Gurgaon,Analytics,784672,3,15-11-2024
Data Analyst,Tech Mahindra,Kolkata,Data Science,530943,2,28-12-2025
DevOps Engineer,Accenture,Ahmedabad,Web Development,1176409,4,14-11-2024
Frontend Developer,Tech Mahindra,Pune,Cloud,1171535,4,19-03-2024
Machine Learning Engineer,Zoho,Pune,AI,390392,1,24-11-2024
Frontend Developer,IBM,Kolkata,Data Science,1022949,4,05-05-2024
Backend Developer,TCS,Delhi,DevOps,339156,1,27-11-2024
Business Analyst,IBM,Bangalore,Data Science,223839,1,15-12-2024
Machine Learning Engineer,Tech Mahindra,Pune,Cloud,1360474,5,07-05-2024
Frontend Developer,Accenture,Jaipur,Cloud,843590,3,26-12-2024
Frontend Developer,Capgemini,Ahmedabad,Data Science,462550,2,02-01-2024
Python Developer,Google,Noida,DevOps,1147254,4,20-06-2025
Python Developer,Amazon,Gurgaon,Cloud,1057528,4,05-08-2024
Cloud Engineer,IBM,Remote,Data Science,996873,4,17-01-2024
Business Analyst,Accenture,Jaipur,Cloud,246669,1,09-08-2025
Data Scientist,Microsoft,Hyderabad,Web Development,401692,2,15-08-2024
DevOps Engineer,Microsoft,Kolkata,Data Science,1005783,4,15-05-2024
Python Developer,HCLTech,Noida,Software Development,660728,3,17-07-2024
Backend Developer,HCLTech,Pune,Cloud,322461,1,01-10-2025
Business Analyst,HCLTech,Noida,Cloud,1399570,5,21-07-2024
Software Developer,Oracle,Pune,Analytics,504037,2,10-07-2024
AI Engineer,TCS,Chennai,Cloud,527543,2,19-07-2024
Business Analyst,Microsoft,Pune,Software Development,529861,2,15-08-2024
Full Stack Developer,Capgemini,Jaipur,Data Science,1085598,4,01-10-2024
Software Developer,Accenture,Chennai,DevOps,452216,2,06-10-2024
Frontend Developer,Cognizant,Remote,DevOps,461445,2,20-06-2024
Data Analyst,Wipro,Remote,Analytics,1248014,5,19-03-2024
Data Scientist,Tech Mahindra,Chennai,Data Science,773350,3,05-08-2024
Backend Developer,Wipro,Delhi,AI,560536,2,16-04-2024
Python Developer,Microsoft,Remote,Data Science,679178,3,19-05-2025
Cloud Engineer,Oracle,Ahmedabad,Data Science,1188702,4,24-02-2024
AI Engineer,Amazon,Gurgaon,Analytics,649043,3,19-11-2025
Python Developer,Capgemini,Kolkata,Analytics,470644,2,14-04-2025
Business Analyst,TCS,Kolkata,Software Development,1581149,5,28-04-2024
DevOps Engineer,Deloitte,Bangalore,AI,612602,3,12-11-2025
Data Analyst,Cognizant,Remote,Analytics,579252,2,25-01-2025
Backend Developer,IBM,Pune,Analytics,991447,4,29-06-2024
Software Developer,Wipro,Remote,AI,321057,1,02-05-2025
Data Analyst,Infosys,Ahmedabad,Analytics,1417329,5,29-10-2025
Business Analyst,Deloitte,Jaipur,Software Development,537824,2,04-10-2025
Business Analyst,Infosys,Remote,DevOps,1283564,5,28-05-2025
Frontend Developer,Microsoft,Noida,AI,1258393,5,04-04-2024
Data Scientist,Infosys,Delhi,Software Development,551395,2,03-04-2024
Frontend Developer,Tech Mahindra,Chennai,Analytics,262380,1,21-04-2025
Cloud Engineer,Infosys,Hyderabad,Software Development,226959,1,26-06-2025
Data Analyst,Cognizant,Mumbai,Software Development,299394,1,13-08-2024
DevOps Engineer,Zoho,Hyderabad,DevOps,1042995,4,27-10-2025
Data Analyst,Wipro,Mumbai,AI,912155,4,26-08-2025
Python Developer,Capgemini,Noida,Software Development,558960,2,15-05-2025
Software Developer,Cognizant,Bangalore,Software Development,1165728,4,15-02-2024
Cloud Engineer,Deloitte,Noida,Data Science,276090,1,06-01-2024
Data Analyst,Infosys,Noida,Software Development,428098,2,19-12-2025
AI Engineer,Capgemini,Mumbai,Web Development,856072,3,04-06-2025
Python Developer,Accenture,Noida,DevOps,866174,3,05-04-2025
Full Stack Developer,Zoho,Delhi,Cloud,1515381,5,19-02-2025
AI Engineer,Microsoft,Mumbai,Web Development,356884,1,10-08-2025
Python Developer,Zoho,Jaipur,AI,1421879,5,12-08-2025
Machine Learning Engineer,Deloitte,Remote,DevOps,1097640,4,25-05-2025
Backend Developer,Google,Bangalore,Web Development,272767,1,28-10-2024
Machine Learning Engineer,TCS,Gurgaon,Software Development,634309,3,27-01-2025
Frontend Developer,Infosys,Chennai,AI,656722,3,01-09-2024
Software Developer,Tech Mahindra,Jaipur,Cloud,1508907,5,13-11-2025
AI Engineer,Deloitte,Noida,Software Development,478741,2,21-12-2024
Software Developer,Cognizant,Noida,DevOps,1135011,4,30-10-2025
Machine Learning Engineer,HCLTech,Gurgaon,AI,1140772,4,25-08-2025
Machine Learning Engineer,Amazon,Gurgaon,Cloud,1179247,4,22-03-2025
Data Scientist,Tech Mahindra,Remote,Cloud,1126770,4,28-05-2024
Data Scientist,IBM,Bangalore,DevOps,1552023,5,25-04-2024
Business Analyst,Amazon,Hyderabad,Cloud,486924,2,02-02-2025
Machine Learning Engineer,Deloitte,Ahmedabad,Analytics,862706,3,23-08-2025
Python Developer,Accenture,Ahmedabad,DevOps,884654,3,05-11-2024
Backend Developer,Google,Gurgaon,Data Science,1162728,4,29-10-2025
Cloud Engineer,Oracle,Bangalore,Analytics,216899,1,20-07-2025
Machine Learning Engineer,IBM,Mumbai,DevOps,994247,4,12-02-2024
Machine Learning Engineer,Cognizant,Ahmedabad,Analytics,1390608,5,08-07-2025
Software Developer,Capgemini,Chennai,Software Development,1501125,5,11-06-2025
Python Developer,HCLTech,Jaipur,Data Science,698296,3,04-03-2024
Python Developer,Amazon,Kolkata,Web Development,717749,3,17-08-2025
Data Analyst,Zoho,Delhi,Data Science,995055,4,29-11-2024
Frontend Developer,Microsoft,Hyderabad,Analytics,1599267,5,05-10-2025
Full Stack Developer,Infosys,Remote,Web Development,1171705,4,11-04-2024
DevOps Engineer,Accenture,Jaipur,DevOps,451170,2,13-07-2025
Software Developer,Tech Mahindra,Noida,DevOps,666440,3,28-03-2024
Cloud Engineer,Deloitte,Pune,Analytics,266586,1,01-09-2024
Data Scientist,Google,Chennai,DevOps,1481223,5,17-01-2025
Cloud Engineer,Infosys,Kolkata,Web Development,502813,2,30-01-2024
Backend Developer,Cognizant,Chennai,Web Development,333566,1,22-09-2024
Full Stack Developer,Infosys,Gurgaon,Data Science,204407,1,16-03-2025
Data Scientist,Google,Noida,Cloud,416685,2,29-12-2025
Software Developer,IBM,Bangalore,DevOps,1289028,5,29-06-2025
Cloud Engineer,Cognizant,Jaipur,Web Development,466366,2,16-03-2024
Data Analyst,IBM,Delhi,Software Development,1181072,4,27-07-2024
Backend Developer,Zoho,Pune,Data Science,1372630,5,15-12-2025
Python Developer,Zoho,Chennai,Data Science,888922,3,29-03-2024
Cloud Engineer,Tech Mahindra,Bangalore,DevOps,708897,3,02-02-2025
Backend Developer,Infosys,Bangalore,DevOps,1194022,4,07-02-2024
Business Analyst,HCLTech,Ahmedabad,DevOps,954710,4,02-06-2025
Frontend Developer,Deloitte,Gurgaon,AI,223644,1,08-02-2025
Full Stack Developer,Cognizant,Ahmedabad,Software Development,775600,3,16-08-2024
Python Developer,Oracle,Kolkata,Software Development,1051127,4,04-03-2025
Cloud Engineer,IBM,Delhi,Web Development,498436,2,24-07-2025
Backend Developer,Cognizant,Mumbai,Web Development,211187,1,30-05-2024
Frontend Developer,Capgemini,Jaipur,Cloud,509651,2,21-12-2025
Machine Learning Engineer,Infosys,Gurgaon,Analytics,543964,2,13-04-2025
Backend Developer,Infosys,Bangalore,Data Science,645430,3,09-11-2024
Cloud Engineer,Cognizant,Chennai,Cloud,1023249,4,24-09-2025
Cloud Engineer,IBM,Delhi,DevOps,1103304,4,18-04-2025
Cloud Engineer,TCS,Noida,Software Development,452635,2,02-05-2025
AI Engineer,TCS,Bangalore,Software Development,1579266,5,12-09-2025
Backend Developer,Amazon,Bangalore,Cloud,1300579,5,16-10-2024
Data Scientist,TCS,Bangalore,Analytics,356304,1,10-10-2025
AI Engineer,Zoho,Bangalore,Web Development,451689,2,16-11-2025
Cloud Engineer,Wipro,Gurgaon,Cloud,211699,1,29-02-2024
Cloud Engineer,IBM,Chennai,DevOps,345575,1,07-01-2024
Python Developer,TCS,Delhi,AI,430936,2,14-02-2025
Software Developer,Amazon,Noida,AI,1546640,5,26-11-2024
Business Analyst,Wipro,Ahmedabad,AI,899696,3,27-02-2025
Python Developer,Wipro,Hyderabad,Software Development,318735,1,15-05-2025
Data Scientist,Oracle,Delhi,Analytics,217890,1,23-06-2025
Python Developer,TCS,Kolkata,Software Development,426655,2,28-09-2025
Machine Learning Engineer,Zoho,Mumbai,Data Science,349500,1,01-01-2026
Machine Learning Engineer,HCLTech,Delhi,Data Science,529833,2,09-11-2025
Frontend Developer,Google,Remote,AI,1319897,5,30-09-2025
Frontend Developer,Capgemini,Delhi,Web Development,652758,3,07-06-2024
Data Scientist,Google,Hyderabad,Data Science,557311,2,20-10-2024
Data Analyst,IBM,Jaipur,Software Development,1061876,4,13-09-2024
Frontend Developer,TCS,Hyderabad,Web Development,522507,2,24-06-2024
AI Engineer,Accenture,Remote,Web Development,1016345,4,27-05-2025
Machine Learning Engineer,TCS,Jaipur,Data Science,951463,4,09-03-2024
Full Stack Developer,Wipro,Pune,Software Development,1103469,4,15-01-2024
Frontend Developer,Tech Mahindra,Jaipur,DevOps,1154998,4,27-06-2025
Full Stack Developer,Tech Mahindra,Gurgaon,Software Development,1175867,4,24-01-2024
Data Analyst,Google,Chennai,Analytics,948043,4,13-06-2024
Data Analyst,Deloitte,Mumbai,Software Development,1527619,5,26-10-2025
Backend Developer,Deloitte,Hyderabad,Web Development,498095,2,12-06-2025
Data Analyst,Capgemini,Pune,Software Development,397692,1,05-02-2025
Full Stack Developer,Amazon,Chennai,Software Development,206833,1,09-07-2024
Data Analyst,Tech Mahindra,Noida,Web Development,410986,2,11-09-2025
Data Analyst,IBM,Ahmedabad,Data Science,200242,1,28-01-2024
Python Developer,Accenture,Noida,Data Science,644773,3,03-03-2025
DevOps Engineer,Oracle,Jaipur,Software Development,1248729,5,10-09-2024
Data Analyst,Zoho,Jaipur,Cloud,1004803,4,25-06-2025
Software Developer,Accenture,Chennai,Data Science,989743,4,04-04-2025
Business Analyst,Tech Mahindra,Mumbai,Cloud,261959,1,28-10-2025
Software Developer,IBM,Hyderabad,Cloud,1436689,5,21-05-2024
Frontend Developer,IBM,Jaipur,Cloud,862488,3,04-01-2024
Software Developer,IBM,Bangalore,Data Science,885356,3,16-04-2025
DevOps Engineer,Cognizant,Noida,Software Development,1469626,5,12-09-2025
Software Developer,Oracle,Delhi,Data Science,1463291,5,06-04-2024
DevOps Engineer,Wipro,Kolkata,Analytics,463851,2,30-10-2024
DevOps Engineer,Tech Mahindra,Jaipur,DevOps,1204933,5,14-10-2024
Frontend Developer,Microsoft,Pune,Analytics,847137,3,12-06-2024
Business Analyst,Microsoft,Chennai,Software Development,667564,3,24-01-2025
Software Developer,Zoho,Gurgaon,DevOps,299960,1,14-03-2024
Software Developer,Microsoft,Pune,Web Development,515528,2,31-05-2024
Python Developer,HCLTech,Jaipur,Web Development,507037,2,08-06-2025
Full Stack Developer,Cognizant,Noida,Web Development,1120188,4,10-01-2025
AI Engineer,TCS,Remote,Software Development,1310614,5,24-04-2025
Machine Learning Engineer,Cognizant,Remote,Web Development,1427811,5,19-08-2025
Python Developer,Deloitte,Hyderabad,Web Development,349559,1,12-08-2025
Data Scientist,Deloitte,Ahmedabad,AI,1350604,5,29-07-2025
Backend Developer,Wipro,Noida,Data Science,1076993,4,29-07-2025
Data Analyst,IBM,Gurgaon,Software Development,1211223,5,06-12-2024
Data Scientist,IBM,Bangalore,Data Science,890493,3,21-11-2025
Business Analyst,Capgemini,Bangalore,Web Development,994084,4,21-07-2025
Python Developer,Capgemini,Noida,Software Development,859881,3,22-01-2025
Software Developer,Google,Noida,DevOps,592966,2,20-02-2025
Machine Learning Engineer,Oracle,Pune,Web Development,1354004,5,16-08-2025
Full Stack Developer,Accenture,Ahmedabad,Software Development,218813,1,12-03-2024
Machine Learning Engineer,Microsoft,Ahmedabad,Web Development,1313632,5,25-05-2025
Business Analyst,Infosys,Delhi,DevOps,1363364,5,19-10-2024
Software Developer,Capgemini,Delhi,Cloud,408512,2,11-08-2025
Data Scientist,Wipro,Remote,DevOps,1314871,5,21-03-2024
AI Engineer,Oracle,Bangalore,Web Development,200960,1,26-03-2025
Data Scientist,Deloitte,Hyderabad,Data Science,388126,1,29-05-2025
Software Developer,Cognizant,Pune,Software Development,580203,2,28-08-2024
Python Developer,Oracle,Remote,DevOps,994986,4,14-10-2025
Full Stack Developer,HCLTech,Delhi,Cloud,482267,2,11-11-2024
Software Developer,Deloitte,Pune,Analytics,1389298,5,23-09-2024
Python Developer,HCLTech,Remote,DevOps,1267073,5,26-11-2025
AI Engineer,Zoho,Mumbai,Web Development,927076,4,12-05-2024
DevOps Engineer,Oracle,Gurgaon,AI,383044,1,22-02-2025
DevOps Engineer,Tech Mahindra,Bangalore,Analytics,388281,1,16-02-2025
Frontend Developer,Deloitte,Gurgaon,Analytics,799986,3,21-01-2025
Full Stack Developer,Zoho,Ahmedabad,AI,571440,2,15-11-2025
Cloud Engineer,Wipro,Gurgaon,Web Development,200813,1,14-01-2024
Frontend Developer,HCLTech,Remote,DevOps,939089,4,01-09-2025
Python Developer,Capgemini,Ahmedabad,Web Development,1180649,4,11-05-2024
Cloud Engineer,Microsoft,Kolkata,Data Science,1257758,5,22-11-2024
AI Engineer,Zoho,Kolkata,Web Development,450894,2,28-07-2024
AI Engineer,Oracle,Pune,Cloud,657626,3,20-12-2024
Backend Developer,Microsoft,Delhi,Data Science,326708,1,03-06-2025
Cloud Engineer,Infosys,Remote,Software Development,310117,1,14-08-2025
Data Scientist,TCS,Hyderabad,AI,339172,1,06-06-2025
AI Engineer,Microsoft,Remote,Analytics,703194,3,26-08-2025
Data Analyst,Accenture,Hyderabad,Software Development,443121,2,17-12-2024
Full Stack Developer,Tech Mahindra,Pune,AI,876248,3,06-06-2024
AI Engineer,Deloitte,Gurgaon,AI,999170,4,19-11-2024
Full Stack Developer,Infosys,Gurgaon,Software Development,1098612,4,21-03-2024
Software Developer,Oracle,Hyderabad,DevOps,1445964,5,25-07-2024
Full Stack Developer,Deloitte,Delhi,Software Development,967418,4,09-05-2024
DevOps Engineer,Capgemini,Gurgaon,Data Science,232839,1,27-01-2025
Data Analyst,Wipro,Bangalore,Software Development,215505,1,12-07-2024
Data Analyst,TCS,Jaipur,DevOps,312121,1,02-11-2024
Software Developer,Amazon,Chennai,AI,933978,4,22-01-2024
Backend Developer,Accenture,Pune,Cloud,1468372,5,23-08-2024
Backend Developer,TCS,Delhi,AI,458861,2,28-11-2024
AI Engineer,IBM,Mumbai,DevOps,1125796,4,24-02-2025
AI Engineer,Microsoft,Ahmedabad,Data Science,1453265,5,21-01-2025
DevOps Engineer,Oracle,Noida,Data Science,1173500,4,27-02-2024
Backend Developer,Accenture,Kolkata,Data Science,1349003,5,27-11-2025
Frontend Developer,Oracle,Chennai,Data Science,1449103,5,11-03-2024
DevOps Engineer,HCLTech,Ahmedabad,Data Science,543791,2,05-10-2024
Business Analyst,Wipro,Bangalore,AI,250548,1,16-08-2024
Data Analyst,Deloitte,Hyderabad,AI,330769,1,09-11-2025
Python Developer,Amazon,Noida,Analytics,1165872,4,13-09-2024
Machine Learning Engineer,IBM,Ahmedabad,Analytics,1424879,5,26-12-2024
Business Analyst,Infosys,Mumbai,Analytics,675806,3,30-09-2025
Data Scientist,IBM,Pune,Analytics,203434,1,18-10-2024
Python Developer,TCS,Jaipur,Analytics,1150552,4,29-03-2025
DevOps Engineer,Capgemini,Hyderabad,Web Development,1566641,5,10-03-2024
AI Engineer,Infosys,Chennai,DevOps,460014,2,29-11-2024
Business Analyst,Capgemini,Noida,Software Development,441207,2,25-05-2024
Python Developer,Amazon,Gurgaon,Analytics,982998,4,03-01-2025
Data Scientist,Tech Mahindra,Noida,AI,1587796,5,06-06-2024
Frontend Developer,Cognizant,Pune,Cloud,452366,2,26-10-2025
Data Analyst,HCLTech,Pune,Data Science,407555,2,13-06-2024
Machine Learning Engineer,Cognizant,Jaipur,AI,750247,3,05-10-2025
Data Analyst,Capgemini,Jaipur,Software Development,1337282,5,28-02-2024
AI Engineer,Deloitte,Remote,Cloud,439411,2,03-01-2025
DevOps Engineer,Tech Mahindra,Kolkata,Web Development,495078,2,19-12-2024
Software Developer,Accenture,Noida,Analytics,545393,2,28-12-2024
Cloud Engineer,Deloitte,Ahmedabad,AI,917577,4,02-09-2025
Data Scientist,Google,Bangalore,Analytics,280399,1,18-04-2025
Backend Developer,Microsoft,Jaipur,Cloud,874302,3,01-11-2024
AI Engineer,Capgemini,Gurgaon,Cloud,348254,1,30-08-2024
Business Analyst,IBM,Jaipur,DevOps,679013,3,24-11-2024
AI Engineer,Infosys,Gurgaon,DevOps,1211983,5,06-11-2025
AI Engineer,Tech Mahindra,Kolkata,Web Development,518166,2,25-05-2024
Business Analyst,IBM,Remote,AI,631181,3,06-11-2024
Backend Developer,HCLTech,Delhi,Analytics,318977,1,26-04-2025
Data Analyst,Oracle,Hyderabad,Cloud,1122366,4,18-04-2025
Full Stack Developer,Deloitte,Mumbai,DevOps,1226515,5,06-12-2024
Software Developer,Amazon,Noida,DevOps,596109,2,07-11-2024
Machine Learning Engineer,IBM,Mumbai,AI,952418,4,28-09-2025
Data Analyst,Microsoft,Hyderabad,Cloud,276072,1,22-10-2025
Cloud Engineer,Infosys,Hyderabad,AI,374392,1,30-01-2025
DevOps Engineer,Infosys,Gurgaon,Data Science,573176,2,28-04-2025
Python Developer,Deloitte,Bangalore,Cloud,1070435,4,04-10-2024
Python Developer,IBM,Pune,Analytics,838259,3,23-10-2025
Backend Developer,Amazon,Chennai,Web Development,1394328,5,29-08-2025
Business Analyst,Zoho,Gurgaon,Web Development,1240387,5,05-07-2024
Full Stack Developer,Cognizant,Delhi,AI,620196,3,17-03-2024
Frontend Developer,Infosys,Jaipur,Data Science,321992,1,27-07-2025
Business Analyst,TCS,Hyderabad,Analytics,1061986,4,20-04-2025
AI Engineer,IBM,Kolkata,AI,1184033,4,25-05-2024
Full Stack Developer,Deloitte,Remote,Data Science,1072964,4,05-03-2024
Full Stack Developer,Google,Gurgaon,DevOps,848493,3,05-04-2024
Python Developer,Capgemini,Mumbai,Data Science,1556501,5,06-10-2024
Business Analyst,Zoho,Hyderabad,Analytics,437190,2,16-12-2025
Python Developer,Deloitte,Noida,Data Science,458656,2,15-10-2024
Python Developer,HCLTech,Hyderabad,DevOps,596920,2,29-10-2024
Data Scientist,IBM,Gurgaon,Data Science,515665,2,05-12-2025
AI Engineer,Deloitte,Ahmedabad,Cloud,927182,4,28-06-2025
Data Scientist,Microsoft,Gurgaon,Cloud,523759,2,06-04-2025
Data Analyst,Capgemini,Jaipur,Web Development,1252889,5,10-08-2024
DevOps Engineer,Wipro,Pune,AI,1204061,5,13-02-2024
Cloud Engineer,Tech Mahindra,Gurgaon,AI,751168,3,30-03-2024
AI Engineer,Wipro,Bangalore,Software Development,644293,3,01-02-2024
Cloud Engineer,HCLTech,Gurgaon,Data Science,248871,1,26-11-2024
AI Engineer,Wipro,Noida,Data Science,222938,1,18-06-2024
Python Developer,Deloitte,Chennai,DevOps,1402358,5,27-10-2025
Business Analyst,Capgemini,Pune,Data Science,412464,2,07-05-2025
DevOps Engineer,Microsoft,Ahmedabad,DevOps,1508147,5,18-01-2024
Full Stack Developer,Capgemini,Remote,Analytics,1274462,5,16-08-2024
Cloud Engineer,HCLTech,Jaipur,Software Development,1096077,4,28-11-2024
AI Engineer,Zoho,Noida,Data Science,1251711,5,01-04-2025
Backend Developer,Wipro,Kolkata,Analytics,1548619,5,18-03-2025
Cloud Engineer,Infosys,Chennai,Data Science,399923,1,05-02-2024
Data Scientist,IBM,Noida,Data Science,601369,3,26-11-2024
Data Analyst,Accenture,Noida,Web Development,1444054,5,30-03-2025
Machine Learning Engineer,Tech Mahindra,Delhi,Cloud,988985,4,19-06-2025
Frontend Developer,Microsoft,Ahmedabad,DevOps,381656,1,18-02-2025
Machine Learning Engineer,Infosys,Noida,Software Development,729300,3,16-02-2025
AI Engineer,Tech Mahindra,Gurgaon,Analytics,1011961,4,22-05-2025
DevOps Engineer,Amazon,Chennai,Web Development,954249,4,22-11-2024
Data Scientist,Capgemini,Jaipur,Web Development,1093928,4,24-12-2025
Data Scientist,Amazon,Ahmedabad,Analytics,1447140,5,23-05-2025
Business Analyst,Capgemini,Kolkata,Cloud,233979,1,07-09-2025
Data Analyst,Zoho,Chennai,DevOps,940787,4,07-06-2024
Data Scientist,Tech Mahindra,Ahmedabad,AI,448912,2,05-05-2025
Business Analyst,IBM,Ahmedabad,DevOps,847038,3,13-05-2024
AI Engineer,Oracle,Kolkata,Web Development,957886,4,18-06-2025
Python Developer,Google,Pune,Data Science,261373,1,25-11-2024
Machine Learning Engineer,HCLTech,Kolkata,Cloud,1199494,4,24-06-2025
Data Analyst,IBM,Jaipur,DevOps,1148563,4,02-05-2025
Machine Learning Engineer,Microsoft,Chennai,Software Development,766190,3,23-07-2024
Frontend Developer,IBM,Hyderabad,Analytics,566816,2,11-07-2024
Backend Developer,Cognizant,Pune,Analytics,316028,1,14-01-2024
Data Scientist,HCLTech,Kolkata,Cloud,403787,2,31-05-2024
Cloud Engineer,Google,Jaipur,DevOps,377523,1,27-09-2025
Python Developer,Deloitte,Pune,Cloud,1127133,4,16-07-2024
Business Analyst,TCS,Chennai,Data Science,435373,2,26-12-2024
AI Engineer,Deloitte,Pune,Software Development,562850,2,16-03-2024
Software Developer,Infosys,Kolkata,AI,1227569,5,13-11-2024
Full Stack Developer,Infosys,Gurgaon,Analytics,309604,1,24-04-2024
Full Stack Developer,TCS,Chennai,Software Development,1157330,4,15-03-2024
DevOps Engineer,HCLTech,Pune,DevOps,1430833,5,05-12-2025
DevOps Engineer,TCS,Jaipur,Web Development,910300,4,28-10-2025
Data Scientist,Zoho,Kolkata,Web Development,264018,1,19-06-2025
Data Analyst,Zoho,Mumbai,Analytics,405107,2,14-06-2024
Backend Developer,Google,Chennai,Analytics,463158,2,31-12-2024
Data Analyst,Capgemini,Noida,AI,1313454,5,14-04-2025
Python Developer,Cognizant,Pune,Web Development,237053,1,11-10-2024
Backend Developer,Google,Delhi,Cloud,914477,4,01-02-2024
Software Developer,Infosys,Noida,Software Development,1357493,5,23-10-2024
AI Engineer,Capgemini,Ahmedabad,DevOps,1506107,5,27-04-2025
AI Engineer,TCS,Ahmedabad,Software Development,626600,3,18-04-2024
Python Developer,Wipro,Noida,Web Development,1185962,4,31-10-2024
Full Stack Developer,TCS,Noida,AI,506120,2,23-12-2025
Data Scientist,HCLTech,Kolkata,Analytics,1581693,5,29-03-2025
Data Scientist,Tech Mahindra,Jaipur,Analytics,812239,3,25-05-2024
Frontend Developer,Deloitte,Mumbai,AI,230507,1,09-12-2025
Machine Learning Engineer,Deloitte,Chennai,Web Development,401682,2,09-12-2025
Data Scientist,Cognizant,Bangalore,Analytics,1043521,4,19-02-2025
Machine Learning Engineer,TCS,Chennai,Analytics,592531,2,05-01-2024
DevOps Engineer,Zoho,Bangalore,Data Science,413424,2,22-03-2024
Machine Learning Engineer,Capgemini,Gurgaon,Web Development,343979,1,28-01-2024
Backend Developer,Oracle,Noida,Web Development,910305,4,17-06-2024
Business Analyst,Capgemini,Kolkata,Web Development,828320,3,16-12-2025
Machine Learning Engineer,Wipro,Chennai,Software Development,1161375,4,02-08-2025
Cloud Engineer,Tech Mahindra,Kolkata,Cloud,845268,3,24-04-2025
DevOps Engineer,Tech Mahindra,Jaipur,Analytics,538706,2,26-01-2024
Software Developer,Capgemini,Mumbai,Web Development,1126877,4,13-04-2025
Frontend Developer,Amazon,Chennai,Data Science,1562640,5,28-08-2024
Data Scientist,Tech Mahindra,Gurgaon,Data Science,210000,1,14-10-2024
Backend Developer,Cognizant,Remote,Cloud,1575309,5,29-06-2025
Cloud Engineer,Wipro,Hyderabad,AI,1557221,5,29-09-2025
Python Developer,HCLTech,Ahmedabad,Cloud,452315,2,30-09-2024
Backend Developer,Accenture,Gurgaon,Analytics,1404383,5,05-05-2025
Python Developer,TCS,Delhi,DevOps,268368,1,31-05-2024
Python Developer,Oracle,Noida,Cloud,381997,1,28-04-2025
DevOps Engineer,TCS,Kolkata,Data Science,324727,1,23-04-2024
Cloud Engineer,Microsoft,Kolkata,Software Development,1249316,5,02-10-2025
DevOps Engineer,TCS,Pune,Web Development,1003996,4,20-05-2025
Python Developer,Capgemini,Kolkata,Cloud,233057,1,24-05-2025
Full Stack Developer,Zoho,Noida,Software Development,232840,1,06-10-2025
Data Scientist,Oracle,Ahmedabad,Software Development,528895,2,03-01-2024
Python Developer,Tech Mahindra,Delhi,Web Development,902489,4,28-11-2025
Machine Learning Engineer,Google,Jaipur,DevOps,1141351,4,06-02-2024
Cloud Engineer,Google,Jaipur,Software Development,1403207,5,09-01-2025
Business Analyst,Wipro,Noida,DevOps,487988,2,06-05-2025
Data Analyst,Capgemini,Gurgaon,Analytics,318255,1,24-02-2024
Software Developer,Tech Mahindra,Kolkata,Cloud,653695,3,21-04-2024
Full Stack Developer,Oracle,Delhi,Cloud,803705,3,01-11-2025
DevOps Engineer,Oracle,Pune,AI,343969,1,30-03-2024
Cloud Engineer,Accenture,Mumbai,AI,811745,3,07-01-2024
Backend Developer,Cognizant,Bangalore,Web Development,377884,1,11-11-2024
Frontend Developer,Amazon,Jaipur,AI,259991,1,31-12-2025
DevOps Engineer,Capgemini,Ahmedabad,AI,914642,4,23-06-2024
Machine Learning Engineer,Capgemini,Delhi,AI,1002706,4,22-11-2025
Software Developer,Tech Mahindra,Delhi,AI,894789,3,21-10-2025
Frontend Developer,Microsoft,Remote,Analytics,1327229,5,27-07-2025
Cloud Engineer,Deloitte,Ahmedabad,Analytics,1155288,4,18-12-2024
Data Analyst,HCLTech,Remote,AI,1444237,5,05-05-2025
Python Developer,Microsoft,Ahmedabad,DevOps,1531050,5,08-09-2024
AI Engineer,Wipro,Chennai,Cloud,702215,3,15-11-2024
Data Scientist,Google,Gurgaon,Software Development,575065,2,06-08-2024
Software Developer,Google,Delhi,Software Development,417453,2,03-02-2025
Software Developer,Accenture,Jaipur,Cloud,1301556,5,07-04-2025
Cloud Engineer,Microsoft,Kolkata,Cloud,1449982,5,09-09-2024
Python Developer,Deloitte,Noida,DevOps,1057258,4,17-10-2024
AI Engineer,Amazon,Hyderabad,Cloud,1553277,5,24-01-2024
AI Engineer,Zoho,Remote,Cloud,242151,1,22-07-2025
Machine Learning Engineer,TCS,Pune,AI,1483047,5,27-04-2025
Full Stack Developer,Zoho,Chennai,Analytics,886200,3,23-02-2024
Full Stack Developer,Google,Chennai,Analytics,270929,1,16-11-2025
Backend Developer,Accenture,Jaipur,Web Development,485304,2,25-11-2025
Backend Developer,TCS,Gurgaon,Data Science,885374,3,22-04-2024
DevOps Engineer,Microsoft,Pune,Cloud,1112820,4,09-11-2025
Business Analyst,Zoho,Mumbai,Software Development,1328037,5,06-01-2025
Business Analyst,Accenture,Chennai,AI,1056048,4,25-06-2025
Software Developer,Cognizant,Jaipur,AI,1378915,5,10-07-2024
AI Engineer,HCLTech,Pune,Web Development,326225,1,04-09-2024
Full Stack Developer,Tech Mahindra,Noida,Software Development,1212475,5,07-09-2025
Frontend Developer,Cognizant,Ahmedabad,Analytics,831148,3,25-03-2024
Cloud Engineer,Microsoft,Jaipur,Cloud,411822,2,27-06-2025
Data Scientist,Wipro,Remote,Data Science,1039676,4,05-02-2025
Data Analyst,Oracle,Bangalore,Analytics,347182,1,01-10-2025
Full Stack Developer,Deloitte,Kolkata,AI,993843,4,17-02-2025
Software Developer,Wipro,Chennai,Software Development,591423,2,22-12-2024
Cloud Engineer,Amazon,Pune,Cloud,1455863,5,31-07-2024
Data Analyst,Amazon,Bangalore,Web Development,799773,3,14-05-2024
Frontend Developer,HCLTech,Noida,Cloud,693983,3,12-09-2024
Data Analyst,Wipro,Kolkata,DevOps,633931,3,03-10-2024
Software Developer,Amazon,Ahmedabad,Cloud,549914,2,27-05-2025
Machine Learning Engineer,Cognizant,Mumbai,Web Development,389214,1,10-11-2025
Backend Developer,Tech Mahindra,Gurgaon,Cloud,1425683,5,30-08-2024
DevOps Engineer,Microsoft,Mumbai,Software Development,446453,2,23-01-2025
AI Engineer,Wipro,Hyderabad,AI,1552245,5,18-09-2025
Software Developer,Capgemini,Bangalore,Web Development,1121568,4,17-11-2025
AI Engineer,Deloitte,Jaipur,Data Science,406478,2,28-07-2025
Python Developer,IBM,Kolkata,Analytics,364501,1,25-03-2024
Business Analyst,Tech Mahindra,Pune,Web Development,1417530,5,01-04-2025
Business Analyst,Wipro,Gurgaon,Software Development,466675,2,28-06-2024
Software Developer,Microsoft,Hyderabad,Analytics,1495150,5,29-07-2025
DevOps Engineer,Oracle,Hyderabad,Data Science,541569,2,11-01-2024
Data Analyst,Microsoft,Pune,AI,1559360,5,04-08-2025
Software Developer,Capgemini,Pune,DevOps,455374,2,29-09-2024
DevOps Engineer,Tech Mahindra,Remote,Cloud,1146526,4,09-09-2025
Full Stack Developer,Google,Kolkata,DevOps,214834,1,27-06-2025
Frontend Developer,Amazon,Remote,AI,1004107,4,26-10-2024
Cloud Engineer,Infosys,Mumbai,Cloud,1139696,4,18-12-2025
Full Stack Developer,Google,Kolkata,Data Science,891833,3,25-08-2025
Full Stack Developer,HCLTech,Gurgaon,Cloud,1293110,5,18-03-2024
Business Analyst,TCS,Jaipur,Cloud,933139,4,25-08-2025
AI Engineer,Zoho,Delhi,DevOps,837870,3,17-04-2025
Machine Learning Engineer,IBM,Jaipur,Cloud,961668,4,28-10-2025
Business Analyst,Infosys,Pune,AI,760134,3,16-10-2025
Backend Developer,Tech Mahindra,Remote,DevOps,991232,4,26-09-2024
Full Stack Developer,Amazon,Delhi,Web Development,742879,3,04-01-2024
Machine Learning Engineer,Oracle,Chennai,Software Development,571918,2,01-08-2024
Backend Developer,IBM,Delhi,Software Development,413882,2,15-12-2025
Business Analyst,HCLTech,Pune,Web Development,763210,3,01-05-2025
Software Developer,Cognizant,Jaipur,AI,280746,1,15-12-2025
Data Scientist,Zoho,Delhi,Data Science,660853,3,23-10-2025
Business Analyst,Tech Mahindra,Noida,DevOps,1487658,5,22-09-2024
Machine Learning Engineer,Amazon,Chennai,Cloud,642653,3,13-11-2024
Backend Developer,Amazon,Pune,Cloud,1428889,5,25-08-2024
Software Developer,Wipro,Mumbai,Analytics,224893,1,01-12-2024
Python Developer,Tech Mahindra,Kolkata,Software Development,307994,1,10-09-2024
Python Developer,Cognizant,Delhi,DevOps,813764,3,19-12-2024
Backend Developer,HCLTech,Gurgaon,Cloud,491406,2,15-04-2024
Data Analyst,Infosys,Mumbai,Web Development,396450,1,06-04-2024
AI Engineer,Deloitte,Mumbai,DevOps,752819,3,27-11-2025
DevOps Engineer,Microsoft,Bangalore,Data Science,510018,2,29-12-2024
Cloud Engineer,Deloitte,Noida,Data Science,515104,2,02-11-2024
Frontend Developer,Capgemini,Ahmedabad,Web Development,609768,3,21-03-2025
Python Developer,Accenture,Kolkata,Web Development,372452,1,08-09-2025
Full Stack Developer,HCLTech,Hyderabad,Web Development,653307,3,17-06-2024
Cloud Engineer,Microsoft,Ahmedabad,Data Science,1109085,4,12-10-2024
Python Developer,Infosys,Jaipur,Analytics,516876,2,26-01-2025
Business Analyst,Accenture,Ahmedabad,Software Development,1128413,4,23-01-2024
Machine Learning Engineer,TCS,Noida,Cloud,274180,1,10-12-2024
Frontend Developer,Capgemini,Hyderabad,Web Development,205655,1,23-09-2025
Data Scientist,Oracle,Jaipur,DevOps,1188001,4,13-11-2025
Python Developer,Capgemini,Jaipur,Cloud,598703,2,17-06-2025
Backend Developer,Google,Bangalore,Web Development,1484829,5,13-08-2025
Python Developer,Accenture,Jaipur,Software Development,1226813,5,11-09-2024
Software Developer,Accenture,Pune,DevOps,547285,2,20-04-2025
AI Engineer,Deloitte,Bangalore,Data Science,957628,4,18-09-2025
Cloud Engineer,Oracle,Kolkata,DevOps,283398,1,30-05-2024
Cloud Engineer,Amazon,Gurgaon,Analytics,669614,3,13-04-2025
AI Engineer,Accenture,Pune,Analytics,484760,2,07-05-2024
DevOps Engineer,Tech Mahindra,Noida,Cloud,441532,2,24-03-2024
Software Developer,Cognizant,Chennai,Software Development,1532733,5,20-11-2024
Full Stack Developer,Oracle,Kolkata,AI,1037779,4,22-02-2025
Cloud Engineer,IBM,Gurgaon,Software Development,1050332,4,19-09-2025
Python Developer,Amazon,Bangalore,Data Science,765208,3,24-07-2024
Software Developer,Microsoft,Bangalore,Web Development,447060,2,05-01-2025
DevOps Engineer,Zoho,Noida,Cloud,924926,4,24-04-2024
Backend Developer,Amazon,Delhi,Web Development,1081937,4,03-09-2024
Cloud Engineer,Accenture,Noida,AI,378136,1,22-12-2024
Data Analyst,TCS,Hyderabad,Analytics,1530655,5,15-03-2024
Full Stack Developer,Infosys,Pune,Cloud,547556,2,12-03-2024
Full Stack Developer,Deloitte,Delhi,Analytics,851898,3,10-05-2025
Full Stack Developer,Infosys,Bangalore,DevOps,484281,2,29-12-2024
Data Scientist,Deloitte,Chennai,Cloud,516532,2,06-04-2024
Machine Learning Engineer,Tech Mahindra,Bangalore,AI,683610,3,14-04-2025
AI Engineer,Amazon,Remote,Analytics,777328,3,08-06-2024
Software Developer,Accenture,Gurgaon,DevOps,770163,3,04-10-2024
Business Analyst,Accenture,Noida,Software Development,1526571,5,28-01-2024
Frontend Developer,HCLTech,Gurgaon,Web Development,602990,3,07-09-2025
DevOps Engineer,Infosys,Hyderabad,Cloud,1308688,5,18-02-2025
Software Developer,Tech Mahindra,Noida,Software Development,531524,2,17-05-2025
Business Analyst,Wipro,Ahmedabad,Web Development,566959,2,02-12-2024
Machine Learning Engineer,Amazon,Jaipur,Web Development,888585,3,03-06-2025
DevOps Engineer,HCLTech,Chennai,Cloud,232534,1,24-08-2024
Data Analyst,Capgemini,Hyderabad,AI,1113626,4,01-01-2026
Python Developer,Infosys,Chennai,Cloud,406733,2,28-01-2025
DevOps Engineer,Capgemini,Ahmedabad,Data Science,391862,1,06-11-2025
Data Scientist,Cognizant,Pune,Web Development,1304518,5,31-01-2025
Full Stack Developer,Oracle,Remote,Software Development,961050,4,17-10-2025
Python Developer,Infosys,Bangalore,Analytics,941199,4,12-09-2024
AI Engineer,Wipro,Noida,DevOps,397921,1,27-10-2024
Business Analyst,Google,Kolkata,Software Development,1182850,4,18-09-2025
DevOps Engineer,Accenture,Hyderabad,Analytics,330481,1,05-04-2024
Frontend Developer,Microsoft,Bangalore,Web Development,984124,4,18-10-2024
Full Stack Developer,Amazon,Remote,Cloud,851762,3,28-08-2025
Business Analyst,HCLTech,Mumbai,Web Development,469897,2,13-04-2024
Data Scientist,Zoho,Bangalore,Software Development,324384,1,15-02-2025
Software Developer,Accenture,Chennai,AI,1119021,4,29-11-2025
Business Analyst,Deloitte,Delhi,Cloud,210311,1,20-01-2024
Software Developer,Cognizant,Pune,Data Science,421464,2,13-04-2025
DevOps Engineer,Google,Noida,DevOps,339250,1,19-12-2024
Data Analyst,Capgemini,Ahmedabad,Data Science,209909,1,31-08-2025
Frontend Developer,Amazon,Ahmedabad,Data Science,297699,1,30-07-2024
Data Analyst,Accenture,Ahmedabad,AI,1140463,4,24-06-2024
Business Analyst,Amazon,Delhi,AI,1218853,5,08-10-2024
AI Engineer,TCS,Pune,Cloud,673437,3,29-06-2025
Software Developer,Google,Noida,Web Development,401330,2,26-09-2024
Data Scientist,Tech Mahindra,Bangalore,Data Science,519856,2,09-02-2024
Backend Developer,Wipro,Mumbai,Software Development,566972,2,24-01-2025
Frontend Developer,Accenture,Noida,Analytics,352014,1,29-07-2024
Business Analyst,TCS,Remote,Data Science,760035,3,28-04-2025
Python Developer,Infosys,Mumbai,Web Development,614959,3,24-11-2025
Data Analyst,Microsoft,Noida,DevOps,782178,3,16-09-2024
Python Developer,Oracle,Noida,Software Development,1039784,4,30-11-2025
Machine Learning Engineer,TCS,Gurgaon,AI,755440,3,09-11-2025
Cloud Engineer,Cognizant,Chennai,Analytics,1146096,4,26-03-2024
Machine Learning Engineer,Oracle,Remote,Software Development,1096899,4,29-09-2024
Software Developer,Google,Jaipur,DevOps,420114,2,12-07-2024
AI Engineer,HCLTech,Mumbai,AI,568510,2,07-09-2025
DevOps Engineer,Deloitte,Kolkata,DevOps,909509,4,23-01-2025
Business Analyst,Oracle,Bangalore,Cloud,407103,2,23-09-2025
Frontend Developer,HCLTech,Bangalore,AI,749650,3,24-03-2025
Data Analyst,Amazon,Mumbai,Data Science,557938,2,19-12-2025
Python Developer,Infosys,Bangalore,Cloud,598335,2,07-11-2024
Machine Learning Engineer,Tech Mahindra,Jaipur,DevOps,1218569,5,27-03-2025
AI Engineer,Accenture,Delhi,Software Development,1078963,4,09-05-2025
Machine Learning Engineer,Zoho,Noida,Data Science,1196707,4,16-09-2025
Machine Learning Engineer,Zoho,Jaipur,Cloud,393190,1,02-07-2025
Machine Learning Engineer,Google,Remote,DevOps,506881,2,15-06-2025
Backend Developer,Capgemini,Bangalore,Software Development,381574,1,21-10-2025
AI Engineer,IBM,Noida,Data Science,1525461,5,13-07-2024
DevOps Engineer,Amazon,Remote,Cloud,559281,2,17-01-2024
Cloud Engineer,Cognizant,Ahmedabad,Data Science,353208,1,01-11-2025
DevOps Engineer,Accenture,Bangalore,AI,932843,4,28-05-2024
Full Stack Developer,HCLTech,Mumbai,DevOps,338200,1,29-02-2024
Software Developer,Google,Bangalore,AI,1371709,5,12-04-2024
Backend Developer,Infosys,Remote,Software Development,598559,2,30-01-2025
Data Scientist,Amazon,Kolkata,Analytics,1330188,5,04-01-2024
Frontend Developer,Infosys,Pune,Software Development,763725,3,29-11-2025
Data Scientist,Tech Mahindra,Pune,Software Development,950587,4,07-07-2025
Machine Learning Engineer,Google,Gurgaon,Analytics,405808,2,07-09-2025
DevOps Engineer,TCS,Pune,Analytics,686212,3,13-02-2024
Full Stack Developer,HCLTech,Noida,Software Development,1059038,4,25-09-2024
Full Stack Developer,Oracle,Chennai,DevOps,1422651,5,28-09-2024
Python Developer,Google,Ahmedabad,Web Development,470516,2,02-03-2025
Backend Developer,Infosys,Noida,Cloud,843991,3,25-09-2024
Backend Developer,Microsoft,Jaipur,Software Development,240405,1,31-10-2024
Machine Learning Engineer,Google,Noida,Software Development,1348610,5,31-08-2025
Backend Developer,Cognizant,Jaipur,Cloud,986758,4,19-11-2025
Business Analyst,Tech Mahindra,Gurgaon,Cloud,422684,2,10-10-2024
AI Engineer,Wipro,Mumbai,AI,430284,2,22-11-2024
Data Scientist,IBM,Remote,Software Development,1086705,4,21-11-2024
Frontend Developer,Amazon,Kolkata,Cloud,1598447,5,27-01-2025
Full Stack Developer,Zoho,Noida,Web Development,256722,1,18-12-2024
Business Analyst,Wipro,Remote,Data Science,592142,2,20-10-2025
Frontend Developer,TCS,Ahmedabad,AI,1051331,4,01-01-2025
Frontend Developer,Oracle,Chennai,AI,464125,2,18-10-2025
Cloud Engineer,Amazon,Remote,DevOps,1510931,5,19-10-2024
Software Developer,Tech Mahindra,Delhi,AI,276284,1,23-01-2025
Frontend Developer,Cognizant,Noida,AI,548551,2,19-10-2025
Frontend Developer,Accenture,Chennai,Analytics,1472337,5,22-07-2025
Python Developer,Amazon,Bangalore,Web Development,1118930,4,30-05-2025
Cloud Engineer,Wipro,Hyderabad,DevOps,1137426,4,01-07-2024
Machine Learning Engineer,Cognizant,Delhi,Analytics,208118,1,28-06-2024
DevOps Engineer,Infosys,Remote,Web Development,972018,4,29-09-2024
Python Developer,Oracle,Chennai,Cloud,920240,4,14-08-2024
Machine Learning Engineer,Infosys,Gurgaon,Analytics,1569547,5,31-03-2025
AI Engineer,Microsoft,Delhi,Web Development,351399,1,06-09-2025
Machine Learning Engineer,TCS,Noida,Software Development,489332,2,12-05-2025
Machine Learning Engineer,Cognizant,Chennai,Web Development,992822,4,25-08-2024
Software Developer,Google,Pune,Data Science,340961,1,09-05-2024
AI Engineer,Oracle,Remote,Data Science,278679,1,13-01-2025
Backend Developer,Infosys,Kolkata,Web Development,1296968,5,18-12-2024
Frontend Developer,Capgemini,Bangalore,DevOps,1385152,5,11-05-2025
AI Engineer,Accenture,Pune,Analytics,941863,4,25-06-2024
Data Scientist,Amazon,Delhi,Web Development,1411960,5,01-10-2024
Frontend Developer,Zoho,Jaipur,Data Science,1192389,4,30-07-2024
Backend Developer,HCLTech,Chennai,AI,471461,2,11-01-2024
Data Scientist,Capgemini,Delhi,Web Development,1154050,4,23-03-2024
Python Developer,Wipro,Jaipur,Data Science,481431,2,17-02-2024
Frontend Developer,Capgemini,Pune,Analytics,672314,3,21-07-2024
Data Scientist,Zoho,Chennai,Analytics,1399282,5,15-02-2025
Data Scientist,Cognizant,Chennai,Software Development,560868,2,11-07-2025
DevOps Engineer,HCLTech,Chennai,AI,843957,3,12-10-2025
Full Stack Developer,Infosys,Chennai,Data Science,565771,2,06-06-2024
DevOps Engineer,Google,Mumbai,Software Development,1113969,4,31-01-2024
Software Developer,HCLTech,Gurgaon,Software Development,1237486,5,22-02-2024
Machine Learning Engineer,Cognizant,Jaipur,Analytics,1566895,5,05-07-2024
Machine Learning Engineer,Oracle,Remote,Data Science,660124,3,22-08-2025
Cloud Engineer,HCLTech,Kolkata,Web Development,636235,3,29-06-2024
Full Stack Developer,Amazon,Bangalore,Analytics,867593,3,21-08-2025
Cloud Engineer,Oracle,Kolkata,Software Development,669666,3,02-04-2024
Full Stack Developer,HCLTech,Chennai,AI,235831,1,19-02-2024
Backend Developer,Cognizant,Hyderabad,AI,831975,3,25-04-2024
Cloud Engineer,IBM,Mumbai,Software Development,312797,1,15-12-2024
Data Analyst,Zoho,Pune,Cloud,1171866,4,22-02-2025
Backend Developer,Accenture,Ahmedabad,Software Development,382347,1,06-06-2024
Data Scientist,HCLTech,Pune,Data Science,711946,3,25-09-2025
Business Analyst,Infosys,Chennai,Cloud,357624,1,05-03-2024
DevOps Engineer,Oracle,Ahmedabad,DevOps,348329,1,04-12-2024
Software Developer,Capgemini,Noida,Web Development,1360194,5,18-09-2024
Software Developer,Google,Ahmedabad,Web Development,794947,3,16-02-2024
Machine Learning Engineer,TCS,Mumbai,DevOps,870382,3,17-08-2025
AI Engineer,Wipro,Gurgaon,Data Science,478652,2,19-08-2024
AI Engineer,Microsoft,Jaipur,Web Development,1343886,5,11-08-2025
Cloud Engineer,Deloitte,Noida,Cloud,396661,1,21-03-2025
Machine Learning Engineer,IBM,Ahmedabad,Cloud,362086,1,22-01-2025
DevOps Engineer,Infosys,Ahmedabad,Analytics,295762,1,28-11-2025
Data Scientist,Zoho,Bangalore,Cloud,213752,1,21-06-2024
Full Stack Developer,Wipro,Gurgaon,Data Science,329002,1,22-10-2024
Cloud Engineer,Accenture,Delhi,Data Science,310722,1,27-05-2024
Software Developer,Amazon,Mumbai,Cloud,320888,1,08-09-2024
Python Developer,Accenture,Hyderabad,Web Development,282117,1,07-01-2025
Full Stack Developer,Tech Mahindra,Noida,Cloud,764952,3,20-01-2025
Machine Learning Engineer,Google,Jaipur,Analytics,497902,2,01-10-2025
Machine Learning Engineer,Deloitte,Ahmedabad,Cloud,317277,1,06-12-2024
Machine Learning Engineer,Tech Mahindra,Gurgaon,AI,571072,2,17-03-2025
Data Analyst,Infosys,Remote,DevOps,1202296,5,02-03-2024
Python Developer,Capgemini,Chennai,Web Development,396683,1,13-02-2025
Machine Learning Engineer,Infosys,Jaipur,DevOps,1174942,4,22-11-2024
Frontend Developer,Oracle,Gurgaon,DevOps,1251289,5,12-04-2025
Full Stack Developer,Google,Remote,Software Development,226351,1,02-02-2024
DevOps Engineer,Infosys,Ahmedabad,Web Development,654353,3,30-01-2025
Business Analyst,Google,Gurgaon,Web Development,471148,2,08-07-2025
Data Scientist,Wipro,Ahmedabad,DevOps,650739,3,16-09-2025
Python Developer,TCS,Mumbai,AI,1133745,4,28-12-2024
DevOps Engineer,Tech Mahindra,Remote,AI,987647,4,05-11-2025
Data Scientist,Accenture,Pune,Analytics,506388,2,24-06-2024
AI Engineer,Microsoft,Jaipur,Software Development,425332,2,29-10-2025
Software Developer,TCS,Chennai,Data Science,719281,3,03-10-2024
Cloud Engineer,Capgemini,Kolkata,AI,936406,4,21-02-2025
Machine Learning Engineer,Wipro,Delhi,Cloud,960196,4,16-02-2025
Data Analyst,Accenture,Bangalore,Software Development,1075268,4,12-03-2025
Python Developer,Accenture,Kolkata,Data Science,472886,2,04-03-2024
Data Analyst,Capgemini,Hyderabad,Web Development,879759,3,10-02-2025
Data Scientist,Infosys,Bangalore,DevOps,264336,1,11-05-2025
AI Engineer,Wipro,Ahmedabad,Software Development,576375,2,27-10-2024
AI Engineer,Deloitte,Delhi,AI,1109967,4,04-04-2025
Business Analyst,TCS,Remote,Software Development,292225,1,18-11-2025
Full Stack Developer,Tech Mahindra,Hyderabad,AI,630508,3,21-03-2025
Business Analyst,Infosys,Pune,DevOps,1403402,5,30-10-2025
Full Stack Developer,Accenture,Noida,Web Development,1166893,4,28-02-2024
Software Developer,Microsoft,Remote,Web Development,932981,4,27-08-2024
Backend Developer,Google,Jaipur,Analytics,977967,4,09-10-2025
Data Analyst,Google,Remote,Data Science,648039,3,21-02-2025
Software Developer,Capgemini,Delhi,Data Science,599174,2,19-06-2024
Data Analyst,IBM,Kolkata,Cloud,807557,3,06-05-2024
Business Analyst,Zoho,Remote,Data Science,506978,2,19-03-2024
DevOps Engineer,Deloitte,Pune,DevOps,530992,2,20-11-2025
DevOps Engineer,HCLTech,Chennai,Software Development,220231,1,31-10-2024
Business Analyst,Deloitte,Jaipur,Cloud,1139991,4,02-01-2025
Business Analyst,Capgemini,Bangalore,Analytics,858076,3,24-08-2024
Cloud Engineer,Wipro,Hyderabad,Software Development,1534451,5,22-02-2025
Software Developer,Google,Ahmedabad,Cloud,1114034,4,24-03-2025
Data Scientist,Oracle,Jaipur,Analytics,274332,1,27-06-2025
Data Analyst,Tech Mahindra,Gurgaon,Web Development,679393,3,18-03-2025
Software Developer,Microsoft,Delhi,Analytics,1532152,5,25-11-2024
Frontend Developer,Capgemini,Kolkata,Web Development,380281,1,22-09-2025
Data Scientist,Cognizant,Pune,AI,627137,3,20-12-2025
Business Analyst,Microsoft,Remote,Data Science,1066638,4,01-10-2024
Software Developer,Google,Mumbai,AI,724745,3,07-04-2024
Data Analyst,Accenture,Remote,Web Development,1053013,4,12-06-2024
Data Scientist,Tech Mahindra,Chennai,Software Development,1066270,4,09-01-2024
Full Stack Developer,Google,Kolkata,Software Development,1032929,4,18-07-2024
DevOps Engineer,HCLTech,Ahmedabad,Software Development,790716,3,27-07-2025
Software Developer,Capgemini,Kolkata,Analytics,285304,1,23-06-2025
AI Engineer,Google,Jaipur,Data Science,975369,4,21-02-2024
Cloud Engineer,Google,Gurgaon,AI,332910,1,01-09-2024
Software Developer,Accenture,Jaipur,Data Science,215948,1,20-09-2024
Frontend Developer,Accenture,Delhi,AI,678463,3,01-07-2024
Data Scientist,HCLTech,Pune,Analytics,217612,1,28-06-2024
Cloud Engineer,Deloitte,Remote,AI,1445798,5,14-01-2024
AI Engineer,Accenture,Pune,Cloud,369389,1,01-07-2025
Machine Learning Engineer,HCLTech,Chennai,Web Development,611031,3,17-04-2024
DevOps Engineer,Deloitte,Noida,Analytics,826684,3,29-08-2025
AI Engineer,Zoho,Hyderabad,Cloud,1176102,4,29-12-2024
Cloud Engineer,Oracle,Remote,Web Development,228755,1,18-04-2024
Software Developer,Accenture,Bangalore,Software Development,1452952,5,09-09-2024
Software Developer,Infosys,Bangalore,Web Development,387543,1,01-05-2024
Data Scientist,Oracle,Hyderabad,AI,1386043,5,14-02-2025
Backend Developer,Microsoft,Jaipur,Software Development,799441,3,19-08-2025
Software Developer,IBM,Kolkata,DevOps,1387313,5,14-02-2024
AI Engineer,IBM,Delhi,Web Development,867907,3,27-01-2024
Cloud Engineer,Oracle,Bangalore,AI,1258191,5,07-03-2025
Backend Developer,Wipro,Gurgaon,Data Science,1041392,4,11-02-2024
Business Analyst,Accenture,Noida,Analytics,879256,3,10-08-2024
Data Scientist,Cognizant,Remote,Web Development,914577,4,06-03-2025
Cloud Engineer,Microsoft,Noida,AI,863075,3,07-08-2025
Full Stack Developer,IBM,Delhi,AI,774595,3,01-05-2024
Machine Learning Engineer,Tech Mahindra,Remote,Cloud,1065817,4,17-09-2025
Data Analyst,Capgemini,Ahmedabad,Software Development,381579,1,02-11-2025
Machine Learning Engineer,TCS,Remote,Data Science,947428,4,23-03-2024
Software Developer,Amazon,Gurgaon,Cloud,787061,3,26-07-2024
DevOps Engineer,Amazon,Hyderabad,Data Science,325489,1,10-03-2024
Python Developer,IBM,Delhi,Web Development,1567971,5,08-07-2025
Software Developer,Oracle,Kolkata,Software Development,344405,1,21-03-2024
Software Developer,Wipro,Ahmedabad,Analytics,311345,1,03-08-2024
Backend Developer,Tech Mahindra,Mumbai,Analytics,580152,2,08-09-2024
Full Stack Developer,Microsoft,Delhi,Software Development,1480472,5,24-10-2024
Software Developer,Deloitte,Chennai,Software Development,1271800,5,11-09-2024
AI Engineer,Capgemini,Pune,DevOps,716887,3,01-01-2024
Software Developer,Oracle,Gurgaon,Cloud,1158176,4,08-01-2024
Frontend Developer,TCS,Delhi,AI,1106000,4,16-12-2024
Cloud Engineer,Zoho,Noida,DevOps,600492,3,14-08-2024
Data Scientist,Deloitte,Ahmedabad,Cloud,541947,2,21-04-2024
Data Scientist,HCLTech,Chennai,Cloud,566793,2,05-02-2025
Python Developer,Deloitte,Chennai,Software Development,403371,2,12-07-2024
Software Developer,HCLTech,Remote,Analytics,913519,4,06-04-2024
Data Analyst,Amazon,Hyderabad,Data Science,593241,2,08-01-2025
Python Developer,Zoho,Kolkata,Cloud,962853,4,25-04-2025
Data Scientist,Zoho,Gurgaon,Software Development,923990,4,08-11-2025
Data Analyst,Oracle,Chennai,Data Science,1143879,4,25-05-2025
Python Developer,Infosys,Ahmedabad,Web Development,556381,2,29-10-2025
Cloud Engineer,IBM,Mumbai,Analytics,452125,2,20-04-2024
Cloud Engineer,Accenture,Noida,DevOps,1193064,4,10-06-2024
Business Analyst,Amazon,Mumbai,Software Development,863333,3,21-05-2024
Machine Learning Engineer,Accenture,Pune,AI,551675,2,04-02-2025
Full Stack Developer,Amazon,Bangalore,Analytics,1428409,5,02-07-2025
Business Analyst,Microsoft,Mumbai,Web Development,757983,3,27-01-2025
Cloud Engineer,Amazon,Delhi,AI,1043549,4,14-02-2025
Business Analyst,Google,Jaipur,DevOps,608840,3,25-02-2024
Backend Developer,Infosys,Chennai,Web Development,1248839,5,04-04-2025
Data Analyst,Accenture,Gurgaon,Data Science,955716,4,05-02-2024
Machine Learning Engineer,Zoho,Hyderabad,Data Science,952627,4,24-03-2025
Python Developer,Capgemini,Remote,Data Science,979236,4,30-06-2024
Backend Developer,Infosys,Pune,Cloud,490398,2,22-10-2024
Business Analyst,Wipro,Chennai,Software Development,227546,1,26-01-2025
DevOps Engineer,TCS,Chennai,AI,238811,1,08-05-2024
Full Stack Developer,Capgemini,Ahmedabad,Software Development,571859,2,02-08-2025
Full Stack Developer,Google,Delhi,Web Development,968745,4,03-10-2024
Machine Learning Engineer,Microsoft,Hyderabad,Data Science,1146078,4,28-06-2024
Machine Learning Engineer,Amazon,Chennai,Cloud,1411630,5,14-07-2025
AI Engineer,Wipro,Kolkata,Software Development,929813,4,25-09-2025
Machine Learning Engineer,HCLTech,Mumbai,Analytics,603955,3,30-12-2024
AI Engineer,TCS,Hyderabad,Analytics,1454630,5,04-05-2024
Backend Developer,Zoho,Mumbai,Web Development,847622,3,16-08-2025
Data Analyst,Deloitte,Bangalore,AI,261223,1,21-02-2025
Python Developer,Microsoft,Chennai,Cloud,632516,3,28-08-2025
Cloud Engineer,Google,Hyderabad,DevOps,845086,3,30-05-2025
Full Stack Developer,Wipro,Noida,DevOps,1072501,4,16-03-2025
Machine Learning Engineer,IBM,Chennai,Software Development,1139046,4,31-07-2025
Data Scientist,Google,Ahmedabad,Analytics,1169026,4,07-06-2025
AI Engineer,Infosys,Pune,Analytics,529631,2,30-11-2024
Cloud Engineer,Accenture,Hyderabad,Cloud,745320,3,21-10-2024
Data Scientist,Capgemini,Kolkata,Software Development,1470300,5,16-10-2025
Software Developer,HCLTech,Noida,Web Development,938647,4,30-01-2025
DevOps Engineer,Microsoft,Hyderabad,Analytics,770867,3,10-09-2025
Software Developer,Infosys,Pune,AI,1156160,4,15-09-2025
Python Developer,Deloitte,Hyderabad,Web Development,663590,3,20-07-2024
Cloud Engineer,Google,Remote,DevOps,649901,3,12-06-2024
Cloud Engineer,Oracle,Kolkata,AI,689875,3,15-06-2024
Data Scientist,Deloitte,Ahmedabad,Cloud,1105124,4,14-05-2024
Cloud Engineer,Cognizant,Mumbai,AI,804788,3,07-04-2024
AI Engineer,Tech Mahindra,Remote,Data Science,264683,1,08-10-2024
Business Analyst,Infosys,Hyderabad,Analytics,447334,2,25-03-2025
Cloud Engineer,Amazon,Noida,Web Development,344159,1,06-12-2024
DevOps Engineer,Cognizant,Chennai,DevOps,387798,1,09-10-2025
Full Stack Developer,Capgemini,Chennai,Software Development,296230,1,11-08-2025
Cloud Engineer,Microsoft,Delhi,AI,1169978,4,30-04-2025
Data Scientist,Infosys,Gurgaon,Web Development,208898,1,03-06-2024
Data Scientist,Capgemini,Jaipur,Analytics,710333,3,07-04-2024
Data Scientist,TCS,Kolkata,Data Science,417731,2,09-06-2024
Frontend Developer,Microsoft,Kolkata,Cloud,1070303,4,13-08-2024
DevOps Engineer,Microsoft,Kolkata,Data Science,409602,2,04-01-2024
AI Engineer,Oracle,Hyderabad,AI,574280,2,15-02-2024
Data Analyst,Microsoft,Pune,AI,1293730,5,11-12-2025
Backend Developer,Deloitte,Mumbai,Web Development,639730,3,26-08-2025
DevOps Engineer,IBM,Gurgaon,Web Development,322942,1,22-05-2025
Python Developer,Google,Jaipur,Web Development,1012276,4,21-05-2024
Business Analyst,Accenture,Noida,Software Development,1426894,5,05-03-2025
Backend Developer,Deloitte,Mumbai,Analytics,941230,4,31-03-2024
Business Analyst,Oracle,Chennai,Web Development,561802,2,30-07-2024
Backend Developer,Wipro,Jaipur,Software Development,217262,1,18-10-2024
Software Developer,Zoho,Kolkata,Data Science,527271,2,08-04-2025
Backend Developer,Deloitte,Delhi,Software Development,476977,2,08-05-2025
Cloud Engineer,TCS,Jaipur,Data Science,218077,1,19-04-2024
Cloud Engineer,Infosys,Chennai,AI,749970,3,21-06-2024
Backend Developer,Accenture,Noida,Software Development,512696,2,02-11-2024
Data Scientist,Cognizant,Mumbai,Data Science,506925,2,01-05-2025
Data Scientist,Cognizant,Gurgaon,DevOps,653459,3,29-06-2025
DevOps Engineer,Amazon,Delhi,Analytics,1348232,5,03-08-2025
Full Stack Developer,IBM,Gurgaon,Analytics,718525,3,18-08-2024
Software Developer,Wipro,Kolkata,DevOps,835382,3,01-08-2024
DevOps Engineer,Wipro,Jaipur,AI,781182,3,16-12-2024
Data Scientist,Capgemini,Ahmedabad,DevOps,1097450,4,06-12-2025
Data Analyst,Microsoft,Remote,Analytics,948322,4,05-07-2025
Data Analyst,TCS,Gurgaon,Cloud,693234,3,17-02-2024
Data Scientist,Tech Mahindra,Chennai,DevOps,324113,1,09-02-2024
Machine Learning Engineer,Tech Mahindra,Noida,Data Science,1349229,5,13-12-2024
Software Developer,Wipro,Hyderabad,AI,351575,1,12-11-2025
DevOps Engineer,Infosys,Ahmedabad,Cloud,319010,1,03-10-2025
Business Analyst,Tech Mahindra,Chennai,Web Development,595243,2,21-04-2025
Data Scientist,Deloitte,Hyderabad,Web Development,1589700,5,16-03-2025
AI Engineer,Accenture,Chennai,Analytics,829785,3,22-09-2025
Machine Learning Engineer,Amazon,Hyderabad,Web Development,947426,4,12-06-2025
Python Developer,Tech Mahindra,Jaipur,AI,207594,1,09-09-2025
Data Scientist,Amazon,Jaipur,Analytics,709082,3,28-07-2024
AI Engineer,Deloitte,Noida,Software Development,214000,1,12-11-2025
Data Analyst,Wipro,Ahmedabad,DevOps,456568,2,07-11-2025
Machine Learning Engineer,IBM,Bangalore,Cloud,338420,1,09-01-2025
Cloud Engineer,Wipro,Mumbai,Web Development,1081035,4,03-04-2024
Backend Developer,Wipro,Kolkata,DevOps,921159,4,06-10-2025
Data Scientist,Oracle,Kolkata,Analytics,1526520,5,10-04-2024
Software Developer,HCLTech,Remote,Analytics,343109,1,26-09-2025
DevOps Engineer,Deloitte,Remote,Data Science,744294,3,13-03-2025
Full Stack Developer,TCS,Remote,AI,317175,1,27-05-2025
Software Developer,Wipro,Delhi,AI,1167871,4,30-09-2024
Data Scientist,Amazon,Pune,AI,474932,2,01-05-2025
Cloud Engineer,Google,Jaipur,Analytics,441527,2,08-03-2025
Python Developer,Zoho,Remote,Cloud,1261938,5,04-11-2024
Software Developer,Wipro,Hyderabad,Analytics,1464319,5,01-06-2024
AI Engineer,HCLTech,Delhi,DevOps,425384,2,08-10-2025
Software Developer,Microsoft,Mumbai,Analytics,1122043,4,21-04-2025
Full Stack Developer,Zoho,Chennai,Software Development,854864,3,10-04-2025
Python Developer,Deloitte,Ahmedabad,Web Development,593378,2,04-09-2024
Data Analyst,Wipro,Bangalore,Analytics,911228,4,12-06-2025
Data Analyst,Microsoft,Remote,Cloud,546393,2,11-02-2024
Frontend Developer,Google,Jaipur,Software Development,1500508,5,02-03-2025
Full Stack Developer,TCS,Delhi,DevOps,1068991,4,30-09-2025
Cloud Engineer,Deloitte,Jaipur,Web Development,423375,2,28-11-2024
DevOps Engineer,Tech Mahindra,Ahmedabad,Data Science,1534244,5,14-07-2024
DevOps Engineer,Amazon,Bangalore,Software Development,729786,3,23-07-2025
Software Developer,Infosys,Kolkata,Data Science,238450,1,10-08-2024
Full Stack Developer,Tech Mahindra,Bangalore,Cloud,888539,3,25-06-2024
Backend Developer,Infosys,Mumbai,DevOps,830878,3,30-11-2025
Backend Developer,IBM,Pune,Software Development,739325,3,24-05-2025
AI Engineer,Oracle,Delhi,DevOps,417148,2,30-06-2025
Business Analyst,Oracle,Chennai,Software Development,1165657,4,07-10-2024
Data Scientist,Microsoft,Kolkata,Web Development,1028522,4,03-10-2025
Cloud Engineer,HCLTech,Delhi,Web Development,225754,1,02-01-2025
DevOps Engineer,Zoho,Ahmedabad,Cloud,789298,3,04-02-2024
Software Developer,IBM,Chennai,Software Development,1247131,5,31-12-2025
Cloud Engineer,Zoho,Gurgaon,Software Development,528826,2,15-06-2024
Software Developer,Microsoft,Ahmedabad,Software Development,769603,3,02-05-2024
Python Developer,Wipro,Jaipur,DevOps,202446,1,04-12-2025
Python Developer,Infosys,Ahmedabad,Data Science,345872,1,15-11-2025
Frontend Developer,Infosys,Remote,Cloud,549574,2,20-09-2025
Machine Learning Engineer,Tech Mahindra,Jaipur,Cloud,403699,2,28-09-2025
DevOps Engineer,HCLTech,Hyderabad,AI,592256,2,26-02-2024
Cloud Engineer,IBM,Delhi,Web Development,373417,1,24-11-2025
Data Scientist,Wipro,Ahmedabad,Data Science,260664,1,27-07-2024
Frontend Developer,Tech Mahindra,Gurgaon,Web Development,1070243,4,18-10-2025
Cloud Engineer,Wipro,Bangalore,Web Development,388245,1,02-05-2025
Frontend Developer,Wipro,Mumbai,AI,859831,3,25-05-2025
Data Scientist,Zoho,Jaipur,DevOps,1289605,5,18-04-2025
Data Scientist,Cognizant,Noida,Data Science,452411,2,27-01-2025
Data Scientist,Oracle,Hyderabad,Cloud,1300447,5,06-05-2025
DevOps Engineer,Accenture,Mumbai,Analytics,830596,3,08-08-2024
Frontend Developer,Zoho,Noida,Analytics,1485642,5,05-10-2024
Machine Learning Engineer,Microsoft,Kolkata,Data Science,1536325,5,16-05-2024
Cloud Engineer,Google,Bangalore,Cloud,1038598,4,23-07-2024
Full Stack Developer,Infosys,Ahmedabad,Software Development,913515,4,20-05-2025
Cloud Engineer,Amazon,Pune,Software Development,852907,3,11-06-2025
Backend Developer,Deloitte,Remote,Data Science,625477,3,04-05-2025
Data Scientist,TCS,Gurgaon,Web Development,826715,3,14-12-2024
AI Engineer,TCS,Ahmedabad,Software Development,727497,3,18-07-2025
AI Engineer,Accenture,Gurgaon,Software Development,338026,1,24-03-2024
Data Analyst,HCLTech,Kolkata,Cloud,716038,3,22-05-2024
Frontend Developer,Wipro,Remote,AI,448950,2,24-06-2024
DevOps Engineer,Google,Delhi,Data Science,1079860,4,01-02-2025
Software Developer,Capgemini,Jaipur,Data Science,998512,4,14-07-2025
Backend Developer,Cognizant,Hyderabad,Analytics,844354,3,28-01-2024
Frontend Developer,Amazon,Noida,Web Development,286728,1,25-12-2025
Frontend Developer,Cognizant,Gurgaon,Software Development,518144,2,04-05-2024
Python Developer,Tech Mahindra,Hyderabad,Data Science,692671,3,06-05-2024
Cloud Engineer,Microsoft,Pune,Data Science,1404550,5,16-01-2024
Data Scientist,TCS,Noida,AI,710911,3,03-03-2024
Machine Learning Engineer,Cognizant,Kolkata,Cloud,795708,3,05-06-2024
Frontend Developer,Accenture,Pune,Analytics,977682,4,21-09-2025
Software Developer,Zoho,Chennai,Software Development,819873,3,15-09-2024
Machine Learning Engineer,Cognizant,Delhi,Analytics,975366,4,06-07-2024
Frontend Developer,Tech Mahindra,Mumbai,Software Development,593747,2,15-07-2024
Data Scientist,Accenture,Chennai,Software Development,675482,3,30-07-2025
Data Scientist,Zoho,Bangalore,AI,1100071,4,16-04-2024
Frontend Developer,Amazon,Jaipur,Software Development,737131,3,10-09-2024
Software Developer,Infosys,Bangalore,AI,291553,1,29-11-2024
Backend Developer,Google,Remote,Data Science,902967,4,08-07-2024
Frontend Developer,Tech Mahindra,Ahmedabad,Web Development,1334463,5,03-03-2024
AI Engineer,Google,Delhi,AI,272942,1,04-11-2025
Frontend Developer,Amazon,Chennai,Analytics,203305,1,10-09-2025
Business Analyst,Cognizant,Delhi,DevOps,1004060,4,16-03-2024
DevOps Engineer,Zoho,Noida,Software Development,269765,1,30-06-2024
DevOps Engineer,TCS,Hyderabad,Analytics,289523,1,30-01-2025
Backend Developer,TCS,Delhi,Data Science,1478503,5,08-07-2025
AI Engineer,Accenture,Noida,Cloud,487922,2,29-09-2025
Software Developer,Accenture,Pune,Software Development,1566726,5,23-04-2024
Backend Developer,Amazon,Kolkata,AI,1593967,5,29-09-2024
Full Stack Developer,Cognizant,Jaipur,Software Development,1198960,4,06-09-2025
Python Developer,Cognizant,Chennai,Web Development,314753,1,01-10-2025
DevOps Engineer,Tech Mahindra,Bangalore,Web Development,794874,3,24-03-2024
DevOps Engineer,Oracle,Gurgaon,Data Science,518527,2,01-07-2024
Python Developer,Cognizant,Chennai,Software Development,441792,2,17-05-2025
Cloud Engineer,Capgemini,Mumbai,DevOps,393409,1,03-12-2024
Machine Learning Engineer,Capgemini,Delhi,Software Development,910022,4,05-07-2024
Data Scientist,Tech Mahindra,Bangalore,Web Development,1515682,5,26-01-2025
DevOps Engineer,Cognizant,Mumbai,DevOps,1302664,5,26-12-2024
Frontend Developer,Wipro,Mumbai,Software Development,522823,2,18-02-2025
AI Engineer,Accenture,Ahmedabad,AI,746024,3,23-03-2024
Backend Developer,Oracle,Bangalore,Analytics,551654,2,03-11-2024
Data Analyst,TCS,Mumbai,AI,275276,1,12-07-2025
Frontend Developer,IBM,Delhi,Data Science,808879,3,30-03-2024
Python Developer,Tech Mahindra,Hyderabad,Web Development,370404,1,15-02-2024
Data Scientist,Cognizant,Remote,Cloud,556629,2,01-11-2024
Backend Developer,Google,Bangalore,Cloud,1367257,5,17-05-2025
Backend Developer,Infosys,Jaipur,DevOps,770094,3,11-08-2025
Frontend Developer,Oracle,Kolkata,Web Development,1142043,4,24-04-2025
Full Stack Developer,Cognizant,Hyderabad,Software Development,422312,2,24-03-2025
Machine Learning Engineer,Deloitte,Mumbai,Web Development,1496701,5,19-11-2025
Machine Learning Engineer,IBM,Kolkata,AI,504100,2,20-05-2025
AI Engineer,Amazon,Gurgaon,Web Development,324727,1,16-09-2025
Cloud Engineer,Infosys,Mumbai,Software Development,1398667,5,01-08-2024
Software Developer,Tech Mahindra,Noida,DevOps,1560448,5,26-03-2025
Software Developer,Amazon,Chennai,Data Science,713154,3,23-11-2025
Cloud Engineer,Wipro,Gurgaon,Web Development,757609,3,20-05-2024
Machine Learning Engineer,Amazon,Mumbai,AI,1374246,5,20-05-2025
Business Analyst,Capgemini,Bangalore,Analytics,634373,3,25-09-2024
Machine Learning Engineer,Cognizant,Noida,Analytics,1043349,4,10-12-2024
DevOps Engineer,Google,Chennai,DevOps,764237,3,30-08-2025
DevOps Engineer,HCLTech,Hyderabad,Software Development,1167766,4,24-04-2024
DevOps Engineer,Infosys,Jaipur,Software Development,1352286,5,21-04-2024
Machine Learning Engineer,Capgemini,Remote,DevOps,540688,2,20-08-2025
Python Developer,Zoho,Bangalore,AI,484753,2,15-10-2024
AI Engineer,IBM,Gurgaon,Data Science,203710,1,13-08-2025
Data Analyst,HCLTech,Chennai,Analytics,1046870,4,12-07-2024
Cloud Engineer,Amazon,Bangalore,Analytics,837149,3,30-04-2025
Software Developer,Deloitte,Ahmedabad,Software Development,536591,2,04-11-2024
Software Developer,Tech Mahindra,Gurgaon,Cloud,1519933,5,12-10-2025
DevOps Engineer,Capgemini,Remote,Cloud,419605,2,29-07-2024
Frontend Developer,Oracle,Kolkata,Web Development,742380,3,25-03-2024
DevOps Engineer,Wipro,Ahmedabad,DevOps,792852,3,17-12-2025
AI Engineer,HCLTech,Gurgaon,Analytics,1054924,4,11-05-2024
Backend Developer,Tech Mahindra,Mumbai,Software Development,861212,3,15-05-2024
Data Scientist,Cognizant,Noida,Analytics,613484,3,24-07-2024
Backend Developer,Zoho,Remote,DevOps,407847,2,28-10-2024
AI Engineer,Oracle,Chennai,DevOps,307343,1,20-03-2024
Data Analyst,Wipro,Jaipur,Data Science,502635,2,20-05-2024
Backend Developer,Oracle,Bangalore,Data Science,552111,2,03-06-2024
AI Engineer,Wipro,Delhi,DevOps,1357556,5,12-03-2024
Python Developer,Wipro,Noida,Software Development,1283951,5,18-09-2024
Python Developer,Accenture,Remote,DevOps,947312,4,06-10-2024
Python Developer,Accenture,Bangalore,Data Science,431560,2,08-06-2025
Frontend Developer,Capgemini,Jaipur,Software Development,1126508,4,09-01-2025
Python Developer,Cognizant,Pune,Cloud,794439,3,22-09-2025
Frontend Developer,Oracle,Delhi,Analytics,621566,3,04-01-2025
Full Stack Developer,Infosys,Pune,DevOps,1544162,5,28-02-2025
Cloud Engineer,IBM,Kolkata,Analytics,471421,2,19-03-2025
Machine Learning Engineer,Google,Chennai,AI,476591,2,10-12-2024
Data Analyst,Infosys,Remote,AI,646627,3,06-04-2024
Cloud Engineer,Microsoft,Hyderabad,AI,1283597,5,10-08-2024
Data Analyst,TCS,Bangalore,Software Development,863422,3,26-10-2025
AI Engineer,Amazon,Ahmedabad,Analytics,1472248,5,12-12-2024
Full Stack Developer,Capgemini,Noida,Data Science,410848,2,16-01-2025
Frontend Developer,Deloitte,Delhi,AI,442319,2,06-03-2025
Data Scientist,Oracle,Ahmedabad,Data Science,1003502,4,14-01-2024
Machine Learning Engineer,TCS,Delhi,Analytics,387985,1,13-06-2025
AI Engineer,Zoho,Kolkata,Software Development,1528881,5,07-02-2024
Data Analyst,Capgemini,Remote,DevOps,1506432,5,29-02-2024
Backend Developer,Deloitte,Pune,Data Science,952260,4,02-11-2025
Full Stack Developer,Cognizant,Delhi,AI,481392,2,14-10-2024
Business Analyst,Zoho,Kolkata,DevOps,637837,3,03-06-2025
Data Scientist,Zoho,Pune,Analytics,1468069,5,13-11-2024
Cloud Engineer,Oracle,Remote,Data Science,317622,1,23-07-2025
DevOps Engineer,IBM,Remote,Analytics,1585789,5,31-07-2024
AI Engineer,Zoho,Bangalore,Web Development,403637,2,17-07-2024
Machine Learning Engineer,Google,Bangalore,AI,455724,2,22-12-2024
Backend Developer,Tech Mahindra,Chennai,Software Development,1192748,4,28-04-2024
Software Developer,Accenture,Mumbai,Data Science,1158536,4,14-04-2025
Cloud Engineer,IBM,Jaipur,Analytics,843786,3,08-01-2025
DevOps Engineer,Capgemini,Noida,DevOps,271493,1,16-07-2025
Backend Developer,IBM,Chennai,Web Development,559573,2,31-12-2025
Data Analyst,Deloitte,Gurgaon,Software Development,974890,4,05-08-2024
Cloud Engineer,Zoho,Noida,AI,1380855,5,18-12-2025
AI Engineer,Deloitte,Remote,Cloud,307182,1,14-03-2025
DevOps Engineer,HCLTech,Mumbai,DevOps,1195770,4,12-07-2024
Data Scientist,Oracle,Ahmedabad,AI,1291624,5,24-02-2024
Software Developer,Capgemini,Bangalore,Cloud,1197412,4,20-06-2024
Machine Learning Engineer,IBM,Mumbai,DevOps,336060,1,07-12-2024
AI Engineer,Microsoft,Hyderabad,Software Development,476368,2,17-02-2025
Python Developer,Accenture,Remote,DevOps,955058,4,18-01-2025
Cloud Engineer,Zoho,Delhi,Cloud,1159142,4,15-08-2024
Business Analyst,TCS,Kolkata,Data Science,377570,1,12-01-2025
Software Developer,Infosys,Mumbai,Cloud,259526,1,27-07-2024
Software Developer,Deloitte,Noida,AI,770259,3,03-02-2025
Cloud Engineer,Google,Delhi,Web Development,1049839,4,07-12-2025
Data Analyst,Tech Mahindra,Mumbai,Web Development,1173485,4,26-09-2025
Backend Developer,IBM,Kolkata,AI,757539,3,21-12-2024
Machine Learning Engineer,Infosys,Bangalore,Data Science,1564712,5,19-01-2024
Full Stack Developer,IBM,Chennai,Web Development,1078778,4,04-02-2025
Data Analyst,Zoho,Remote,Software Development,790214,3,29-06-2024
Backend Developer,Google,Delhi,Software Development,1073547,4,24-10-2024
Software Developer,TCS,Ahmedabad,Data Science,275130,1,07-10-2024
Backend Developer,Accenture,Ahmedabad,Web Development,847484,3,22-08-2025
Software Developer,Amazon,Mumbai,Web Development,1597367,5,16-07-2025
Software Developer,Microsoft,Jaipur,Analytics,1272176,5,17-08-2025
Cloud Engineer,Oracle,Ahmedabad,AI,904613,4,07-09-2024
Cloud Engineer,Amazon,Hyderabad,Software Development,393956,1,16-02-2025
Python Developer,HCLTech,Kolkata,Analytics,787867,3,23-05-2025
Frontend Developer,Tech Mahindra,Gurgaon,Data Science,957401,4,29-06-2024
Machine Learning Engineer,Amazon,Bangalore,Data Science,1116591,4,31-07-2024
Data Scientist,Tech Mahindra,Jaipur,Cloud,449554,2,11-10-2025
Cloud Engineer,Deloitte,Noida,Software Development,339002,1,06-02-2025
Machine Learning Engineer,Oracle,Gurgaon,Data Science,1351357,5,16-01-2025
Software Developer,Cognizant,Kolkata,DevOps,1146639,4,23-12-2024
Machine Learning Engineer,Oracle,Kolkata,Software Development,1147343,4,24-12-2024
Data Analyst,Cognizant,Bangalore,Analytics,882390,3,15-01-2025
Python Developer,Accenture,Noida,DevOps,378023,1,04-03-2025
DevOps Engineer,Deloitte,Delhi,Web Development,385317,1,19-11-2024
Data Scientist,IBM,Remote,Web Development,704730,3,01-04-2025
Data Analyst,Deloitte,Pune,Analytics,881814,3,03-08-2024
Backend Developer,HCLTech,Kolkata,Software Development,520777,2,15-05-2024
Backend Developer,TCS,Mumbai,AI,284355,1,20-01-2025
Data Analyst,IBM,Hyderabad,DevOps,1561415,5,03-10-2025
Data Analyst,Amazon,Gurgaon,DevOps,784339,3,11-07-2024
Business Analyst,Amazon,Chennai,Web Development,1067781,4,05-09-2024
Frontend Developer,IBM,Mumbai,Data Science,756952,3,01-03-2025
Backend Developer,HCLTech,Noida,Analytics,643709,3,08-03-2025
Python Developer,Cognizant,Kolkata,Web Development,697098,3,07-08-2025
Backend Developer,Zoho,Chennai,Web Development,331845,1,06-08-2024
Python Developer,Capgemini,Remote,Analytics,837980,3,21-08-2025
Software Developer,HCLTech,Remote,Web Development,1343853,5,14-05-2025
Python Developer,Zoho,Bangalore,DevOps,368207,1,18-11-2025
Python Developer,Microsoft,Hyderabad,Cloud,507645,2,27-09-2025
AI Engineer,Google,Pune,Cloud,720136,3,09-05-2024
Business Analyst,IBM,Jaipur,DevOps,360282,1,15-01-2024
Full Stack Developer,Deloitte,Hyderabad,Analytics,823167,3,17-10-2024
AI Engineer,Wipro,Kolkata,Analytics,403054,2,04-08-2025
Frontend Developer,Oracle,Noida,Analytics,490522,2,04-07-2024
Python Developer,Cognizant,Bangalore,Software Development,557666,2,31-12-2024
Backend Developer,Capgemini,Remote,Web Development,466951,2,07-12-2024
Data Analyst,Capgemini,Ahmedabad,Web Development,297481,1,31-07-2025
Python Developer,Microsoft,Remote,DevOps,1401209,5,24-11-2024
Frontend Developer,HCLTech,Mumbai,Data Science,907329,4,09-03-2025
Business Analyst,Zoho,Bangalore,Web Development,1208959,5,24-06-2024
AI Engineer,Cognizant,Bangalore,Data Science,760660,3,21-08-2024
Business Analyst,HCLTech,Noida,AI,1103034,4,18-10-2024
Full Stack Developer,Oracle,Kolkata,Analytics,629985,3,07-05-2025
DevOps Engineer,Google,Gurgaon,Data Science,1292170,5,12-11-2025
Data Scientist,Infosys,Chennai,Web Development,1202287,5,19-06-2025
Python Developer,Infosys,Jaipur,AI,509741,2,15-11-2024
Data Analyst,Wipro,Delhi,Software Development,1108689,4,03-11-2024
Full Stack Developer,Wipro,Jaipur,Cloud,257085,1,03-09-2024
Backend Developer,Zoho,Jaipur,DevOps,207061,1,23-09-2024
Python Developer,Accenture,Remote,Cloud,923206,4,23-11-2024
Python Developer,Wipro,Remote,Cloud,1166398,4,08-12-2024
AI Engineer,Amazon,Pune,Analytics,800781,3,05-05-2024
Software Developer,Amazon,Jaipur,Cloud,1118354,4,25-12-2025
Full Stack Developer,Deloitte,Mumbai,Data Science,760022,3,25-01-2025
Data Scientist,Zoho,Jaipur,Web Development,559332,2,09-06-2024
Data Analyst,Microsoft,Chennai,Data Science,846710,3,07-03-2025
AI Engineer,Tech Mahindra,Jaipur,DevOps,305172,1,02-09-2025
Cloud Engineer,Deloitte,Chennai,Cloud,619991,3,28-11-2024
Backend Developer,Wipro,Hyderabad,DevOps,831299,3,18-09-2024
Python Developer,Zoho,Mumbai,Web Development,587595,2,13-01-2024
Machine Learning Engineer,IBM,Noida,DevOps,471498,2,12-03-2025
Software Developer,Accenture,Hyderabad,Software Development,1536106,5,26-06-2025
Machine Learning Engineer,IBM,Kolkata,AI,942766,4,20-09-2025
Frontend Developer,IBM,Kolkata,Web Development,1036179,4,24-05-2024
Business Analyst,TCS,Gurgaon,AI,744310,3,01-08-2025
Data Scientist,HCLTech,Pune,AI,602781,3,26-11-2025
Python Developer,Amazon,Mumbai,AI,675762,3,16-10-2024
Full Stack Developer,Zoho,Noida,Analytics,1055620,4,20-10-2024
Machine Learning Engineer,Capgemini,Remote,Web Development,771136,3,04-07-2025
Business Analyst,Deloitte,Bangalore,AI,745098,3,02-01-2025
Data Analyst,Wipro,Chennai,DevOps,637214,3,31-07-2025
Software Developer,Deloitte,Delhi,Software Development,496919,2,04-07-2025
Machine Learning Engineer,Accenture,Mumbai,AI,1534912,5,14-02-2024
Business Analyst,Deloitte,Delhi,Analytics,240860,1,09-06-2025
Software Developer,TCS,Bangalore,Analytics,1291223,5,17-05-2024
Data Analyst,IBM,Ahmedabad,Web Development,648866,3,06-01-2024
Cloud Engineer,Capgemini,Remote,DevOps,394181,1,28-08-2025
DevOps Engineer,Capgemini,Mumbai,Analytics,873619,3,27-11-2025
Cloud Engineer,Capgemini,Delhi,Cloud,538618,2,25-09-2024
Business Analyst,Microsoft,Remote,Cloud,606103,3,09-07-2025
Software Developer,HCLTech,Noida,Cloud,1201602,5,14-11-2025
DevOps Engineer,Amazon,Noida,AI,1144038,4,24-04-2025
Frontend Developer,Cognizant,Pune,Data Science,349297,1,03-11-2025
Full Stack Developer,Google,Gurgaon,DevOps,834044,3,05-02-2024
Full Stack Developer,TCS,Delhi,Web Development,443693,2,14-04-2024
Data Analyst,Deloitte,Delhi,Cloud,1095831,4,02-05-2025
DevOps Engineer,Amazon,Gurgaon,Data Science,500551,2,24-05-2025
Business Analyst,Amazon,Ahmedabad,Analytics,1192133,4,13-06-2025
Data Scientist,IBM,Bangalore,Software Development,1189232,4,06-03-2024
Full Stack Developer,Wipro,Mumbai,Software Development,1171840,4,10-01-2025
Frontend Developer,Wipro,Remote,DevOps,1184150,4,21-09-2024
Business Analyst,Wipro,Chennai,Data Science,1475089,5,28-04-2024
Backend Developer,Deloitte,Jaipur,Cloud,1299985,5,16-03-2024
Software Developer,Microsoft,Kolkata,Data Science,1308549,5,15-07-2025
Data Scientist,Infosys,Jaipur,Software Development,1040543,4,21-10-2025
Software Developer,Oracle,Bangalore,DevOps,650153,3,28-09-2025
Machine Learning Engineer,Accenture,Chennai,Data Science,784848,3,15-10-2024
Cloud Engineer,TCS,Chennai,Cloud,1422684,5,06-09-2024
Machine Learning Engineer,Capgemini,Chennai,Analytics,887554,3,20-02-2024
Business Analyst,Deloitte,Gurgaon,Data Science,1082161,4,06-04-2025
Software Developer,Wipro,Hyderabad,Analytics,426232,2,23-04-2024
Machine Learning Engineer,Google,Mumbai,Cloud,1599469,5,24-12-2024
Backend Developer,Microsoft,Kolkata,Data Science,385874,1,13-02-2025
Business Analyst,Oracle,Remote,DevOps,379662,1,09-10-2025
Business Analyst,Deloitte,Remote,Analytics,734453,3,19-06-2024
Data Scientist,Oracle,Jaipur,Data Science,1507213,5,24-03-2025
Cloud Engineer,Wipro,Mumbai,Web Development,424843,2,14-04-2024
Python Developer,Google,Mumbai,Cloud,1247866,5,27-04-2024
DevOps Engineer,Wipro,Gurgaon,AI,786262,3,24-01-2025
Machine Learning Engineer,Deloitte,Delhi,DevOps,894288,3,30-11-2024
Data Analyst,Amazon,Ahmedabad,Software Development,776603,3,05-10-2024
DevOps Engineer,Infosys,Mumbai,Software Development,1465294,5,23-10-2024
AI Engineer,Microsoft,Jaipur,Data Science,1009211,4,11-06-2025
Business Analyst,Cognizant,Kolkata,Software Development,1160087,4,24-05-2025
AI Engineer,Oracle,Jaipur,DevOps,1308508,5,03-12-2025
Python Developer,Capgemini,Gurgaon,Analytics,361903,1,28-04-2025
Backend Developer,Capgemini,Mumbai,Web Development,915283,4,28-04-2024
Cloud Engineer,Amazon,Delhi,Cloud,500077,2,24-04-2025
DevOps Engineer,Amazon,Noida,Web Development,339578,1,27-01-2024
Business Analyst,Oracle,Bangalore,Data Science,841939,3,12-11-2025
Cloud Engineer,Infosys,Bangalore,AI,1468522,5,19-09-2024
DevOps Engineer,Microsoft,Hyderabad,Software Development,1392956,5,28-10-2025
Full Stack Developer,Tech Mahindra,Hyderabad,Analytics,278159,1,16-02-2024
Full Stack Developer,Google,Hyderabad,AI,779734,3,06-04-2024
DevOps Engineer,Infosys,Delhi,AI,229045,1,21-10-2024
Cloud Engineer,Cognizant,Gurgaon,Data Science,249428,1,30-05-2024
DevOps Engineer,Zoho,Chennai,Data Science,282516,1,03-03-2025
Software Developer,Capgemini,Chennai,DevOps,228607,1,01-02-2024
Frontend Developer,Tech Mahindra,Jaipur,Web Development,445886,2,27-08-2024
Full Stack Developer,TCS,Jaipur,AI,592422,2,01-09-2025
Software Developer,Cognizant,Chennai,Web Development,704864,3,01-06-2025
Data Analyst,Infosys,Hyderabad,AI,593419,2,09-06-2024
Python Developer,Microsoft,Hyderabad,Software Development,284419,1,13-07-2024
DevOps Engineer,Accenture,Mumbai,AI,670378,3,27-12-2025
AI Engineer,Wipro,Mumbai,Cloud,306693,1,24-06-2025
Full Stack Developer,Wipro,Bangalore,Analytics,1079121,4,02-08-2024
Backend Developer,Infosys,Remote,Software Development,458302,2,20-04-2024
Software Developer,Tech Mahindra,Jaipur,Web Development,464511,2,12-06-2025
Machine Learning Engineer,Infosys,Pune,Data Science,1233030,5,04-08-2025
Full Stack Developer,Wipro,Jaipur,Web Development,405579,2,13-07-2025
DevOps Engineer,Google,Delhi,Cloud,237923,1,12-01-2025
AI Engineer,Google,Hyderabad,AI,1458442,5,21-04-2025
Cloud Engineer,HCLTech,Ahmedabad,Analytics,403689,2,26-08-2025
Python Developer,Cognizant,Gurgaon,Data Science,1264236,5,05-03-2025
Business Analyst,HCLTech,Ahmedabad,Software Development,370580,1,02-08-2025
Data Scientist,Tech Mahindra,Mumbai,AI,998858,4,08-06-2025
Backend Developer,Microsoft,Delhi,DevOps,1394136,5,07-04-2025
Python Developer,Tech Mahindra,Ahmedabad,Web Development,1001346,4,18-12-2025
Cloud Engineer,IBM,Chennai,DevOps,636183,3,30-01-2024
DevOps Engineer,Microsoft,Noida,Cloud,485261,2,26-03-2024
Business Analyst,HCLTech,Remote,Analytics,870521,3,30-03-2025
Frontend Developer,Cognizant,Remote,Cloud,1076063,4,12-10-2024
Python Developer,Wipro,Kolkata,Software Development,229114,1,28-11-2024
Cloud Engineer,Deloitte,Bangalore,Web Development,1085270,4,17-01-2025
Full Stack Developer,Infosys,Delhi,Cloud,1348171,5,27-01-2025
AI Engineer,Deloitte,Hyderabad,Analytics,591467,2,07-01-2024
AI Engineer,Accenture,Mumbai,Web Development,890654,3,03-10-2024
Full Stack Developer,HCLTech,Gurgaon,Software Development,262497,1,17-06-2024
DevOps Engineer,Amazon,Mumbai,Software Development,916926,4,16-12-2024
Backend Developer,Microsoft,Hyderabad,Analytics,1587643,5,22-08-2025
AI Engineer,IBM,Chennai,Software Development,1560261,5,07-05-2024
Machine Learning Engineer,HCLTech,Mumbai,Web Development,1428536,5,28-05-2025
AI Engineer,Cognizant,Kolkata,Cloud,719527,3,20-12-2025
Python Developer,HCLTech,Pune,Web Development,739555,3,05-02-2025
Python Developer,Cognizant,Mumbai,Web Development,783075,3,28-06-2024
Software Developer,Microsoft,Mumbai,Software Development,773987,3,22-08-2024
Python Developer,Capgemini,Pune,AI,1087582,4,31-12-2024
Business Analyst,TCS,Hyderabad,Cloud,1091867,4,01-02-2025
Software Developer,Accenture,Ahmedabad,Data Science,661406,3,12-05-2024
Data Analyst,TCS,Delhi,Software Development,582981,2,26-10-2024
Python Developer,Capgemini,Hyderabad,AI,251647,1,16-10-2025
Machine Learning Engineer,Infosys,Ahmedabad,AI,1575388,5,03-03-2024
Data Analyst,Cognizant,Pune,DevOps,721206,3,18-02-2025
Cloud Engineer,Infosys,Pune,Data Science,509101,2,08-06-2025
Business Analyst,Microsoft,Noida,AI,375539,1,07-08-2024
Software Developer,IBM,Delhi,Cloud,277484,1,22-07-2024
DevOps Engineer,Oracle,Jaipur,Software Development,251627,1,16-03-2024
Business Analyst,Oracle,Jaipur,Web Development,637602,3,22-10-2025
Backend Developer,IBM,Kolkata,Analytics,1240092,5,31-12-2025
Python Developer,Microsoft,Chennai,Data Science,709005,3,12-01-2025
Full Stack Developer,Oracle,Ahmedabad,Web Development,1168628,4,22-12-2024
Machine Learning Engineer,Oracle,Kolkata,Data Science,1035709,4,25-07-2024
Frontend Developer,Wipro,Remote,Software Development,408056,2,14-11-2025
Backend Developer,IBM,Hyderabad,Software Development,388394,1,02-11-2024
AI Engineer,Cognizant,Mumbai,Data Science,432454,2,30-04-2024
Data Analyst,Amazon,Bangalore,Web Development,961128,4,30-10-2025
Python Developer,Amazon,Gurgaon,DevOps,1058076,4,21-12-2025
Business Analyst,Google,Bangalore,DevOps,303189,1,29-02-2024
Cloud Engineer,HCLTech,Ahmedabad,Software Development,498457,2,03-08-2024
Backend Developer,Cognizant,Noida,Cloud,320672,1,07-03-2025
Machine Learning Engineer,Google,Ahmedabad,Software Development,1085835,4,02-07-2024
AI Engineer,Zoho,Gurgaon,Web Development,361604,1,10-04-2024
Software Developer,IBM,Noida,Software Development,1373668,5,08-01-2024
Machine Learning Engineer,TCS,Noida,Cloud,480011,2,31-03-2024
Frontend Developer,HCLTech,Kolkata,Cloud,1225925,5,02-12-2024
Software Developer,Zoho,Gurgaon,Software Development,675647,3,06-01-2024
Cloud Engineer,Infosys,Remote,Analytics,1440306,5,23-04-2024
DevOps Engineer,Deloitte,Bangalore,Web Development,877583,3,08-03-2024
Full Stack Developer,Wipro,Hyderabad,AI,679114,3,21-05-2025
Cloud Engineer,IBM,Pune,Analytics,814404,3,01-11-2025
Full Stack Developer,Wipro,Ahmedabad,DevOps,437683,2,15-01-2024
Python Developer,Capgemini,Mumbai,Software Development,406668,2,26-08-2024
Python Developer,Accenture,Mumbai,Cloud,385025,1,20-03-2024
Frontend Developer,Deloitte,Mumbai,AI,932243,4,30-12-2024
Data Analyst,Wipro,Mumbai,Analytics,420175,2,02-06-2024
Machine Learning Engineer,IBM,Noida,Data Science,781722,3,27-11-2025
AI Engineer,Zoho,Mumbai,Data Science,335421,1,24-04-2024
Cloud Engineer,HCLTech,Jaipur,Web Development,451226,2,10-02-2025
Backend Developer,Zoho,Jaipur,Web Development,1259598,5,27-11-2025
Python Developer,Zoho,Pune,AI,723873,3,20-03-2025
Software Developer,Amazon,Delhi,Cloud,452922,2,28-10-2025
Data Analyst,HCLTech,Gurgaon,Web Development,331556,1,16-12-2024
AI Engineer,Accenture,Remote,DevOps,990843,4,14-02-2024
Data Scientist,Amazon,Ahmedabad,Cloud,790095,3,20-03-2024
DevOps Engineer,IBM,Kolkata,AI,303693,1,12-11-2025
Machine Learning Engineer,Amazon,Pune,Web Development,1427120,5,10-03-2024
Full Stack Developer,HCLTech,Gurgaon,Web Development,200636,1,23-10-2024
AI Engineer,Cognizant,Hyderabad,Data Science,418235,2,08-10-2024
Full Stack Developer,HCLTech,Mumbai,DevOps,609854,3,20-09-2025
Data Scientist,Tech Mahindra,Jaipur,Analytics,1287688,5,30-04-2024
Full Stack Developer,TCS,Remote,Data Science,975194,4,15-07-2025
Cloud Engineer,Microsoft,Kolkata,Data Science,1251954,5,22-03-2024
DevOps Engineer,Google,Jaipur,AI,1069073,4,30-12-2024
Data Scientist,Amazon,Hyderabad,Software Development,1103096,4,09-08-2024
DevOps Engineer,Tech Mahindra,Pune,Analytics,298526,1,14-02-2025
Data Analyst,HCLTech,Pune,Web Development,274451,1,26-11-2025
Machine Learning Engineer,Accenture,Jaipur,Web Development,803321,3,02-10-2024
Cloud Engineer,Zoho,Mumbai,Cloud,345533,1,16-11-2025
Business Analyst,Microsoft,Ahmedabad,AI,803023,3,14-05-2025
AI Engineer,Google,Gurgaon,AI,1023943,4,22-07-2025
Cloud Engineer,Infosys,Pune,DevOps,323230,1,15-08-2024
Cloud Engineer,TCS,Chennai,Data Science,769665,3,17-01-2024
DevOps Engineer,Capgemini,Bangalore,DevOps,652767,3,11-07-2024
Frontend Developer,Microsoft,Mumbai,Analytics,1371208,5,16-11-2024
Machine Learning Engineer,Microsoft,Ahmedabad,Software Development,800319,3,07-12-2024
Machine Learning Engineer,Capgemini,Delhi,Web Development,893565,3,05-09-2024
Python Developer,IBM,Gurgaon,Software Development,839481,3,25-04-2024
Data Scientist,Microsoft,Noida,AI,1278283,5,07-12-2025
Software Developer,HCLTech,Jaipur,DevOps,1132253,4,10-05-2025
Machine Learning Engineer,Infosys,Remote,Analytics,658665,3,10-12-2025
AI Engineer,Amazon,Pune,Data Science,1533663,5,12-03-2024
Full Stack Developer,IBM,Mumbai,Web Development,589813,2,03-04-2024
Python Developer,Google,Mumbai,Data Science,837591,3,19-06-2025
Business Analyst,Capgemini,Jaipur,Cloud,1007819,4,07-11-2025
Backend Developer,TCS,Kolkata,AI,823955,3,03-06-2025
Business Analyst,Oracle,Chennai,DevOps,856167,3,29-02-2024
Data Scientist,Oracle,Kolkata,Data Science,609046,3,26-09-2024
Data Scientist,Google,Ahmedabad,Software Development,670075,3,30-12-2024
Software Developer,TCS,Hyderabad,Cloud,901176,4,01-09-2024
Business Analyst,IBM,Remote,DevOps,383048,1,15-11-2025
Data Scientist,Zoho,Delhi,DevOps,599404,2,09-06-2025
DevOps Engineer,Google,Jaipur,Data Science,1276503,5,22-07-2025
Full Stack Developer,Amazon,Ahmedabad,Cloud,1161876,4,11-12-2025
Data Scientist,HCLTech,Mumbai,Analytics,913610,4,22-06-2024
Machine Learning Engineer,Deloitte,Hyderabad,AI,528853,2,06-12-2024
Cloud Engineer,Infosys,Gurgaon,Analytics,873579,3,14-07-2025
Data Analyst,Accenture,Kolkata,Data Science,688463,3,27-06-2025
Full Stack Developer,Oracle,Delhi,Analytics,1330394,5,26-02-2024
Python Developer,Cognizant,Remote,AI,287485,1,31-07-2025
Python Developer,Microsoft,Hyderabad,Data Science,891110,3,11-10-2024
Software Developer,Capgemini,Hyderabad,DevOps,1519192,5,30-12-2024
DevOps Engineer,HCLTech,Remote,Software Development,222578,1,25-07-2025
Python Developer,Google,Remote,AI,381075,1,11-05-2025
Cloud Engineer,Google,Kolkata,Analytics,1597274,5,14-10-2024
Machine Learning Engineer,Capgemini,Kolkata,Web Development,394523,1,06-11-2024
Machine Learning Engineer,Tech Mahindra,Gurgaon,Cloud,698490,3,27-09-2025
AI Engineer,Zoho,Remote,Analytics,620762,3,09-12-2024
Business Analyst,Deloitte,Hyderabad,Analytics,1020398,4,05-11-2025
Full Stack Developer,Amazon,Noida,DevOps,753407,3,13-08-2024
Backend Developer,Deloitte,Kolkata,Data Science,751076,3,20-12-2024
Cloud Engineer,Wipro,Ahmedabad,AI,235880,1,07-02-2024
Full Stack Developer,Oracle,Noida,DevOps,247242,1,14-05-2025
Full Stack Developer,Cognizant,Mumbai,AI,965368,4,19-04-2025
Data Scientist,IBM,Gurgaon,Cloud,1134778,4,01-06-2024
Software Developer,Tech Mahindra,Ahmedabad,Software Development,1557962,5,27-12-2025
Data Scientist,Microsoft,Chennai,Analytics,753839,3,14-06-2024
Machine Learning Engineer,Cognizant,Bangalore,DevOps,1526216,5,24-06-2025
Data Analyst,TCS,Pune,Data Science,537250,2,20-09-2024
Full Stack Developer,Google,Ahmedabad,DevOps,999851,4,21-08-2024
Machine Learning Engineer,Amazon,Kolkata,Analytics,556452,2,21-02-2025
Full Stack Developer,TCS,Gurgaon,Web Development,1243261,5,03-09-2024
Data Scientist,Google,Noida,AI,1408974,5,17-06-2024
Python Developer,Infosys,Remote,Cloud,1169924,4,12-02-2024
Software Developer,Microsoft,Delhi,Web Development,1559941,5,06-11-2025
Cloud Engineer,Tech Mahindra,Remote,Web Development,1599618,5,10-10-2024
Software Developer,Oracle,Kolkata,Data Science,1278086,5,01-05-2025
DevOps Engineer,HCLTech,Gurgaon,Data Science,364900,1,30-03-2025
Cloud Engineer,IBM,Gurgaon,DevOps,820145,3,23-06-2024
Software Developer,Amazon,Gurgaon,Web Development,288170,1,07-03-2024
Full Stack Developer,Oracle,Pune,Software Development,741590,3,01-10-2024
Frontend Developer,Cognizant,Chennai,Web Development,367460,1,16-11-2024
Data Analyst,Wipro,Bangalore,Software Development,1542002,5,15-08-2024
Backend Developer,Deloitte,Chennai,Data Science,977412,4,20-09-2025
Full Stack Developer,Cognizant,Gurgaon,AI,1441888,5,12-10-2024
Frontend Developer,TCS,Ahmedabad,Software Development,746405,3,02-05-2024
Data Analyst,Google,Pune,Data Science,439447,2,04-07-2025
AI Engineer,Microsoft,Noida,Web Development,570625,2,19-01-2025
Frontend Developer,Tech Mahindra,Gurgaon,Web Development,495651,2,15-08-2024
Backend Developer,Infosys,Hyderabad,Cloud,1258211,5,18-02-2024
Machine Learning Engineer,Oracle,Bangalore,Analytics,481641,2,14-01-2025
Frontend Developer,Oracle,Delhi,DevOps,1389945,5,02-05-2024
Python Developer,Cognizant,Remote,AI,225905,1,19-12-2024
Business Analyst,Infosys,Mumbai,Software Development,461603,2,30-09-2024
Software Developer,Deloitte,Kolkata,Web Development,1170355,4,24-09-2025
Business Analyst,Accenture,Pune,Web Development,1013072,4,14-06-2024
Business Analyst,Accenture,Mumbai,DevOps,976575,4,19-12-2024
Python Developer,Tech Mahindra,Delhi,Cloud,208045,1,10-10-2025
Business Analyst,Amazon,Jaipur,Web Development,593303,2,27-02-2025
Full Stack Developer,Zoho,Gurgaon,Software Development,633731,3,13-05-2025
Full Stack Developer,Wipro,Mumbai,DevOps,228797,1,06-12-2025
Backend Developer,Tech Mahindra,Jaipur,AI,246028,1,10-08-2024
Machine Learning Engineer,Capgemini,Delhi,Software Development,861734,3,30-03-2025
Machine Learning Engineer,Cognizant,Remote,AI,1149349,4,21-03-2025
Business Analyst,Google,Chennai,Web Development,598005,2,27-06-2025
Python Developer,Wipro,Mumbai,Web Development,1081625,4,28-09-2025
DevOps Engineer,Infosys,Mumbai,Analytics,226890,1,15-06-2025
Python Developer,Zoho,Gurgaon,Analytics,1561785,5,04-03-2025
Cloud Engineer,Infosys,Delhi,Cloud,1209383,5,28-09-2025
DevOps Engineer,IBM,Chennai,Analytics,256956,1,25-11-2024
Frontend Developer,Accenture,Pune,DevOps,630372,3,30-11-2025
Data Analyst,Deloitte,Chennai,Data Science,744427,3,24-04-2024
Full Stack Developer,HCLTech,Ahmedabad,Software Development,1580780,5,02-06-2025
Software Developer,Capgemini,Delhi,Software Development,325258,1,25-10-2024
Data Analyst,Microsoft,Noida,Cloud,827447,3,18-11-2025
Software Developer,HCLTech,Pune,Data Science,636606,3,21-11-2024
Full Stack Developer,Tech Mahindra,Delhi,DevOps,789536,3,09-06-2025
Data Scientist,Wipro,Bangalore,DevOps,713836,3,09-08-2025
Software Developer,TCS,Kolkata,DevOps,1087490,4,04-10-2025
AI Engineer,Accenture,Chennai,Data Science,1514348,5,29-12-2025
Business Analyst,HCLTech,Delhi,Cloud,1392744,5,31-01-2024
Cloud Engineer,Wipro,Ahmedabad,Data Science,530897,2,07-08-2025
Machine Learning Engineer,IBM,Pune,DevOps,1526588,5,23-12-2025
Cloud Engineer,Tech Mahindra,Pune,Data Science,969696,4,19-06-2025
AI Engineer,Tech Mahindra,Delhi,DevOps,488493,2,28-10-2024
Machine Learning Engineer,Amazon,Hyderabad,Analytics,824037,3,04-06-2025
Python Developer,Wipro,Chennai,Cloud,258907,1,01-03-2024
Data Analyst,Capgemini,Mumbai,Cloud,518373,2,13-11-2024
Backend Developer,Capgemini,Delhi,Data Science,1109551,4,28-12-2025
AI Engineer,Zoho,Kolkata,Web Development,823048,3,28-12-2024
DevOps Engineer,TCS,Pune,Data Science,849927,3,18-12-2025
DevOps Engineer,Wipro,Bangalore,AI,386453,1,26-11-2025
AI Engineer,Infosys,Gurgaon,Analytics,522677,2,01-01-2026
Machine Learning Engineer,Deloitte,Mumbai,AI,1540529,5,08-08-2025
Frontend Developer,Infosys,Mumbai,Data Science,1119015,4,29-08-2025
DevOps Engineer,Wipro,Hyderabad,DevOps,955635,4,30-04-2024
Machine Learning Engineer,Google,Pune,Cloud,275786,1,21-12-2025
AI Engineer,TCS,Kolkata,Software Development,630089,3,25-11-2024
DevOps Engineer,Zoho,Noida,Analytics,718677,3,17-01-2025
AI Engineer,Microsoft,Ahmedabad,AI,241357,1,29-07-2024
DevOps Engineer,Microsoft,Chennai,Web Development,921716,4,16-02-2025
Data Scientist,TCS,Ahmedabad,Data Science,302841,1,25-08-2024
Python Developer,Deloitte,Ahmedabad,Data Science,430888,2,19-09-2025
Backend Developer,Amazon,Kolkata,DevOps,1421782,5,28-02-2025
AI Engineer,Capgemini,Hyderabad,AI,1057951,4,24-05-2024
Data Analyst,Zoho,Kolkata,Analytics,1586080,5,30-09-2024
Machine Learning Engineer,Tech Mahindra,Kolkata,DevOps,569584,2,19-10-2024
Python Developer,Google,Bangalore,Software Development,1128198,4,11-12-2025
Python Developer,TCS,Remote,Software Development,837712,3,03-04-2025
Python Developer,Deloitte,Mumbai,Analytics,737814,3,30-06-2024
AI Engineer,Zoho,Delhi,Software Development,1232675,5,23-07-2025
Full Stack Developer,Amazon,Chennai,DevOps,725018,3,27-05-2025
Data Analyst,Wipro,Noida,AI,491664,2,03-05-2025
Frontend Developer,Capgemini,Remote,DevOps,630564,3,08-10-2024
Machine Learning Engineer,Accenture,Pune,Software Development,1098299,4,20-10-2025
Cloud Engineer,Oracle,Delhi,DevOps,656268,3,03-11-2025
Software Developer,Google,Delhi,Analytics,483288,2,11-12-2024
Data Analyst,Tech Mahindra,Mumbai,Cloud,519951,2,22-07-2025
Cloud Engineer,Cognizant,Noida,Web Development,224255,1,06-05-2024
Software Developer,Microsoft,Gurgaon,Web Development,953263,4,15-02-2025
DevOps Engineer,IBM,Pune,Analytics,1061441,4,04-10-2024
Software Developer,Microsoft,Kolkata,AI,1575458,5,29-06-2024
Cloud Engineer,Oracle,Delhi,Software Development,215592,1,28-09-2024
AI Engineer,Tech Mahindra,Delhi,Analytics,1348076,5,11-08-2025
Backend Developer,Zoho,Delhi,Software Development,513475,2,04-05-2024
Data Scientist,Amazon,Ahmedabad,Web Development,633642,3,30-06-2024
Cloud Engineer,Oracle,Jaipur,Data Science,1401564,5,03-02-2024
Full Stack Developer,Accenture,Jaipur,Analytics,978541,4,25-12-2024
Python Developer,Amazon,Gurgaon,Data Science,592420,2,19-12-2024
Software Developer,Zoho,Hyderabad,Cloud,451400,2,27-06-2025
Data Scientist,Infosys,Ahmedabad,Cloud,1010875,4,16-03-2025
Backend Developer,Accenture,Pune,Analytics,376182,1,25-10-2025
Python Developer,Cognizant,Bangalore,Web Development,846632,3,29-08-2025
Backend Developer,Capgemini,Pune,DevOps,249820,1,29-03-2024
Business Analyst,Google,Chennai,DevOps,814678,3,19-07-2025
Full Stack Developer,Microsoft,Chennai,DevOps,915843,4,23-12-2025
Machine Learning Engineer,Amazon,Bangalore,Web Development,209171,1,02-09-2024
Full Stack Developer,Microsoft,Hyderabad,Cloud,811756,3,05-02-2024
Machine Learning Engineer,TCS,Hyderabad,Analytics,1222757,5,03-11-2024
Python Developer,Amazon,Hyderabad,Cloud,546241,2,02-05-2025
AI Engineer,Amazon,Gurgaon,DevOps,1596912,5,01-08-2025
Cloud Engineer,TCS,Jaipur,Data Science,1135272,4,30-03-2025
Business Analyst,Zoho,Pune,Web Development,1313457,5,10-08-2025
Full Stack Developer,TCS,Hyderabad,AI,584867,2,03-05-2025
Machine Learning Engineer,Oracle,Pune,Analytics,1004056,4,22-09-2025
Software Developer,Oracle,Kolkata,AI,325772,1,01-09-2025
Business Analyst,Capgemini,Remote,Data Science,333350,1,07-12-2025
Python Developer,Infosys,Gurgaon,DevOps,719365,3,21-09-2025
Data Scientist,HCLTech,Delhi,Analytics,305986,1,26-04-2024
Full Stack Developer,Capgemini,Gurgaon,Cloud,642558,3,01-06-2024
AI Engineer,Wipro,Pune,AI,238775,1,16-08-2024
Frontend Developer,Accenture,Ahmedabad,AI,931531,4,22-08-2025
Business Analyst,Capgemini,Bangalore,Data Science,553739,2,16-03-2024
Cloud Engineer,Google,Kolkata,AI,269779,1,24-12-2024
Data Scientist,Amazon,Mumbai,Web Development,936229,4,29-12-2025
Software Developer,Capgemini,Chennai,Software Development,777383,3,13-04-2025
AI Engineer,Oracle,Noida,AI,434176,2,01-07-2025
Python Developer,Infosys,Kolkata,Web Development,695643,3,07-10-2025
Software Developer,Google,Noida,Cloud,1596079,5,04-12-2025
Machine Learning Engineer,TCS,Noida,Analytics,1519590,5,18-11-2024
Data Scientist,Capgemini,Remote,Data Science,367273,1,15-08-2025
DevOps Engineer,Oracle,Gurgaon,Data Science,413747,2,18-04-2025
Python Developer,Accenture,Noida,DevOps,1505974,5,02-07-2024
DevOps Engineer,Zoho,Remote,Data Science,697667,3,05-11-2024
AI Engineer,Infosys,Pune,Cloud,740942,3,10-07-2025
DevOps Engineer,Microsoft,Pune,Analytics,782071,3,11-06-2025
Cloud Engineer,Wipro,Noida,Software Development,1180983,4,05-06-2025
Frontend Developer,HCLTech,Pune,Web Development,608460,3,26-12-2024
Machine Learning Engineer,Zoho,Chennai,DevOps,296875,1,01-08-2024
Data Scientist,Capgemini,Noida,DevOps,1041128,4,21-04-2025
Machine Learning Engineer,Accenture,Ahmedabad,Data Science,966754,4,16-05-2024
Business Analyst,IBM,Remote,DevOps,443733,2,04-10-2024
Data Scientist,Cognizant,Noida,Data Science,547688,2,08-09-2024
Full Stack Developer,Google,Pune,Software Development,1412762,5,22-06-2025
Full Stack Developer,Tech Mahindra,Remote,Data Science,349821,1,13-08-2025
Frontend Developer,Oracle,Noida,AI,605306,3,20-10-2024
Cloud Engineer,Wipro,Jaipur,Data Science,1073630,4,29-08-2024
Data Scientist,Deloitte,Gurgaon,Data Science,804409,3,02-06-2025
Cloud Engineer,IBM,Noida,Software Development,271386,1,19-11-2025
Data Analyst,Wipro,Hyderabad,DevOps,543782,2,24-08-2025
Machine Learning Engineer,Tech Mahindra,Ahmedabad,DevOps,1267546,5,08-01-2025
Python Developer,HCLTech,Kolkata,Software Development,362140,1,23-09-2024
Machine Learning Engineer,Wipro,Noida,AI,613874,3,21-12-2025
Backend Developer,Wipro,Chennai,AI,1026057,4,18-09-2024
AI Engineer,Zoho,Ahmedabad,Cloud,496857,2,16-12-2025
Software Developer,IBM,Jaipur,Analytics,687499,3,25-09-2024
Software Developer,HCLTech,Noida,DevOps,811268,3,28-07-2025
Python Developer,TCS,Gurgaon,Cloud,455238,2,07-04-2025
Backend Developer,Amazon,Jaipur,Web Development,282851,1,28-03-2025
AI Engineer,TCS,Mumbai,DevOps,548361,2,16-05-2025
Full Stack Developer,Oracle,Kolkata,AI,1182667,4,14-10-2024
Data Analyst,Microsoft,Pune,Web Development,994317,4,25-10-2024
Cloud Engineer,Deloitte,Noida,Cloud,852457,3,23-02-2024
Data Analyst,Google,Hyderabad,Software Development,322846,1,08-12-2025
Cloud Engineer,Wipro,Pune,Analytics,1541315,5,03-12-2024
Data Scientist,Google,Jaipur,Analytics,467809,2,01-10-2025
Data Scientist,Zoho,Pune,Software Development,1235626,5,26-03-2024
Data Scientist,IBM,Mumbai,AI,269801,1,01-09-2025
DevOps Engineer,Deloitte,Ahmedabad,DevOps,981946,4,05-05-2024
AI Engineer,HCLTech,Gurgaon,Cloud,954053,4,17-07-2024
Data Analyst,Accenture,Chennai,Software Development,1021098,4,31-07-2024
Frontend Developer,TCS,Remote,Data Science,1371893,5,11-01-2024
Data Scientist,HCLTech,Pune,Software Development,1034853,4,27-04-2025
Python Developer,Cognizant,Delhi,Data Science,231802,1,14-02-2025
Frontend Developer,Google,Chennai,AI,1119315,4,01-12-2024
Backend Developer,Microsoft,Kolkata,AI,1292909,5,12-10-2025
Backend Developer,Accenture,Mumbai,DevOps,901532,4,17-01-2024
Cloud Engineer,Tech Mahindra,Kolkata,Web Development,563255,2,25-02-2025
Cloud Engineer,IBM,Chennai,Cloud,775801,3,12-02-2024
Full Stack Developer,Deloitte,Remote,Web Development,1089196,4,02-02-2024
AI Engineer,Amazon,Remote,AI,928810,4,10-01-2024
Cloud Engineer,Amazon,Mumbai,Cloud,1572854,5,15-02-2025
Python Developer,Amazon,Chennai,Data Science,267345,1,19-10-2024
Backend Developer,Amazon,Gurgaon,DevOps,1042636,4,27-07-2024
Frontend Developer,Microsoft,Chennai,Cloud,488432,2,27-02-2024
Cloud Engineer,Capgemini,Kolkata,Software Development,1124368,4,23-06-2025
Data Analyst,Cognizant,Ahmedabad,Web Development,1250186,5,29-01-2025
DevOps Engineer,Microsoft,Jaipur,AI,462748,2,03-11-2024
Full Stack Developer,HCLTech,Delhi,Software Development,1138678,4,04-12-2024
Machine Learning Engineer,Capgemini,Bangalore,Analytics,371991,1,10-10-2025
Business Analyst,TCS,Noida,Data Science,239900,1,24-03-2024
AI Engineer,Cognizant,Hyderabad,Cloud,327876,1,04-09-2024
DevOps Engineer,Accenture,Noida,Cloud,934820,4,14-05-2025
Business Analyst,IBM,Kolkata,Analytics,264773,1,11-03-2025
Data Analyst,Cognizant,Bangalore,Analytics,1461148,5,19-09-2025
Data Scientist,TCS,Bangalore,Data Science,511332,2,06-05-2024
Backend Developer,Tech Mahindra,Remote,AI,1193311,4,10-04-2024
Python Developer,Microsoft,Jaipur,Analytics,583954,2,10-08-2024
Business Analyst,Microsoft,Hyderabad,Cloud,1270976,5,28-10-2025
Data Scientist,Wipro,Mumbai,DevOps,598519,2,01-01-2026
AI Engineer,IBM,Remote,Web Development,332648,1,06-02-2025
Data Analyst,Cognizant,Kolkata,Software Development,619923,3,21-05-2024
Frontend Developer,Accenture,Jaipur,AI,1240737,5,09-01-2024
DevOps Engineer,Amazon,Mumbai,Cloud,1063738,4,30-09-2025
Data Analyst,Cognizant,Gurgaon,Web Development,511245,2,29-03-2024
Backend Developer,Capgemini,Pune,DevOps,1144520,4,03-11-2024
Python Developer,IBM,Hyderabad,DevOps,520158,2,10-05-2024
Machine Learning Engineer,Microsoft,Kolkata,DevOps,255636,1,12-10-2024
Business Analyst,Deloitte,Jaipur,Data Science,247816,1,23-01-2024
Backend Developer,Wipro,Hyderabad,Web Development,231844,1,28-04-2025
Data Analyst,Infosys,Mumbai,AI,308443,1,17-07-2025
Full Stack Developer,Microsoft,Hyderabad,Cloud,1050526,4,15-03-2025
Machine Learning Engineer,Tech Mahindra,Pune,Web Development,238628,1,08-07-2024
Software Developer,Infosys,Noida,DevOps,502486,2,24-09-2024
Machine Learning Engineer,Google,Mumbai,Data Science,213287,1,02-12-2024
Frontend Developer,Oracle,Hyderabad,DevOps,638099,3,10-07-2025
Machine Learning Engineer,Capgemini,Pune,DevOps,424408,2,17-11-2024
AI Engineer,Oracle,Mumbai,Web Development,841464,3,08-03-2025
DevOps Engineer,Tech Mahindra,Mumbai,Data Science,545858,2,30-08-2024
Backend Developer,Oracle,Chennai,Analytics,532013,2,19-11-2024
Data Scientist,Amazon,Gurgaon,Web Development,295343,1,19-07-2025
Frontend Developer,Capgemini,Remote,AI,1411113,5,27-01-2024
Cloud Engineer,Accenture,Delhi,Analytics,835435,3,31-01-2024
Software Developer,Zoho,Bangalore,Web Development,635711,3,25-12-2025
Software Developer,IBM,Jaipur,Cloud,599859,2,07-06-2025
AI Engineer,Oracle,Remote,Web Development,1533779,5,23-01-2025
Backend Developer,Infosys,Delhi,Web Development,1409909,5,12-11-2025
Data Analyst,Deloitte,Chennai,Software Development,1133628,4,11-01-2025
Data Scientist,HCLTech,Gurgaon,Software Development,1174021,4,23-08-2024
Cloud Engineer,Cognizant,Noida,Web Development,1261071,5,15-08-2024
AI Engineer,Accenture,Chennai,Software Development,1166623,4,11-07-2024
Python Developer,TCS,Gurgaon,DevOps,1250388,5,26-08-2024
Python Developer,HCLTech,Noida,AI,561237,2,21-11-2024
Full Stack Developer,Google,Ahmedabad,Analytics,1193883,4,27-06-2024
Full Stack Developer,Accenture,Pune,Data Science,950066,4,20-05-2025
Machine Learning Engineer,Wipro,Ahmedabad,Web Development,218133,1,28-05-2025
Software Developer,Amazon,Mumbai,AI,689069,3,19-09-2024
Full Stack Developer,Capgemini,Mumbai,Data Science,759116,3,22-01-2024
Data Scientist,Wipro,Hyderabad,DevOps,607005,3,21-04-2024
AI Engineer,IBM,Pune,Analytics,405795,2,04-07-2024
Machine Learning Engineer,HCLTech,Kolkata,Software Development,1074512,4,26-06-2024
Business Analyst,Accenture,Noida,DevOps,327048,1,09-10-2025
Data Analyst,Accenture,Gurgaon,Data Science,219339,1,09-04-2024
Full Stack Developer,Deloitte,Noida,Cloud,1170591,4,21-07-2024
Cloud Engineer,Capgemini,Pune,DevOps,925904,4,13-03-2024
AI Engineer,Zoho,Delhi,Analytics,453270,2,27-02-2025
Data Analyst,Google,Jaipur,Web Development,844103,3,11-11-2025
DevOps Engineer,Cognizant,Ahmedabad,DevOps,579533,2,03-01-2024
Data Scientist,Infosys,Bangalore,Cloud,487458,2,23-12-2025
Software Developer,Accenture,Jaipur,Data Science,509299,2,10-06-2024
Backend Developer,Google,Remote,Data Science,1000698,4,12-03-2024
Business Analyst,IBM,Hyderabad,AI,941763,4,29-08-2025
DevOps Engineer,Infosys,Noida,Web Development,530310,2,15-12-2024
Data Scientist,HCLTech,Gurgaon,Analytics,727573,3,13-07-2025
Data Scientist,Amazon,Pune,DevOps,460296,2,01-11-2025
Cloud Engineer,Tech Mahindra,Chennai,Software Development,712339,3,20-08-2024
Data Analyst,Google,Chennai,Software Development,269547,1,28-03-2024
Software Developer,Google,Jaipur,Cloud,1391734,5,18-07-2025
Full Stack Developer,Zoho,Bangalore,DevOps,688853,3,21-12-2024
Data Analyst,IBM,Bangalore,Web Development,716328,3,01-09-2025
Cloud Engineer,Zoho,Kolkata,Data Science,310069,1,30-10-2025
Full Stack Developer,Oracle,Kolkata,AI,1149476,4,21-09-2024
Data Analyst,Accenture,Remote,Analytics,315442,1,24-11-2024
AI Engineer,IBM,Gurgaon,Cloud,424629,2,18-09-2024
Python Developer,TCS,Remote,Analytics,447458,2,03-05-2024
Python Developer,TCS,Bangalore,DevOps,438494,2,04-07-2024
Data Scientist,Wipro,Noida,Analytics,947086,4,09-09-2025
Cloud Engineer,Oracle,Pune,Data Science,1495622,5,08-03-2025
Frontend Developer,IBM,Remote,Analytics,464936,2,30-04-2024
Data Analyst,Oracle,Bangalore,Data Science,914410,4,27-10-2025
Data Scientist,Microsoft,Noida,Web Development,514581,2,10-11-2025
Backend Developer,Cognizant,Ahmedabad,Data Science,445384,2,26-04-2024
Cloud Engineer,IBM,Pune,AI,1423465,5,31-12-2024
Machine Learning Engineer,Tech Mahindra,Delhi,AI,1347566,5,26-06-2024
Frontend Developer,Cognizant,Kolkata,DevOps,920668,4,18-06-2025
Python Developer,Wipro,Chennai,Analytics,613392,3,28-03-2024
Frontend Developer,Wipro,Noida,Web Development,595126,2,02-06-2025
Data Analyst,Amazon,Kolkata,Cloud,1053127,4,25-09-2025
AI Engineer,Tech Mahindra,Noida,Data Science,962774,4,07-11-2025
Business Analyst,Wipro,Noida,DevOps,1492249,5,30-01-2024
Backend Developer,Amazon,Ahmedabad,DevOps,282095,1,15-10-2025
Data Scientist,Oracle,Remote,Software Development,1484213,5,30-10-2024
Business Analyst,Microsoft,Chennai,DevOps,1170760,4,18-06-2025
Data Analyst,HCLTech,Remote,Analytics,866893,3,14-02-2024
Backend Developer,Deloitte,Jaipur,Cloud,662939,3,22-10-2025
Software Developer,Oracle,Delhi,AI,1299613,5,12-04-2024
Full Stack Developer,Capgemini,Pune,AI,361025,1,04-03-2025
Python Developer,Wipro,Kolkata,AI,1143877,4,09-12-2024
Full Stack Developer,Accenture,Bangalore,Web Development,1063493,4,16-11-2024
AI Engineer,Deloitte,Hyderabad,Web Development,747862,3,15-11-2024
Python Developer,Accenture,Chennai,DevOps,1343280,5,17-01-2024
Python Developer,Wipro,Jaipur,Software Development,1455440,5,11-08-2025
Machine Learning Engineer,Infosys,Remote,Web Development,1453089,5,21-06-2024
Business Analyst,Oracle,Pune,Web Development,1505766,5,16-06-2025
Cloud Engineer,IBM,Jaipur,Data Science,748165,3,28-02-2025
Python Developer,IBM,Mumbai,DevOps,225452,1,28-10-2025
Frontend Developer,Capgemini,Delhi,Software Development,846342,3,12-03-2025
Machine Learning Engineer,Microsoft,Pune,AI,1595795,5,15-03-2024
Machine Learning Engineer,Infosys,Jaipur,Software Development,919292,4,09-02-2025
Data Analyst,Capgemini,Gurgaon,Software Development,552130,2,02-10-2025
AI Engineer,Zoho,Delhi,AI,816754,3,31-05-2025
Frontend Developer,Amazon,Remote,DevOps,329301,1,20-09-2025
Business Analyst,Oracle,Delhi,Web Development,1489500,5,18-10-2025
AI Engineer,Google,Hyderabad,Data Science,926868,4,14-11-2025
Software Developer,Google,Pune,DevOps,295735,1,26-11-2024
Software Developer,Capgemini,Jaipur,Web Development,839204,3,01-12-2024
Data Analyst,Google,Ahmedabad,AI,1406210,5,25-07-2024
Frontend Developer,Deloitte,Kolkata,DevOps,636669,3,07-07-2024
Software Developer,Zoho,Jaipur,Web Development,432575,2,29-04-2024
Software Developer,Capgemini,Kolkata,Analytics,977162,4,18-05-2025
Full Stack Developer,Microsoft,Gurgaon,Data Science,500932,2,27-08-2024
DevOps Engineer,Amazon,Ahmedabad,Data Science,479026,2,11-02-2025
Cloud Engineer,Oracle,Delhi,Software Development,1160514,4,01-06-2025
Software Developer,Cognizant,Delhi,Cloud,437944,2,06-03-2024
Frontend Developer,Deloitte,Noida,Web Development,263291,1,22-01-2024
Data Analyst,Tech Mahindra,Remote,Data Science,221545,1,28-03-2024
DevOps Engineer,Microsoft,Gurgaon,DevOps,240866,1,11-12-2024
Python Developer,Infosys,Chennai,Cloud,336474,1,06-08-2025
Business Analyst,Capgemini,Chennai,Data Science,321156,1,15-01-2024
Python Developer,HCLTech,Ahmedabad,AI,1247176,5,25-11-2024
AI Engineer,Accenture,Ahmedabad,Software Development,1151943,4,28-02-2024
Cloud Engineer,Amazon,Bangalore,Data Science,1367975,5,24-07-2025
Frontend Developer,Microsoft,Bangalore,AI,965507,4,05-01-2024
AI Engineer,Cognizant,Bangalore,Cloud,780720,3,29-11-2025
Full Stack Developer,Oracle,Chennai,Cloud,633505,3,02-02-2024
Python Developer,Cognizant,Kolkata,Data Science,1497417,5,12-10-2024
Backend Developer,Deloitte,Gurgaon,DevOps,1404519,5,14-12-2025
Data Scientist,IBM,Jaipur,DevOps,536852,2,09-03-2024
AI Engineer,TCS,Jaipur,Data Science,959322,4,13-03-2024
Business Analyst,Microsoft,Noida,Analytics,560174,2,20-08-2024
Business Analyst,Capgemini,Jaipur,Analytics,651205,3,25-06-2025
Data Analyst,TCS,Remote,Web Development,562031,2,19-07-2024
DevOps Engineer,Wipro,Kolkata,Data Science,456608,2,19-05-2025
Backend Developer,Amazon,Delhi,Cloud,719055,3,10-01-2025
Data Scientist,Google,Remote,Cloud,1506805,5,27-11-2025
Cloud Engineer,Google,Remote,Software Development,569331,2,02-05-2024
Data Scientist,Amazon,Jaipur,Analytics,967488,4,14-04-2025
Frontend Developer,Deloitte,Kolkata,Data Science,309055,1,02-08-2024
Backend Developer,Google,Remote,DevOps,1594959,5,14-09-2025
DevOps Engineer,HCLTech,Bangalore,AI,634120,3,14-07-2025
Machine Learning Engineer,Wipro,Delhi,DevOps,285782,1,06-02-2024
Cloud Engineer,Oracle,Gurgaon,Analytics,510846,2,14-05-2025
Data Scientist,Tech Mahindra,Gurgaon,AI,1144224,4,31-12-2025
Data Scientist,Oracle,Mumbai,Data Science,266743,1,26-08-2024
Data Scientist,Google,Delhi,Analytics,1409330,5,30-12-2024
Software Developer,Cognizant,Noida,DevOps,392512,1,20-10-2025
Software Developer,Wipro,Jaipur,Web Development,711991,3,17-07-2024
Data Analyst,Microsoft,Kolkata,Cloud,673299,3,12-01-2024
Cloud Engineer,Google,Chennai,Data Science,1255114,5,19-05-2025
Python Developer,Zoho,Jaipur,Analytics,565987,2,10-07-2024
Data Analyst,Infosys,Kolkata,Cloud,258804,1,01-02-2025
Full Stack Developer,HCLTech,Delhi,DevOps,873889,3,09-04-2024
Data Scientist,IBM,Ahmedabad,Cloud,1000721,4,15-07-2025
DevOps Engineer,HCLTech,Noida,Software Development,568062,2,23-09-2025
Business Analyst,Oracle,Remote,Data Science,1156520,4,21-05-2025
Software Developer,HCLTech,Noida,Software Development,644189,3,27-11-2024
Backend Developer,Microsoft,Pune,Software Development,834121,3,28-05-2025
Business Analyst,Cognizant,Ahmedabad,Web Development,820262,3,08-02-2025
Data Analyst,Amazon,Kolkata,Software Development,783138,3,02-07-2025
DevOps Engineer,IBM,Ahmedabad,Web Development,859516,3,22-11-2025
Software Developer,Deloitte,Kolkata,Cloud,866010,3,08-06-2024
Backend Developer,IBM,Remote,Software Development,1283849,5,07-02-2025
Cloud Engineer,Cognizant,Gurgaon,Software Development,687459,3,05-04-2025
Backend Developer,Google,Kolkata,Data Science,292306,1,10-12-2024
Machine Learning Engineer,HCLTech,Hyderabad,DevOps,540638,2,15-12-2024
DevOps Engineer,Zoho,Delhi,Analytics,1103642,4,17-05-2024
DevOps Engineer,Wipro,Hyderabad,Software Development,724496,3,23-09-2024
Frontend Developer,Infosys,Kolkata,Data Science,849530,3,03-09-2025
Data Scientist,TCS,Noida,AI,953445,4,07-06-2025
Machine Learning Engineer,Capgemini,Gurgaon,Software Development,222411,1,27-04-2024
Business Analyst,Amazon,Mumbai,Cloud,813674,3,31-01-2025
Business Analyst,IBM,Hyderabad,Cloud,872289,3,27-05-2025
Frontend Developer,HCLTech,Remote,Web Development,1144869,4,07-01-2024
Data Analyst,Google,Delhi,Analytics,973401,4,02-10-2025
Full Stack Developer,HCLTech,Mumbai,Data Science,1050628,4,09-07-2025
AI Engineer,IBM,Noida,Analytics,490543,2,07-05-2024
Data Scientist,Cognizant,Jaipur,AI,1152581,4,17-06-2024
Python Developer,HCLTech,Gurgaon,AI,932911,4,01-10-2025
DevOps Engineer,Capgemini,Jaipur,Analytics,793391,3,02-10-2024
AI Engineer,Accenture,Noida,Data Science,244351,1,15-05-2024
Backend Developer,Accenture,Gurgaon,AI,1308889,5,25-01-2024
Cloud Engineer,Oracle,Remote,Web Development,1446964,5,03-01-2025
Python Developer,Capgemini,Gurgaon,Software Development,971338,4,12-06-2025
Python Developer,Amazon,Ahmedabad,Cloud,1376792,5,12-04-2024
Software Developer,Microsoft,Ahmedabad,Software Development,331518,1,26-12-2025
DevOps Engineer,Tech Mahindra,Gurgaon,AI,321151,1,22-12-2025
Machine Learning Engineer,Oracle,Pune,DevOps,721935,3,05-01-2024
DevOps Engineer,TCS,Ahmedabad,Data Science,698768,3,29-04-2024
Backend Developer,Cognizant,Noida,Software Development,837188,3,23-01-2024
Backend Developer,Microsoft,Hyderabad,Cloud,889519,3,26-02-2024
Data Analyst,Wipro,Remote,Cloud,276233,1,02-12-2025
Cloud Engineer,Accenture,Ahmedabad,Data Science,1100460,4,05-09-2025
Machine Learning Engineer,IBM,Hyderabad,Cloud,1516638,5,19-10-2025
DevOps Engineer,Wipro,Kolkata,Web Development,1072083,4,06-03-2025
Full Stack Developer,Microsoft,Remote,Software Development,817181,3,12-08-2024
Backend Developer,Wipro,Remote,Cloud,777165,3,26-02-2024
Frontend Developer,Google,Noida,AI,456110,2,15-01-2024
Machine Learning Engineer,Amazon,Chennai,Web Development,669537,3,15-03-2024
Frontend Developer,Google,Chennai,Analytics,300001,1,21-01-2025
Machine Learning Engineer,HCLTech,Kolkata,Cloud,229332,1,19-03-2024
Machine Learning Engineer,Tech Mahindra,Noida,AI,255114,1,04-08-2024
Full Stack Developer,TCS,Gurgaon,Data Science,1150299,4,28-09-2025
Software Developer,Cognizant,Pune,Web Development,1555488,5,06-05-2025
Data Scientist,Deloitte,Kolkata,Software Development,637454,3,23-05-2025
Cloud Engineer,Wipro,Hyderabad,Software Development,597327,2,20-10-2024
Backend Developer,Google,Pune,Analytics,531313,2,26-07-2024
Machine Learning Engineer,Deloitte,Noida,Software Development,285698,1,27-04-2025
Machine Learning Engineer,Deloitte,Gurgaon,Data Science,298070,1,09-12-2025
Machine Learning Engineer,Deloitte,Gurgaon,Analytics,1194552,4,30-11-2025
Frontend Developer,Microsoft,Remote,Data Science,578270,2,01-05-2025
Business Analyst,TCS,Jaipur,DevOps,715290,3,01-03-2025
Cloud Engineer,Google,Chennai,AI,829092,3,15-08-2024
DevOps Engineer,Wipro,Hyderabad,Software Development,834555,3,28-01-2024
Data Scientist,Amazon,Chennai,DevOps,504139,2,30-07-2024
Full Stack Developer,Accenture,Mumbai,Analytics,595882,2,29-10-2024
Frontend Developer,Oracle,Noida,Web Development,300409,1,02-10-2024
Backend Developer,HCLTech,Delhi,Web Development,863434,3,01-08-2025
Data Analyst,TCS,Gurgaon,Software Development,1479623,5,09-10-2025
Machine Learning Engineer,Oracle,Gurgaon,Web Development,1450952,5,23-05-2024
Software Developer,Cognizant,Remote,Web Development,238779,1,16-02-2025
Full Stack Developer,HCLTech,Remote,AI,672167,3,16-12-2025
AI Engineer,Capgemini,Bangalore,Cloud,281955,1,17-07-2025
Backend Developer,Google,Mumbai,Software Development,447601,2,13-01-2025
DevOps Engineer,Google,Delhi,Web Development,450312,2,08-10-2025
Data Scientist,IBM,Mumbai,DevOps,656747,3,03-09-2025
AI Engineer,Accenture,Mumbai,DevOps,557419,2,03-04-2025
Full Stack Developer,Google,Hyderabad,Cloud,897547,3,16-08-2025
Python Developer,Tech Mahindra,Gurgaon,Cloud,1568000,5,02-05-2024
Full Stack Developer,Tech Mahindra,Pune,Web Development,727211,3,07-12-2025
Software Developer,Tech Mahindra,Remote,Data Science,792171,3,26-10-2025
Frontend Developer,Accenture,Hyderabad,Cloud,683893,3,25-07-2024
Python Developer,HCLTech,Noida,Software Development,388940,1,18-07-2024
DevOps Engineer,Google,Chennai,Software Development,407825,2,18-01-2025
Python Developer,Capgemini,Hyderabad,Web Development,740964,3,10-07-2024
Data Scientist,IBM,Mumbai,Software Development,1487073,5,13-03-2025
Business Analyst,Cognizant,Kolkata,DevOps,1381879,5,09-04-2025
Machine Learning Engineer,Deloitte,Jaipur,Data Science,1130908,4,26-02-2025
AI Engineer,Amazon,Remote,Cloud,452031,2,14-01-2024
DevOps Engineer,Accenture,Chennai,Analytics,502718,2,15-01-2025
Frontend Developer,Zoho,Gurgaon,Web Development,813135,3,12-11-2025
Backend Developer,Capgemini,Remote,Data Science,1153063,4,06-05-2025
Data Analyst,Deloitte,Noida,Software Development,772638,3,29-08-2024
Business Analyst,Accenture,Mumbai,DevOps,1476499,5,06-11-2025
AI Engineer,Amazon,Chennai,DevOps,249669,1,17-09-2025
Business Analyst,Microsoft,Ahmedabad,Data Science,345606,1,01-06-2025
Software Developer,Accenture,Kolkata,Software Development,1157986,4,21-10-2024
DevOps Engineer,Amazon,Jaipur,Software Development,307675,1,23-03-2025
Data Scientist,IBM,Chennai,Analytics,1451988,5,11-02-2025
AI Engineer,HCLTech,Remote,DevOps,767345,3,02-08-2025
Software Developer,HCLTech,Noida,DevOps,960500,4,09-02-2025
Python Developer,Cognizant,Kolkata,Analytics,749265,3,25-12-2024
Business Analyst,IBM,Mumbai,Web Development,694474,3,08-09-2025
Frontend Developer,Oracle,Mumbai,Analytics,1025929,4,22-09-2025
AI Engineer,Cognizant,Hyderabad,Data Science,1281315,5,16-10-2024
Machine Learning Engineer,Amazon,Bangalore,Data Science,1224222,5,30-04-2025
Machine Learning Engineer,Zoho,Remote,Analytics,1148681,4,11-01-2024
Data Scientist,HCLTech,Noida,Cloud,700131,3,26-11-2024
Backend Developer,Microsoft,Gurgaon,Analytics,874780,3,01-04-2024
Data Scientist,Google,Noida,Analytics,262279,1,14-02-2025
Python Developer,Zoho,Ahmedabad,Cloud,312127,1,20-12-2024
Full Stack Developer,Wipro,Hyderabad,Data Science,582308,2,09-06-2024
